time,x,y,z
2026-09-07T09:35:51.346000Z,0.1914258152246475,7.548757076263428,6.999604225158691
2026-09-07T09:35:52.417000Z,0.0640080049633979,6.747759819030762,6.534798622131348
2026-09-07T09:35:53.363000Z,0.0376869551837444,7.794021606445312,5.891129493713379
2026-09-07T09:35:54.373000Z,0.1668993830680847,7.875975608825684,5.96590518951416
2026-09-07T09:35:55.382000Z,0.238085851073265,7.7180495262146,5.8713884353637695
2026-09-07T09:35:56.394000Z,0.123828575015068,8.404789924621582,4.997410297393799
2026-09-07T09:35:57.400000Z,0.3308077156543731,8.014759063720703,5.675775527954102
2026-09-07T09:35:58.410000Z,0.2889333367347717,7.914260864257812,5.758327484130859
2026-09-07T09:35:59.417000Z,0.2763710021972656,7.8664045333862305,5.935994625091553
2026-09-07T09:36:00.426000Z,0.2333002090454101,7.832904815673828,5.917450428009033
2026-09-07T09:36:01.435000Z,0.2949153780937195,7.823333740234375,5.907280921936035
2026-09-07T09:36:02.442000Z,0.2650051116943359,7.846663475036621,5.763711452484131
2026-09-07T09:36:03.458000Z,0.1902294009923935,7.803592681884766,5.946762561798096
2026-09-07T09:36:04.460000Z,0.1998006850481033,7.813164234161377,5.92223596572876
2026-09-07T09:36:05.470000Z,0.123230367898941,7.798807144165039,5.932405471801758
2026-09-07T09:36:06.479000Z,0.1136590763926506,7.80837869644165,5.898906230926514
2026-09-07T09:36:07.485000Z,0.1902294009923935,7.779664516448975,5.91804838180542
2026-09-07T09:36:08.498000Z,0.0849452018737793,7.812565803527832,5.91804838180542
2026-09-07T09:36:09.488000Z,-1.1180464029312134,4.676173686981201,10.58824062347412
2026-09-07T09:36:10.498000Z,-0.0382851622998714,-0.2117647975683212,10.318449020385742
2026-09-07T09:36:11.509000Z,-0.0382851622998714,-0.1938186287879943,9.80100154876709
2026-09-07T09:36:12.516000Z,0.0562313310801982,0.2033899277448654,9.771689414978027
2026-09-07T09:36:13.525000Z,0.0370887517929077,0.1842473447322845,9.781859397888184
2026-09-07T09:36:14.532000Z,0.0418743975460529,0.1986042857170105,9.762118339538574
2026-09-07T09:36:15.541000Z,0.0275174602866172,0.2033899277448654,9.781859397888184
2026-09-07T09:36:16.551000Z,0.0323031060397625,0.1938186287879943,9.796216011047363
2026-09-07T09:36:17.557000Z,0.0323031060397625,0.2033899277448654,9.78126049041748
2026-09-07T09:36:18.569000Z,0.0370887517929077,0.2033899277448654,9.79083251953125
2026-09-07T09:36:19.576000Z,0.0323031060397625,0.2033899277448654,9.78126049041748
2026-09-07T09:36:20.585000Z,0.0370887517929077,0.2033899277448654,9.771689414978027
2026-09-07T09:36:21.595000Z,0.0370887517929077,0.1938186287879943,9.771689414978027
2026-09-07T09:36:22.601000Z,0.0275174602866172,0.2081755697727203,9.78126049041748
2026-09-07T09:36:23.610000Z,0.0275174602866172,0.1938186287879943,9.78126049041748
2026-09-07T09:36:24.621000Z,0.0275174602866172,0.1986042857170105,9.78126049041748
2026-09-07T09:36:25.628000Z,0.0275174602866172,0.1932204216718673,9.786046028137209
2026-09-07T09:36:26.636000Z,0.0323031060397625,0.1932204216718673,9.78126049041748
2026-09-07T09:36:27.648000Z,0.0317048989236354,0.1980060786008834,9.7669038772583
2026-09-07T09:36:28.655000Z,0.022731814533472,0.1980060786008834,9.776474952697754
2026-09-07T09:36:29.666000Z,0.022731814533472,0.1932204216718673,9.776474952697754
2026-09-07T09:36:30.675000Z,0.0029910283628851,0.1501496136188507,9.738788604736328
2026-09-07T09:36:31.690000Z,0.0221336092799901,0.2171486616134643,9.77109146118164
2026-09-07T09:36:32.705000Z,0.0412761904299259,0.2123630046844482,9.780662536621094
2026-09-07T09:36:33.715000Z,0.0364905446767807,0.2027917206287384,9.780662536621094
2026-09-07T09:36:34.720000Z,0.0364905446767807,0.2027917206287384,9.78544807434082
2026-09-07T09:36:35.718000Z,0.0412761904299259,0.1788634955883026,9.78126049041748
2026-09-07T09:36:36.724000Z,0.0173479635268449,0.2027917206287384,9.761520385742188
2026-09-07T09:36:37.734000Z,0.0364905446767807,0.1980060786008834,9.780662536621094
2026-09-07T09:36:38.743000Z,0.0221336092799901,0.1980060786008834,9.775876998901367
2026-09-07T09:36:39.756000Z,0.0364905446767807,0.1980060786008834,9.780662536621094
2026-09-07T09:36:40.760000Z,0.0317048989236354,0.1980060786008834,9.775876998901367
2026-09-07T09:36:41.771000Z,-5.258227825164795,0.8668000102043152,7.486543655395508
2026-09-07T09:36:42.795000Z,-0.364905446767807,8.00638484954834,5.883950710296631
2026-09-07T09:36:43.786000Z,-0.1591227054595947,6.541378974914551,7.220940589904785
2026-09-07T09:36:44.799000Z,-0.0693918541073799,7.076174736022949,6.749554634094238
2026-09-07T09:36:45.804000Z,-1.220937728881836,8.258827209472656,3.056232690811157
2026-09-07T09:36:46.835000Z,-0.122033953666687,8.048258781433105,5.277968406677246
2026-09-07T09:36:47.837000Z,-0.3732803463935852,7.810173034667969,5.9916276931762695
2026-09-07T09:36:48.852000Z,-1.1892328262329102,7.645666599273682,6.487540245056152
2026-09-07T09:36:49.860000Z,4.72582483291626,4.529015064239502,7.214360237121582
2026-09-07T09:36:50.848000Z,0.2871387302875519,7.287939548492432,6.6490559577941895
2026-09-07T09:36:51.857000Z,-0.0059820567257702,8.054241180419922,5.507081508636475
2026-09-07T09:36:52.867000Z,0.2901297509670257,7.521838188171387,6.468996047973633
2026-09-07T09:36:53.879000Z,0.576670229434967,7.839485168457031,4.968696117401123
2026-09-07T09:36:54.883000Z,0.7214360237121582,8.642276763916016,4.264009952545166
2026-09-07T09:36:55.894000Z,0.0592223592102527,8.397012710571289,4.836492538452148
2026-09-07T09:36:56.903000Z,0.1465603858232498,8.62612533569336,4.507479667663574
2026-09-07T09:36:57.912000Z,-0.1202393397688865,8.721240043640137,4.604389190673828
2026-09-07T09:36:58.918000Z,-0.1603191196918487,8.511270523071289,4.875376224517822
2026-09-07T09:36:59.930000Z,0.3792623877525329,8.489136695861816,4.886143684387207
2026-09-07T09:37:00.936000Z,0.2662015259265899,8.426922798156738,5.0356950759887695
2026-09-07T09:37:01.945000Z,0.3152543902397156,8.327022552490234,5.166104316711426
2026-09-07T09:37:02.953000Z,0.8368897438049316,8.194819450378418,5.374279499053955
2026-09-07T09:37:03.965000Z,0.8057830333709717,8.339585304260254,4.012763500213623
2026-09-07T09:37:04.971000Z,0.244067907333374,8.307282447814941,5.271986484527588
2026-09-07T09:37:05.980000Z,0.1597209125757217,8.416155815124512,4.916652202606201
2026-09-07T09:37:06.986000Z,0.4007977843284607,8.579465866088867,4.654638290405273
2026-09-07T09:37:07.997000Z,0.2871387302875519,8.654241561889648,4.271188259124756
2026-09-07T09:37:09.005000Z,0.0131605248898267,8.68774127960205,4.598406791687012
2026-09-07T09:37:10.016000Z,0.2721835672855377,8.778668403625488,4.25084924697876
2026-09-07T09:37:11.023000Z,0.9278169870376588,8.124231338500977,3.779463291168213
2026-09-07T09:37:12.031000Z,0.4402793645858764,8.669196128845215,4.346562385559082
2026-09-07T09:37:13.040000Z,0.6873382925987244,8.799007415771484,4.232903480529785
2026-09-07T09:37:14.051000Z,0.6352944374084473,8.82652473449707,3.7639100551605225
2026-09-07T09:37:15.058000Z,0.0897308513522148,9.077771186828612,3.606581926345825
2026-09-07T09:37:16.068000Z,0.1914258152246475,8.959924697875977,4.277768611907959
2026-09-07T09:37:17.088000Z,0.2829512655735016,8.535796165466309,4.866403102874756
2026-09-07T09:37:18.083000Z,-0.4109672904014587,9.217751502990724,4.729413986206055
2026-09-07T09:37:19.100000Z,0.123828575015068,8.85942554473877,4.183850288391113
2026-09-07T09:37:20.100000Z,0.108873426914215,8.745168685913086,4.640281200408936
2026-09-07T09:37:21.110000Z,-0.130408838391304,8.763712882995605,4.574478626251221
2026-09-07T09:37:22.117000Z,-0.0777667388319969,8.896514892578125,4.112663745880127
2026-09-07T09:37:23.128000Z,0.0610169768333435,8.8109712600708,4.112663745880127
2026-09-07T09:37:24.136000Z,-0.065802626311779,8.820542335510254,4.338187217712402
2026-09-07T09:37:25.146000Z,0.4468596279621124,8.402995109558105,5.00997257232666
2026-09-07T09:37:26.152000Z,0.0849452018737793,8.563314437866211,4.599005222320557
2026-09-07T09:37:27.170000Z,0.3020938634872436,8.459226608276367,4.8329033851623535
2026-09-07T09:37:28.170000Z,0.3409772217273712,8.455039024353027,4.957330226898193
2026-09-07T09:37:29.180000Z,0.3314059376716614,8.444869041442871,4.904688358306885
2026-09-07T09:37:30.188000Z,0.2985046207904815,8.46461009979248,5.000401020050049
2026-09-07T09:37:31.201000Z,0.2560320198535919,8.416753768920898,5.030311584472656
2026-09-07T09:37:32.229000Z,0.2937189936637878,8.37846851348877,5.006382942199707
2026-09-07T09:37:33.214000Z,0.2273181527853012,8.349156379699707,5.054837703704834
2026-09-07T09:37:34.221000Z,0.2524427771568298,8.325826644897461,5.155934810638428
2026-09-07T09:37:35.234000Z,0.2003988921642303,8.316255569458008,5.199005603790283
2026-09-07T09:37:36.242000Z,0.1872383654117584,8.292326927185059,5.347958564758301
2026-09-07T09:37:37.248000Z,-0.2243271172046661,6.867401123046875,8.135597229003906
2026-09-07T09:37:38.267000Z,-2.14516544342041,5.2013983726501465,6.978667259216309
2026-09-07T09:37:39.267000Z,-0.2410768866539001,5.894718647003174,7.652844905853271
2026-09-07T09:37:40.278000Z,-0.3864408433437347,5.8133625984191895,7.932805061340332
2026-09-07T09:37:41.284000Z,-0.5383850932121277,5.712265968322754,8.02074146270752
2026-09-07T09:37:42.294000Z,-0.5060819983482361,5.6931233406066895,7.901100158691406
2026-09-07T09:37:43.304000Z,-0.5539384484291077,5.583053588867188,7.859225749969482
2026-09-07T09:37:44.316000Z,-0.656829833984375,5.463412284851074,8.076972961425781
2026-09-07T09:37:45.319000Z,-0.760917603969574,5.381458282470703,8.145766258239746
2026-09-07T09:37:46.335000Z,-0.8422735929489136,5.343173027038574,8.14636516571045
2026-09-07T09:37:47.340000Z,-0.8745766878128052,5.314459323883057,8.21874713897705
2026-09-07T09:37:48.346000Z,-0.8847461938858032,5.289932727813721,8.133204460144043
2026-09-07T09:37:49.355000Z,-0.9798609018325806,5.261219024658203,8.224729537963867
2026-09-07T09:37:50.364000Z,-0.8656035661697388,5.285745143890381,8.156534194946289
2026-09-07T09:37:51.373000Z,-0.9038887619972228,5.280361175537109,8.171489715576172
2026-09-07T09:37:52.383000Z,-0.8368897438049316,5.271388053894043,8.170890808105469
2026-09-07T09:37:53.390000Z,-1.2023934125900269,5.0979084968566895,8.362317085266113
2026-09-07T09:37:54.401000Z,-0.9320043921470642,5.184648513793945,8.201399803161621
2026-09-07T09:37:55.405000Z,-0.7597211599349976,5.228915691375732,8.295317649841309
2026-09-07T09:37:56.415000Z,0.2667997181415558,5.3318071365356445,7.813164234161377
2026-09-07T09:37:57.424000Z,-0.3475574851036072,5.784648895263672,8.037490844726562
2026-09-07T09:37:58.433000Z,-0.0442672185599803,5.350949764251709,8.279764175415039
2026-09-07T09:37:59.444000Z,-5.804987907409668,1.8388842344284055,12.793824195861816
2026-09-07T09:38:00.451000Z,0.0023928226437419,0.1812563091516494,9.792028427124023
2026-09-07T09:38:01.461000Z,0.011365907266736,0.2003988921642303,9.777671813964844
2026-09-07T09:38:02.469000Z,0.011365907266736,0.1956132501363754,9.772886276245115
2026-09-07T09:38:03.479000Z,0.0065802624449133,0.1908276081085205,9.777671813964844
2026-09-07T09:38:04.484000Z,0.0065802624449133,0.1908276081085205,9.777671813964844
2026-09-07T09:38:05.497000Z,0.0065802624449133,0.2003988921642303,9.78245735168457
2026-09-07T09:38:06.503000Z,0.0017946169245988,0.1956132501363754,9.787242889404297
2026-09-07T09:38:07.515000Z,0.0161515530198812,0.2003988921642303,9.772886276245115
2026-09-07T09:38:08.524000Z,0.0065802624449133,0.1956132501363754,9.777671813964844
2026-09-07T09:38:09.531000Z,0.011365907266736,0.1908276081085205,9.777671813964844
2026-09-07T09:38:10.543000Z,0.011365907266736,0.1956132501363754,9.777671813964844
2026-09-07T09:38:11.548000Z,0.011365907266736,0.2051845490932464,9.781859397888184
2026-09-07T09:38:12.557000Z,0.0065802624449133,0.1908276081085205,9.772886276245115
2026-09-07T09:38:13.568000Z,0.0065802624449133,0.1908276081085205,9.78245735168457
2026-09-07T09:38:14.575000Z,0.011365907266736,0.2099701911211013,9.772287368774414
2026-09-07T09:38:15.583000Z,0.0065802624449133,0.1908276081085205,9.78245735168457
2026-09-07T09:38:16.595000Z,0.0065802624449133,0.1956132501363754,9.772287368774414
2026-09-07T09:38:17.600000Z,0.0065802624449133,0.1902294009923935,9.76271629333496
2026-09-07T09:38:18.610000Z,-0.0077766734175384,0.1998006850481033,9.805787086486816
2026-09-07T09:38:19.620000Z,0.011365907266736,0.1950150430202484,9.77707290649414
2026-09-07T09:38:20.631000Z,0.0017946169245988,0.1950150430202484,9.76271629333496
2026-09-07T09:38:21.636000Z,-0.0281156655400991,0.2237289100885391,9.66221809387207
2026-09-07T09:38:22.646000Z,0.0065802624449133,0.1950150430202484,9.772287368774414
2026-09-07T09:38:23.657000Z,0.0065802624449133,0.1950150430202484,9.78664493560791
2026-09-07T09:38:24.665000Z,0.0305084884166717,0.1998006850481033,9.78126049041748
2026-09-07T09:38:25.674000Z,0.0161515530198812,0.1950150430202484,9.791430473327637
2026-09-07T09:38:26.680000Z,0.0065802624449133,0.1950150430202484,9.78664493560791
2026-09-07T09:38:27.689000Z,0.0017946169245988,0.1998006850481033,9.77707290649414
2026-09-07T09:38:28.700000Z,0.0107677020132541,0.1950150430202484,9.76271629333496
2026-09-07T09:38:29.708000Z,-2.7978079319000244,2.9730820655822754,8.922237396240234
2026-09-07T09:38:50.842000Z,0.1734796464443206,8.056633949279785,5.42572546005249
2026-09-07T09:38:51.230000Z,0.1734796464443206,8.056633949279785,5.42572546005249
2026-09-07T09:38:51.852000Z,-0.1417747437953949,8.538188934326172,4.967499732971191
2026-09-07T09:38:52.238000Z,-0.1417747437953949,8.538188934326172,4.967499732971191
2026-09-07T09:38:52.862000Z,0.0317048989236354,8.337790489196777,5.092525005340576
2026-09-07T09:38:53.247000Z,0.0317048989236354,8.337790489196777,5.092525005340576
2026-09-07T09:38:53.871000Z,0.0041874395683407,8.237890243530273,5.242674350738525
2026-09-07T09:38:54.257000Z,0.0041874395683407,8.237890243530273,5.242674350738525
2026-09-07T09:38:54.878000Z,-0.0083748791366815,8.291130065917969,5.457430362701416
2026-09-07T09:38:55.267000Z,-0.0083748791366815,8.291130065917969,5.457430362701416
2026-09-07T09:38:55.887000Z,-0.2691925466060638,8.327022552490234,5.056632518768311
2026-09-07T09:38:56.273000Z,-0.2691925466060638,8.327022552490234,5.056632518768311
2026-09-07T09:38:56.896000Z,-0.1854437589645385,7.579265594482422,6.295516490936279
2026-09-07T09:38:57.285000Z,-0.1854437589645385,7.579265594482422,6.295516490936279
2026-09-07T09:38:57.906000Z,1.5409778356552124,7.896913051605225,4.632504463195801
2026-09-07T09:38:58.290000Z,1.5409778356552124,7.896913051605225,4.632504463195801
2026-09-07T09:38:58.912000Z,1.2532408237457275,7.372884750366211,5.971887111663818
2026-09-07T09:38:59.303000Z,1.2532408237457275,7.372884750366211,5.971887111663818
2026-09-07T09:38:59.925000Z,0.877567708492279,7.444071292877197,6.150750637054443
2026-09-07T09:39:00.312000Z,0.877567708492279,7.444071292877197,6.150750637054443
2026-09-07T09:39:00.933000Z,0.486939400434494,7.500302791595459,6.258427619934082
2026-09-07T09:39:01.318000Z,0.486939400434494,7.500302791595459,6.258427619934082
2026-09-07T09:39:01.942000Z,0.4612165689468384,7.39561653137207,6.537191390991211
2026-09-07T09:39:02.327000Z,0.4612165689468384,7.39561653137207,6.537191390991211
2026-09-07T09:39:02.952000Z,0.1052841991186142,7.828119277954102,5.773283004760742
2026-09-07T09:39:03.336000Z,0.1052841991186142,7.828119277954102,5.773283004760742
2026-09-07T09:39:03.961000Z,0.1914258152246475,7.861618995666504,5.791827201843262
2026-09-07T09:39:04.344000Z,0.1914258152246475,7.861618995666504,5.791827201843262
2026-09-07T09:39:04.967000Z,0.3397808074951172,7.852645874023437,5.843272686004639
2026-09-07T09:39:05.353000Z,0.3397808074951172,7.852645874023437,5.843272686004639
2026-09-07T09:39:05.977000Z,0.4875376224517822,7.963313579559326,5.855835437774658
2026-09-07T09:39:06.362000Z,0.4875376224517822,7.963313579559326,5.855835437774658
2026-09-07T09:39:06.986000Z,-0.0460618361830711,8.276175498962402,5.438885688781738
2026-09-07T09:39:07.372000Z,-0.0460618361830711,8.276175498962402,5.438885688781738
2026-09-07T09:39:07.995000Z,-0.8859425783157349,7.635497093200684,4.834099769592285
2026-09-07T09:39:08.385000Z,-0.8859425783157349,7.635497093200684,4.834099769592285
2026-09-07T09:39:09.003000Z,0.357128769159317,8.27258586883545,5.201996326446533
2026-09-07T09:39:09.391000Z,0.357128769159317,8.27258586883545,5.201996326446533
2026-09-07T09:39:10.015000Z,0.1351944804191589,8.167302131652832,5.425127029418945
2026-09-07T09:39:10.398000Z,0.1351944804191589,8.167302131652832,5.425127029418945
2026-09-07T09:39:11.020000Z,0.859621524810791,7.677371501922607,5.755934715270996
2026-09-07T09:39:11.406000Z,0.859621524810791,7.677371501922607,5.755934715270996
2026-09-07T09:39:12.029000Z,-5.224728107452393,3.626920938491821,11.384451866149902
2026-09-07T09:39:12.416000Z,-5.224728107452393,3.626920938491821,11.384451866149902
2026-09-07T09:39:13.040000Z,-1.6414763927459717,0.1794617027044296,9.597013473510742
2026-09-07T09:39:13.425000Z,-1.6414763927459717,0.1794617027044296,9.597013473510742
2026-09-07T09:39:14.048000Z,-0.0029910283628851,0.1423729509115219,9.792028427124023
2026-09-07T09:39:14.435000Z,-0.0029910283628851,0.1423729509115219,9.792028427124023
2026-09-07T09:39:15.059000Z,-0.0077766734175384,0.1423729509115219,9.787242889404297
2026-09-07T09:39:15.442000Z,-0.0077766734175384,0.1423729509115219,9.787242889404297
2026-09-07T09:39:16.066000Z,-0.0173479635268449,0.137587308883667,9.787840843200684
2026-09-07T09:39:16.454000Z,-0.0173479635268449,0.137587308883667,9.787840843200684
2026-09-07T09:39:17.073000Z,-0.0125623187050223,0.1429711580276489,9.79262638092041
2026-09-07T09:39:17.460000Z,-0.0125623187050223,0.1429711580276489,9.79262638092041
2026-09-07T09:39:18.082000Z,-0.0077766734175384,0.1477568000555038,9.783055305480955
2026-09-07T09:39:18.468000Z,-0.0077766734175384,0.1477568000555038,9.783055305480955
2026-09-07T09:39:19.089000Z,0.0017946169245988,0.1429711580276489,9.77826976776123
2026-09-07T09:39:19.480000Z,0.0017946169245988,0.1429711580276489,9.77826976776123
2026-09-07T09:39:20.100000Z,0.0017946169245988,0.1429711580276489,9.76391315460205
2026-09-07T09:39:20.488000Z,0.0017946169245988,0.1429711580276489,9.76391315460205
2026-09-07T09:39:21.108000Z,-0.0119641134515404,0.1381855010986328,9.783055305480955
2026-09-07T09:39:21.493000Z,-0.0119641134515404,0.1381855010986328,9.783055305480955
2026-09-07T09:39:22.120000Z,0.0017946169245988,0.1477568000555038,9.773484230041504
2026-09-07T09:39:22.503000Z,0.0017946169245988,0.1477568000555038,9.773484230041504
2026-09-07T09:39:23.124000Z,-0.0071784676983952,0.1381855010986328,9.787840843200684
2026-09-07T09:39:23.515000Z,-0.0071784676983952,0.1381855010986328,9.787840843200684
2026-09-07T09:39:24.140000Z,-0.0023928226437419,0.1477568000555038,9.787840843200684
2026-09-07T09:39:24.522000Z,-0.0023928226437419,0.1477568000555038,9.787840843200684
2026-09-07T09:39:25.146000Z,0.0023928226437419,0.1573280841112136,9.79262638092041
2026-09-07T09:39:25.530000Z,0.0023928226437419,0.1573280841112136,9.79262638092041
2026-09-07T09:39:26.152000Z,-0.0023928226437419,0.1525424420833587,9.77826976776123
2026-09-07T09:39:26.540000Z,-0.0023928226437419,0.1525424420833587,9.77826976776123
2026-09-07T09:39:27.161000Z,-0.0071784676983952,0.1381855010986328,9.769296646118164
2026-09-07T09:39:27.548000Z,-0.0071784676983952,0.1381855010986328,9.769296646118164
2026-09-07T09:39:28.171000Z,-0.0119641134515404,0.1429711580276489,9.793225288391112
2026-09-07T09:39:28.557000Z,-0.0119641134515404,0.1429711580276489,9.793225288391112
2026-09-07T09:39:29.179000Z,-0.0119641134515404,0.1333998590707779,9.783653259277344
2026-09-07T09:39:29.563000Z,-0.0119641134515404,0.1333998590707779,9.783653259277344
2026-09-07T09:39:30.187000Z,-0.0071784676983952,0.1483550071716308,9.802796363830566
2026-09-07T09:39:30.575000Z,-0.0071784676983952,0.1483550071716308,9.802796363830566
2026-09-07T09:39:31.195000Z,-0.0071784676983952,0.1483550071716308,9.783653259277344
2026-09-07T09:39:31.580000Z,-0.0071784676983952,0.1483550071716308,9.783653259277344
2026-09-07T09:39:32.202000Z,-0.0071784676983952,0.1531406491994857,9.793225288391112
2026-09-07T09:39:32.590000Z,-0.0071784676983952,0.1531406491994857,9.793225288391112
2026-09-07T09:39:33.211000Z,-0.0023928226437419,0.1429711580276489,9.769296646118164
2026-09-07T09:39:33.598000Z,-0.0023928226437419,0.1429711580276489,9.769296646118164
2026-09-07T09:39:34.222000Z,-0.0167497582733631,0.1244267746806144,9.774680137634276
2026-09-07T09:39:34.610000Z,-0.0167497582733631,0.1244267746806144,9.774680137634276
2026-09-07T09:39:35.230000Z,0.0023928226437419,0.1435693651437759,9.778867721557615
2026-09-07T09:39:35.616000Z,0.0023928226437419,0.1435693651437759,9.778867721557615
2026-09-07T09:39:36.238000Z,-0.0119641134515404,0.1387837082147598,9.78843879699707
2026-09-07T09:39:36.627000Z,-0.0119641134515404,0.1387837082147598,9.78843879699707
2026-09-07T09:39:37.248000Z,-0.0071784676983952,0.1435693651437759,9.778867721557615
2026-09-07T09:39:37.634000Z,-0.0071784676983952,0.1435693651437759,9.778867721557615
2026-09-07T09:39:38.256000Z,-0.0023928226437419,0.1435693651437759,9.783653259277344
2026-09-07T09:39:38.641000Z,-0.0023928226437419,0.1435693651437759,9.783653259277344
2026-09-07T09:39:39.265000Z,-0.0071784676983952,0.1435693651437759,9.783653259277344
2026-09-07T09:39:39.652000Z,-0.0071784676983952,0.1435693651437759,9.783653259277344
2026-09-07T09:39:40.275000Z,-0.0071784676983952,0.1435693651437759,9.778867721557615
2026-09-07T09:39:40.662000Z,-0.0071784676983952,0.1435693651437759,9.778867721557615
2026-09-07T09:39:41.283000Z,-0.0023928226437419,0.1483550071716308,9.778867721557615
2026-09-07T09:39:41.669000Z,-0.0023928226437419,0.1483550071716308,9.778867721557615
2026-09-07T09:39:42.292000Z,-0.0119641134515404,0.1483550071716308,9.783653259277344
2026-09-07T09:39:42.678000Z,-0.0119641134515404,0.1483550071716308,9.783653259277344
2026-09-07T09:39:43.300000Z,-0.0023928226437419,0.1531406491994857,9.77408218383789
2026-09-07T09:39:43.687000Z,-0.0023928226437419,0.1531406491994857,9.77408218383789
2026-09-07T09:39:44.309000Z,-0.0119641134515404,0.1483550071716308,9.784252166748049
2026-09-07T09:39:44.695000Z,-0.0119641134515404,0.1483550071716308,9.784252166748049
2026-09-07T09:39:45.317000Z,-0.0071784676983952,0.1483550071716308,9.779465675354004
2026-09-07T09:39:45.704000Z,-0.0071784676983952,0.1483550071716308,9.779465675354004
2026-09-07T09:39:46.327000Z,-0.0119641134515404,0.1531406491994857,9.779465675354004
2026-09-07T09:39:46.712000Z,-0.0119641134515404,0.1531406491994857,9.779465675354004
2026-09-07T09:39:47.333000Z,-0.0071784676983952,0.1483550071716308,9.774680137634276
2026-09-07T09:39:47.722000Z,-0.0071784676983952,0.1483550071716308,9.774680137634276
2026-09-07T09:39:48.343000Z,-0.0023928226437419,0.1531406491994857,9.78843879699707
2026-09-07T09:39:48.729000Z,-0.0023928226437419,0.1531406491994857,9.78843879699707
2026-09-07T09:39:49.353000Z,-0.0023928226437419,0.1483550071716308,9.7938232421875
2026-09-07T09:39:49.739000Z,-0.0023928226437419,0.1483550071716308,9.7938232421875
2026-09-07T09:39:50.363000Z,-0.0215354040265083,0.114855483174324,9.789037704467772
2026-09-07T09:39:50.748000Z,-0.0215354040265083,0.114855483174324,9.789037704467772
2026-09-07T09:39:51.369000Z,0.0023928226437419,0.1435693651437759,9.7938232421875
2026-09-07T09:39:51.757000Z,0.0023928226437419,0.1435693651437759,9.7938232421875
2026-09-07T09:39:52.378000Z,-0.0023928226437419,0.1435693651437759,9.779465675354004
2026-09-07T09:39:52.764000Z,-0.0023928226437419,0.1435693651437759,9.779465675354004
2026-09-07T09:39:53.386000Z,-0.0023928226437419,0.1435693651437759,9.789037704467772
2026-09-07T09:39:53.774000Z,-0.0023928226437419,0.1435693651437759,9.789037704467772
2026-09-07T09:39:54.395000Z,-0.0071784676983952,0.1435693651437759,9.779465675354004
2026-09-07T09:39:54.782000Z,-0.0071784676983952,0.1435693651437759,9.779465675354004
2026-09-07T09:39:55.406000Z,-0.0119641134515404,0.1435693651437759,9.784252166748049
2026-09-07T09:39:55.791000Z,-0.0119641134515404,0.1435693651437759,9.784252166748049
2026-09-07T09:39:56.412000Z,-0.0071784676983952,0.1387837082147598,9.7938232421875
2026-09-07T09:39:56.799000Z,-0.0071784676983952,0.1387837082147598,9.7938232421875
2026-09-07T09:39:57.423000Z,-0.0119641134515404,0.1435693651437759,9.784252166748049
2026-09-07T09:39:57.808000Z,-0.0119641134515404,0.1435693651437759,9.784252166748049
2026-09-07T09:39:58.432000Z,-0.0023928226437419,0.1435693651437759,9.789037704467772
2026-09-07T09:39:58.818000Z,-0.0023928226437419,0.1435693651437759,9.789037704467772
2026-09-07T09:39:59.438000Z,0.0023928226437419,0.1435693651437759,9.784252166748049
2026-09-07T09:39:59.826000Z,0.0023928226437419,0.1435693651437759,9.784252166748049
2026-09-07T09:40:00.449000Z,0.3798605799674988,0.1788634955883026,9.84347438812256
2026-09-07T09:40:00.834000Z,0.3798605799674988,0.1788634955883026,9.84347438812256
2026-09-07T09:40:01.456000Z,-0.0119641134515404,0.3206382393836975,9.78245735168457
2026-09-07T09:40:01.842000Z,-0.0119641134515404,0.3206382393836975,9.78245735168457
2026-09-07T09:40:02.465000Z,0.0167497582733631,0.2727817893028259,9.773484230041504
2026-09-07T09:40:02.851000Z,0.0167497582733631,0.2727817893028259,9.773484230041504
2026-09-07T09:40:03.472000Z,0.0059820567257702,0.2632105052471161,9.639486312866213
2026-09-07T09:40:03.861000Z,0.0059820567257702,0.2632105052471161,9.639486312866213
2026-09-07T09:40:04.483000Z,0.0167497582733631,0.2727817893028259,9.772886276245115
2026-09-07T09:40:04.871000Z,0.0167497582733631,0.2727817893028259,9.772886276245115
2026-09-07T09:40:05.492000Z,0.0119641134515404,0.2727817893028259,9.783055305480955
2026-09-07T09:40:05.881000Z,0.0119641134515404,0.2727817893028259,9.783055305480955
2026-09-07T09:40:06.500000Z,0.0358923412859439,0.2733799815177917,9.772886276245115
2026-09-07T09:40:06.887000Z,0.0358923412859439,0.2733799815177917,9.772886276245115
2026-09-07T09:40:07.521000Z,0.0119641134515404,0.2727817893028259,9.787840843200684
2026-09-07T09:40:07.895000Z,0.0119641134515404,0.2727817893028259,9.787840843200684
2026-09-07T09:40:08.517000Z,0.0071784676983952,0.2727817893028259,9.773484230041504
2026-09-07T09:40:08.905000Z,0.0071784676983952,0.2727817893028259,9.773484230041504
2026-09-07T09:40:09.526000Z,0.0071784676983952,0.268594354391098,9.783055305480955
2026-09-07T09:40:09.912000Z,0.0071784676983952,0.268594354391098,9.783055305480955
2026-09-07T09:40:10.535000Z,0.0167497582733631,0.2638086974620819,9.773484230041504
2026-09-07T09:40:10.920000Z,0.0167497582733631,0.2638086974620819,9.773484230041504
2026-09-07T09:40:11.544000Z,0.0119641134515404,0.2632105052471161,9.783055305480955
2026-09-07T09:40:11.930000Z,0.0119641134515404,0.2632105052471161,9.783055305480955
2026-09-07T09:40:12.569000Z,0.0071784676983952,0.2679961323738098,9.77826976776123
2026-09-07T09:40:12.938000Z,0.0071784676983952,0.2679961323738098,9.77826976776123
2026-09-07T09:40:13.578000Z,0.0071784676983952,0.2727817893028259,9.773484230041504
2026-09-07T09:40:13.946000Z,0.0071784676983952,0.2727817893028259,9.773484230041504
2026-09-07T09:40:14.586000Z,0.0119641134515404,0.2727817893028259,9.772886276245115
2026-09-07T09:40:14.955000Z,0.0119641134515404,0.2727817893028259,9.772886276245115
2026-09-07T09:40:15.595000Z,0.0119641134515404,0.2727817893028259,9.777671813964844
2026-09-07T09:40:15.964000Z,0.0119641134515404,0.2727817893028259,9.777671813964844
2026-09-07T09:40:16.603000Z,0.0167497582733631,0.2632105052471161,9.772886276245115
2026-09-07T09:40:16.972000Z,0.0167497582733631,0.2632105052471161,9.772886276245115
2026-09-07T09:40:17.612000Z,0.0161515530198812,0.2632105052471161,9.768099784851074
2026-09-07T09:40:17.982000Z,0.0161515530198812,0.2632105052471161,9.768099784851074
2026-09-07T09:40:18.621000Z,0.011365907266736,0.2679961323738098,9.777671813964844
2026-09-07T09:40:18.990000Z,0.011365907266736,0.2679961323738098,9.777671813964844
2026-09-07T09:40:19.629000Z,0.0119641134515404,0.2679961323738098,9.777671813964844
2026-09-07T09:40:19.999000Z,0.0119641134515404,0.2679961323738098,9.777671813964844
2026-09-07T09:40:20.640000Z,0.0400797799229621,0.2057827413082122,9.763314247131348
2026-09-07T09:40:21.009000Z,0.0400797799229621,0.2057827413082122,9.763314247131348
2026-09-07T09:40:21.654000Z,0.0352941341698169,0.2105683982372284,9.772886276245115
2026-09-07T09:40:22.017000Z,0.0352941341698169,0.2105683982372284,9.772886276245115
2026-09-07T09:40:22.656000Z,0.0305084884166717,0.2105683982372284,9.777671813964844
2026-09-07T09:40:23.025000Z,0.0305084884166717,0.2105683982372284,9.777671813964844
2026-09-07T09:40:23.665000Z,0.0400797799229621,0.2105683982372284,9.78245735168457
2026-09-07T09:40:24.034000Z,0.0400797799229621,0.2105683982372284,9.78245735168457
2026-09-07T09:40:24.673000Z,0.0352941341698169,0.2009970992803573,9.772886276245115
2026-09-07T09:40:25.043000Z,0.0352941341698169,0.2009970992803573,9.772886276245115
2026-09-07T09:40:25.698000Z,0.0400797799229621,0.2099701911211013,9.768099784851074
2026-09-07T09:40:26.051000Z,0.0400797799229621,0.2099701911211013,9.768099784851074
2026-09-07T09:40:26.693000Z,0.0257228426635265,0.1956132501363754,9.772886276245115
2026-09-07T09:40:27.060000Z,0.0257228426635265,0.1956132501363754,9.772886276245115
2026-09-07T09:40:27.701000Z,0.0305084884166717,0.1956132501363754,9.777671813964844
2026-09-07T09:40:28.069000Z,0.0305084884166717,0.1956132501363754,9.777671813964844
2026-09-07T09:40:28.709000Z,0.0257228426635265,0.1860419660806656,9.772886276245115
2026-09-07T09:40:29.078000Z,0.0257228426635265,0.1860419660806656,9.772886276245115
2026-09-07T09:40:29.726000Z,0.0257228426635265,0.1908276081085205,9.772886276245115
2026-09-07T09:40:30.087000Z,0.0257228426635265,0.1908276081085205,9.772886276245115
2026-09-07T09:40:30.765000Z,0.0257228426635265,0.1860419660806656,9.772886276245115
2026-09-07T09:40:31.095000Z,0.0257228426635265,0.1860419660806656,9.772886276245115
2026-09-07T09:40:31.734000Z,0.0257228426635265,0.1812563091516494,9.772886276245115
2026-09-07T09:40:32.103000Z,0.0257228426635265,0.1812563091516494,9.772886276245115
2026-09-07T09:40:32.743000Z,0.0161515530198812,0.1812563091516494,9.767501831054688
2026-09-07T09:40:33.113000Z,0.0161515530198812,0.1812563091516494,9.767501831054688
2026-09-07T09:40:33.751000Z,0.0448654256761074,0.2003988921642303,9.77707290649414
2026-09-07T09:40:34.120000Z,0.0448654256761074,0.2003988921642303,9.77707290649414
2026-09-07T09:40:34.760000Z,0.0352941341698169,0.1908276081085205,9.772287368774414
2026-09-07T09:40:35.129000Z,0.0352941341698169,0.1908276081085205,9.772287368774414
2026-09-07T09:40:35.767000Z,0.0161515530198812,0.1902294009923935,9.772287368774414
2026-09-07T09:40:36.138000Z,0.0161515530198812,0.1902294009923935,9.772287368774414
2026-09-07T09:40:36.777000Z,0.0257228426635265,0.1854437589645385,9.772287368774414
2026-09-07T09:40:37.147000Z,0.0257228426635265,0.1854437589645385,9.772287368774414
2026-09-07T09:40:37.786000Z,0.0257228426635265,0.1950150430202484,9.77707290649414
2026-09-07T09:40:38.155000Z,0.0257228426635265,0.1950150430202484,9.77707290649414
2026-09-07T09:40:38.796000Z,0.0400797799229621,0.1902294009923935,9.78126049041748
2026-09-07T09:40:39.163000Z,0.0400797799229621,0.1902294009923935,9.78126049041748
2026-09-07T09:40:39.803000Z,0.0209371987730264,0.1854437589645385,9.776474952697754
2026-09-07T09:40:40.172000Z,0.0209371987730264,0.1854437589645385,9.776474952697754
2026-09-07T09:40:40.813000Z,0.0346959270536899,0.1902294009923935,9.776474952697754
2026-09-07T09:40:41.181000Z,0.0346959270536899,0.1902294009923935,9.776474952697754
2026-09-07T09:40:41.820000Z,0.0203389916568994,0.2045863419771194,9.771689414978027
2026-09-07T09:40:42.189000Z,0.0203389916568994,0.2045863419771194,9.771689414978027
2026-09-07T09:40:42.829000Z,0.0251246374100446,0.1806581169366836,9.762118339538574
2026-09-07T09:40:43.199000Z,0.0251246374100446,0.1806581169366836,9.762118339538574
2026-09-07T09:40:43.837000Z,0.0299102831631898,0.1806581169366836,9.78126049041748
2026-09-07T09:40:44.209000Z,0.0299102831631898,0.1806581169366836,9.78126049041748
2026-09-07T09:40:44.846000Z,0.0299102831631898,0.1902294009923935,9.776474952697754
2026-09-07T09:40:45.215000Z,0.0299102831631898,0.1902294009923935,9.776474952697754
2026-09-07T09:40:45.854000Z,0.0299102831631898,0.1950150430202484,9.761520385742188
2026-09-07T09:40:46.240000Z,0.0299102831631898,0.1950150430202484,9.761520385742188
2026-09-07T09:40:46.862000Z,0.0346959270536899,0.1854437589645385,9.780662536621094
2026-09-07T09:40:47.232000Z,0.0346959270536899,0.1854437589645385,9.780662536621094
2026-09-07T09:40:47.870000Z,0.0251246374100446,0.1896311938762664,9.790233612060549
2026-09-07T09:40:48.241000Z,0.0251246374100446,0.1896311938762664,9.790233612060549
2026-09-07T09:40:48.881000Z,0.0251246374100446,0.1896311938762664,9.77109146118164
2026-09-07T09:40:49.251000Z,0.0251246374100446,0.1896311938762664,9.77109146118164
2026-09-07T09:41:00.564000Z,0.0203389916568994,0.1992024779319763,9.728618621826172
2026-09-07T09:41:00.566000Z,0.0203389916568994,0.1992024779319763,9.728618621826172
2026-09-07T09:41:01.577000Z,0.0257228426635265,0.2045863419771194,9.795618057250977
2026-09-07T09:41:01.584000Z,0.0257228426635265,0.2045863419771194,9.795618057250977
2026-09-07T09:41:02.584000Z,0.0299102831631898,0.2141576260328292,9.78126049041748
2026-09-07T09:41:02.590000Z,0.0299102831631898,0.2141576260328292,9.78126049041748
2026-09-07T09:41:03.594000Z,0.0203389916568994,0.2093719840049743,9.78126049041748
2026-09-07T09:41:03.601000Z,0.0203389916568994,0.2093719840049743,9.78126049041748
2026-09-07T09:41:04.602000Z,0.0346959270536899,0.2189432680606842,9.78126049041748
2026-09-07T09:41:04.607000Z,0.0346959270536899,0.2189432680606842,9.78126049041748
2026-09-07T09:41:05.610000Z,0.0251246374100446,0.2093719840049743,9.776474952697754
2026-09-07T09:41:05.611000Z,0.0251246374100446,0.2093719840049743,9.776474952697754
2026-09-07T09:41:06.617000Z,0.011365907266736,0.2141576260328292,9.78126049041748
2026-09-07T09:41:06.619000Z,0.011365907266736,0.2141576260328292,9.78126049041748
2026-09-07T09:41:07.627000Z,0.0305084884166717,0.2141576260328292,9.786046028137209
2026-09-07T09:41:07.635000Z,0.0305084884166717,0.2141576260328292,9.786046028137209
2026-09-07T09:41:08.638000Z,0.0065802624449133,0.2141576260328292,9.78664493560791
2026-09-07T09:41:08.645000Z,0.0065802624449133,0.2141576260328292,9.78664493560791
2026-09-07T09:41:09.646000Z,0.0257228426635265,0.2147558331489563,9.77707290649414
2026-09-07T09:41:09.654000Z,0.0257228426635265,0.2147558331489563,9.77707290649414
2026-09-07T09:41:10.652000Z,0.0065802624449133,0.2147558331489563,9.78664493560791
2026-09-07T09:41:10.659000Z,0.0065802624449133,0.2147558331489563,9.78664493560791
2026-09-07T09:41:11.662000Z,0.0209371987730264,0.2141576260328292,9.77707290649414
2026-09-07T09:41:11.671000Z,0.0209371987730264,0.2141576260328292,9.77707290649414
2026-09-07T09:41:12.671000Z,0.0209371987730264,0.2051845490932464,9.77707290649414
2026-09-07T09:41:12.678000Z,0.0209371987730264,0.2051845490932464,9.77707290649414
2026-09-07T09:41:13.677000Z,0.0161515530198812,0.2003988921642303,9.810572624206545
2026-09-07T09:41:14.684000Z,0.0257228426635265,0.2099701911211013,9.78664493560791
2026-09-07T09:41:14.685000Z,0.0257228426635265,0.2099701911211013,9.78664493560791
2026-09-07T09:41:15.696000Z,0.0257228426635265,0.2147558331489563,9.78664493560791
2026-09-07T09:41:15.701000Z,0.0257228426635265,0.2147558331489563,9.78664493560791
2026-09-07T09:41:16.705000Z,0.0257228426635265,0.2099701911211013,9.772287368774414
2026-09-07T09:41:16.713000Z,0.0257228426635265,0.2099701911211013,9.772287368774414
2026-09-07T09:41:17.712000Z,0.0257228426635265,0.2099701911211013,9.76271629333496
2026-09-07T09:41:17.713000Z,0.0257228426635265,0.2099701911211013,9.76271629333496
2026-09-07T09:41:18.720000Z,0.011365907266736,0.2051845490932464,9.772886276245115
2026-09-07T09:41:18.722000Z,0.011365907266736,0.2051845490932464,9.772886276245115
2026-09-07T09:41:19.733000Z,0.0209371987730264,0.2099701911211013,9.78664493560791
2026-09-07T09:41:19.735000Z,0.0209371987730264,0.2099701911211013,9.78664493560791
2026-09-07T09:41:20.741000Z,0.0161515530198812,0.2051845490932464,9.781859397888184
2026-09-07T09:41:20.742000Z,0.0161515530198812,0.2051845490932464,9.781859397888184
2026-09-07T09:41:21.761000Z,0.0352941341698169,0.2099701911211013,9.77707290649414
2026-09-07T09:41:22.738000Z,0.0257228426635265,0.2147558331489563,9.805787086486816
2026-09-07T09:41:22.740000Z,0.0257228426635265,0.2147558331489563,9.805787086486816
2026-09-07T09:41:23.748000Z,0.0927218794822692,0.2147558331489563,9.78664493560791
2026-09-07T09:41:23.749000Z,0.0927218794822692,0.2147558331489563,9.78664493560791
2026-09-07T09:41:24.755000Z,-1.8047864437103271,-0.6628118753433228,9.842875480651855
2026-09-07T09:41:24.756000Z,-1.8047864437103271,-0.6628118753433228,9.842875480651855
2026-09-07T09:41:25.766000Z,0.4797609448432922,-0.2524427771568298,9.784252166748049
2026-09-07T09:41:25.767000Z,0.4797609448432922,-0.2524427771568298,9.784252166748049
2026-09-07T09:41:26.774000Z,0.0400797799229621,0.2051845490932464,9.757930755615234
2026-09-07T09:41:26.775000Z,0.0400797799229621,0.2051845490932464,9.757930755615234
2026-09-07T09:41:27.782000Z,0.0209371987730264,0.2099701911211013,9.767501831054688
2026-09-07T09:41:27.783000Z,0.0209371987730264,0.2099701911211013,9.767501831054688
2026-09-07T09:41:28.791000Z,0.0257228426635265,0.2147558331489563,9.772287368774414
2026-09-07T09:41:28.792000Z,0.0257228426635265,0.2147558331489563,9.772287368774414
2026-09-07T09:41:29.923000Z,0.0305084884166717,0.2099701911211013,9.77707290649414
2026-09-07T09:41:30.827000Z,0.0305084884166717,0.2099701911211013,9.767501831054688
2026-09-07T09:41:30.828000Z,0.0305084884166717,0.2099701911211013,9.767501831054688
2026-09-07T09:41:31.834000Z,0.0305084884166717,0.2195414751768112,9.79083251953125
2026-09-07T09:41:31.835000Z,0.0305084884166717,0.2195414751768112,9.79083251953125
2026-09-07T09:41:32.842000Z,0.0352941341698169,0.2195414751768112,9.786046028137209
2026-09-07T09:41:32.843000Z,0.0352941341698169,0.2195414751768112,9.786046028137209
2026-09-07T09:41:33.852000Z,0.0305084884166717,0.2093719840049743,9.78126049041748
2026-09-07T09:41:33.853000Z,0.0305084884166717,0.2093719840049743,9.78126049041748
2026-09-07T09:41:34.858000Z,0.0299102831631898,0.2045863419771194,9.7669038772583
2026-09-07T09:41:35.868000Z,0.0299102831631898,0.2141576260328292,9.776474952697754
2026-09-07T09:41:35.870000Z,0.0299102831631898,0.2141576260328292,9.776474952697754
2026-09-07T09:41:36.893000Z,0.0346959270536899,0.2045863419771194,9.771689414978027
2026-09-07T09:41:36.894000Z,0.0346959270536899,0.2045863419771194,9.771689414978027
2026-09-07T09:41:37.886000Z,0.0394815728068351,0.2141576260328292,9.776474952697754
2026-09-07T09:41:37.887000Z,0.0394815728068351,0.2141576260328292,9.776474952697754
2026-09-07T09:41:38.898000Z,0.0209371987730264,0.1950150430202484,9.814760208129885
2026-09-07T09:41:38.900000Z,0.0209371987730264,0.1950150430202484,9.814760208129885
2026-09-07T09:41:39.904000Z,0.0251246374100446,0.1854437589645385,9.7669038772583
2026-09-07T09:41:39.905000Z,0.0251246374100446,0.1854437589645385,9.7669038772583
2026-09-07T09:41:40.912000Z,0.0257228426635265,0.2141576260328292,9.79083251953125
2026-09-07T09:41:40.914000Z,0.0257228426635265,0.2141576260328292,9.79083251953125
2026-09-07T09:41:41.921000Z,0.0346959270536899,0.1998006850481033,9.776474952697754
2026-09-07T09:41:41.922000Z,0.0346959270536899,0.1998006850481033,9.776474952697754
2026-09-07T09:41:42.929000Z,0.0299102831631898,0.2093719840049743,9.776474952697754
2026-09-07T09:41:42.930000Z,0.0299102831631898,0.2093719840049743,9.776474952697754
2026-09-07T09:41:43.939000Z,0.0394815728068351,0.2093719840049743,9.766305923461914
2026-09-07T09:41:43.940000Z,0.0394815728068351,0.2093719840049743,9.766305923461914
2026-09-07T09:41:44.950000Z,0.0149551415815949,0.1944168359041214,9.652048110961914
2026-09-07T09:41:45.958000Z,0.0490528643131256,0.2045863419771194,9.77109146118164
2026-09-07T09:41:45.960000Z,0.0490528643131256,0.2045863419771194,9.77109146118164
2026-09-07T09:41:46.947000Z,0.0346959270536899,0.1998006850481033,9.771689414978027
2026-09-07T09:41:46.948000Z,0.0346959270536899,0.1998006850481033,9.771689414978027
2026-09-07T09:41:47.958000Z,0.0394815728068351,0.2045863419771194,9.776474952697754
2026-09-07T09:41:47.959000Z,0.0394815728068351,0.2045863419771194,9.776474952697754
2026-09-07T09:41:48.967000Z,0.0346959270536899,0.2045863419771194,9.786046028137209
2026-09-07T09:41:48.968000Z,0.0346959270536899,0.2045863419771194,9.786046028137209
2026-09-07T09:41:49.973000Z,0.0394815728068351,0.2045863419771194,9.78126049041748
2026-09-07T09:41:49.975000Z,0.0394815728068351,0.2045863419771194,9.78126049041748
2026-09-07T09:41:50.998000Z,0.0299102831631898,0.1998006850481033,9.786046028137209
2026-09-07T09:41:50.999000Z,0.0299102831631898,0.1998006850481033,9.786046028137209
2026-09-07T09:41:52.008000Z,0.0394815728068351,0.2093719840049743,9.775876998901367
2026-09-07T09:41:52.010000Z,0.0394815728068351,0.2093719840049743,9.775876998901367
2026-09-07T09:41:53.016000Z,0.1651047617197036,0.1668993830680847,9.90987491607666
2026-09-07T09:41:53.017000Z,0.1651047617197036,0.1668993830680847,9.90987491607666
2026-09-07T09:41:54.051000Z,0.0251246374100446,0.2093719840049743,9.786046028137209
2026-09-07T09:41:55.033000Z,0.0346959270536899,0.2093719840049743,9.78126049041748
2026-09-07T09:41:55.034000Z,0.0346959270536899,0.2093719840049743,9.78126049041748
2026-09-07T09:41:56.045000Z,0.0394815728068351,0.2045863419771194,9.776474952697754
2026-09-07T09:41:56.051000Z,0.0394815728068351,0.2045863419771194,9.776474952697754
2026-09-07T09:41:57.053000Z,0.0394815728068351,0.1998006850481033,9.766305923461914
2026-09-07T09:41:57.060000Z,0.0394815728068351,0.1998006850481033,9.766305923461914
2026-09-07T09:41:58.063000Z,0.0538385100662708,0.2141576260328292,9.790233612060549
2026-09-07T09:41:58.070000Z,0.0538385100662708,0.2141576260328292,9.790233612060549
2026-09-07T09:41:59.072000Z,0.0394815728068351,0.2093719840049743,9.775876998901367
2026-09-07T09:41:59.079000Z,0.0394815728068351,0.2093719840049743,9.775876998901367
2026-09-07T09:42:00.079000Z,0.0257228426635265,0.1902294009923935,9.795618057250977
2026-09-07T09:42:00.085000Z,0.0257228426635265,0.1902294009923935,9.795618057250977
2026-09-07T09:42:01.089000Z,0.0394815728068351,0.1998006850481033,9.77109146118164
2026-09-07T09:42:01.097000Z,0.0394815728068351,0.1998006850481033,9.77109146118164
2026-09-07T09:42:02.100000Z,0.0161515530198812,0.2093719840049743,9.795618057250977
2026-09-07T09:42:02.106000Z,0.0161515530198812,0.2093719840049743,9.795618057250977
2026-09-07T09:42:03.109000Z,0.0352941341698169,0.2045863419771194,9.795618057250977
2026-09-07T09:42:03.116000Z,0.0352941341698169,0.2045863419771194,9.795618057250977
2026-09-07T09:42:04.117000Z,0.0251246374100446,0.1998006850481033,9.78126049041748
2026-09-07T09:42:04.126000Z,0.0251246374100446,0.1998006850481033,9.78126049041748
2026-09-07T09:42:05.132000Z,0.0394815728068351,0.1998006850481033,9.78126049041748
2026-09-07T09:42:05.153000Z,0.0394815728068351,0.1998006850481033,9.78126049041748
2026-09-07T09:42:06.139000Z,0.0209371987730264,0.2045863419771194,9.79083251953125
2026-09-07T09:42:06.146000Z,0.0209371987730264,0.2045863419771194,9.79083251953125
2026-09-07T09:42:07.146000Z,0.0448654256761074,0.1950150430202484,9.79083251953125
2026-09-07T09:42:07.154000Z,0.0448654256761074,0.1950150430202484,9.79083251953125
2026-09-07T09:42:08.158000Z,0.0017946169245988,0.1950150430202484,9.772287368774414
2026-09-07T09:42:08.164000Z,0.0017946169245988,0.1950150430202484,9.772287368774414
2026-09-07T09:42:09.166000Z,0.0496510714292526,0.1956132501363754,9.776474952697754
2026-09-07T09:42:09.173000Z,0.0496510714292526,0.1956132501363754,9.776474952697754
2026-09-07T09:42:10.174000Z,0.0305084884166717,0.2045863419771194,9.786046028137209
2026-09-07T09:42:10.183000Z,0.0305084884166717,0.2045863419771194,9.786046028137209
2026-09-07T09:42:11.186000Z,0.0305084884166717,0.2003988921642303,9.781859397888184
2026-09-07T09:42:11.192000Z,0.0305084884166717,0.2003988921642303,9.781859397888184
2026-09-07T09:42:12.193000Z,0.0400797799229621,0.2051845490932464,9.781859397888184
2026-09-07T09:42:12.200000Z,0.0400797799229621,0.2051845490932464,9.781859397888184
2026-09-07T09:42:13.205000Z,0.0209371987730264,0.2003988921642303,9.791430473327637
2026-09-07T09:42:13.211000Z,0.0209371987730264,0.2003988921642303,9.791430473327637
2026-09-07T09:42:14.215000Z,0.0305084884166717,0.2003988921642303,9.781859397888184
2026-09-07T09:42:14.222000Z,0.0305084884166717,0.2003988921642303,9.781859397888184
2026-09-07T09:42:15.222000Z,0.0257228426635265,0.1956132501363754,9.78664493560791
2026-09-07T09:42:15.231000Z,0.0257228426635265,0.1956132501363754,9.78664493560791
2026-09-07T09:42:16.232000Z,0.0257228426635265,0.2051845490932464,9.791430473327637
2026-09-07T09:42:16.239000Z,0.0257228426635265,0.2051845490932464,9.791430473327637
2026-09-07T09:42:17.242000Z,0.0161515530198812,0.2003988921642303,9.772886276245115
2026-09-07T09:42:17.248000Z,0.0161515530198812,0.2003988921642303,9.772886276245115
2026-09-07T09:42:18.251000Z,0.0305084884166717,0.2003988921642303,9.78245735168457
2026-09-07T09:42:18.258000Z,0.0305084884166717,0.2003988921642303,9.78245735168457
2026-09-07T09:42:19.261000Z,0.0305084884166717,0.2051845490932464,9.77707290649414
2026-09-07T09:42:19.270000Z,0.0305084884166717,0.2051845490932464,9.77707290649414
2026-09-07T09:42:20.271000Z,0.0352941341698169,0.2003988921642303,9.777671813964844
2026-09-07T09:42:20.279000Z,0.0352941341698169,0.2003988921642303,9.777671813964844
2026-09-07T09:42:21.279000Z,0.0209371987730264,0.2003988921642303,9.78245735168457
2026-09-07T09:42:21.286000Z,0.0209371987730264,0.2003988921642303,9.78245735168457
2026-09-07T09:42:22.289000Z,0.0257228426635265,0.2003988921642303,9.768099784851074
2026-09-07T09:42:22.297000Z,0.0257228426635265,0.2003988921642303,9.768099784851074
2026-09-07T09:42:23.300000Z,0.0305084884166717,0.2057827413082122,9.78245735168457
2026-09-07T09:42:23.306000Z,0.0305084884166717,0.2057827413082122,9.78245735168457
2026-09-07T09:42:24.309000Z,0.0305084884166717,0.2009970992803573,9.777671813964844
2026-09-07T09:42:24.313000Z,0.0305084884166717,0.2009970992803573,9.777671813964844
2026-09-07T09:42:25.317000Z,0.0215354040265083,0.1962114572525024,9.783055305480955
2026-09-07T09:42:25.324000Z,0.0215354040265083,0.1962114572525024,9.783055305480955
2026-09-07T09:42:26.328000Z,0.0263210497796535,0.2009970992803573,9.783055305480955
2026-09-07T09:42:26.334000Z,0.0263210497796535,0.2009970992803573,9.783055305480955
2026-09-07T09:42:27.336000Z,0.0215354040265083,0.1914258152246475,9.783055305480955
2026-09-07T09:42:27.343000Z,0.0215354040265083,0.1914258152246475,9.783055305480955
2026-09-07T09:42:28.346000Z,0.0209371987730264,0.2727817893028259,9.720243453979492
2026-09-07T09:42:28.353000Z,0.0209371987730264,0.2727817893028259,9.720243453979492
2026-09-07T09:42:29.359000Z,0.0358923412859439,0.1866401731967926,9.79262638092041
2026-09-07T09:42:29.366000Z,0.0358923412859439,0.1866401731967926,9.79262638092041
2026-09-07T09:42:30.364000Z,0.0263210497796535,0.2057827413082122,9.77826976776123
2026-09-07T09:42:30.372000Z,0.0263210497796535,0.2057827413082122,9.77826976776123
2026-09-07T09:42:31.376000Z,0.0358923412859439,0.1962114572525024,9.773484230041504
2026-09-07T09:42:31.383000Z,0.0358923412859439,0.1962114572525024,9.773484230041504
2026-09-07T09:42:32.387000Z,0.0167497582733631,0.2009970992803573,9.787840843200684
2026-09-07T09:42:32.392000Z,0.0167497582733631,0.2009970992803573,9.787840843200684
2026-09-07T09:42:33.393000Z,0.0215354040265083,0.1962114572525024,9.783653259277344
2026-09-07T09:42:33.400000Z,0.0215354040265083,0.1962114572525024,9.783653259277344
2026-09-07T09:42:34.403000Z,0.0311066936701536,0.2009970992803573,9.79262638092041
2026-09-07T09:42:34.410000Z,0.0311066936701536,0.2009970992803573,9.79262638092041
2026-09-07T09:42:35.415000Z,0.0263210497796535,0.1962114572525024,9.77408218383789
2026-09-07T09:42:35.421000Z,0.0263210497796535,0.1962114572525024,9.77408218383789
2026-09-07T09:42:36.424000Z,0.0311066936701536,0.1968096643686294,9.793225288391112
2026-09-07T09:42:36.431000Z,0.0311066936701536,0.1968096643686294,9.793225288391112
2026-09-07T09:42:37.431000Z,0.0358923412859439,0.2015953063964843,9.793225288391112
2026-09-07T09:42:37.440000Z,0.0358923412859439,0.2015953063964843,9.793225288391112
2026-09-07T09:42:38.442000Z,0.0263210497796535,0.1968096643686294,9.778867721557615
2026-09-07T09:42:38.448000Z,0.0263210497796535,0.1968096643686294,9.778867721557615
2026-09-07T09:42:39.452000Z,0.0358923412859439,0.2063809484243393,9.78843879699707
2026-09-07T09:42:39.458000Z,0.0358923412859439,0.2063809484243393,9.78843879699707
2026-09-07T09:42:40.460000Z,0.0263210497796535,0.2015953063964843,9.78843879699707
2026-09-07T09:42:40.468000Z,0.0263210497796535,0.2015953063964843,9.78843879699707
2026-09-07T09:42:41.470000Z,0.0311066936701536,0.2015953063964843,9.778867721557615
2026-09-07T09:42:41.476000Z,0.0311066936701536,0.2015953063964843,9.778867721557615
2026-09-07T09:42:42.479000Z,0.0311066936701536,0.2015953063964843,9.783653259277344
2026-09-07T09:42:42.486000Z,0.0311066936701536,0.2015953063964843,9.783653259277344
2026-09-07T09:42:43.489000Z,0.0454636290669441,0.1968096643686294,9.783653259277344
2026-09-07T09:42:43.497000Z,0.0454636290669441,0.1968096643686294,9.783653259277344
2026-09-07T09:42:44.502000Z,0.0167497582733631,0.2015953063964843,9.78843879699707
2026-09-07T09:42:44.508000Z,0.0167497582733631,0.2015953063964843,9.78843879699707
2026-09-07T09:42:45.507000Z,0.0215354040265083,0.2015953063964843,9.778867721557615
2026-09-07T09:42:45.514000Z,0.0215354040265083,0.2015953063964843,9.778867721557615
2026-09-07T09:42:46.517000Z,0.0311066936701536,0.1968096643686294,9.778867721557615
2026-09-07T09:42:46.524000Z,0.0311066936701536,0.1968096643686294,9.778867721557615
2026-09-07T09:42:47.529000Z,0.0406779833137989,0.2111666053533554,9.78843879699707
2026-09-07T09:42:47.537000Z,0.0406779833137989,0.2111666053533554,9.78843879699707
2026-09-07T09:42:48.537000Z,0.0263210497796535,0.2063809484243393,9.784252166748049
2026-09-07T09:42:48.544000Z,0.0263210497796535,0.2063809484243393,9.784252166748049
2026-09-07T09:42:49.546000Z,0.0358923412859439,0.2015953063964843,9.779465675354004
2026-09-07T09:42:49.553000Z,0.0358923412859439,0.2015953063964843,9.779465675354004
2026-09-07T09:42:50.557000Z,0.0263210497796535,0.1968096643686294,9.789037704467772
2026-09-07T09:42:50.563000Z,0.0263210497796535,0.1968096643686294,9.789037704467772
2026-09-07T09:42:51.566000Z,0.0311066936701536,0.2063809484243393,9.774680137634276
2026-09-07T09:42:51.573000Z,0.0311066936701536,0.2063809484243393,9.774680137634276
2026-09-07T09:42:52.576000Z,0.0269192550331354,0.2063809484243393,9.789037704467772
2026-09-07T09:42:52.584000Z,0.0269192550331354,0.2063809484243393,9.789037704467772
2026-09-07T09:42:53.584000Z,0.0317048989236354,0.2069791555404663,9.784252166748049
2026-09-07T09:42:53.591000Z,0.0317048989236354,0.2069791555404663,9.784252166748049
2026-09-07T09:42:54.593000Z,0.0263210497796535,0.2015953063964843,9.779465675354004
2026-09-07T09:42:54.600000Z,0.0263210497796535,0.2015953063964843,9.779465675354004
2026-09-07T09:42:55.603000Z,0.0269192550331354,0.1974078714847564,9.779465675354004
2026-09-07T09:42:55.614000Z,0.0269192550331354,0.1974078714847564,9.779465675354004
2026-09-07T09:42:56.615000Z,0.0269192550331354,0.2021935135126114,9.779465675354004
2026-09-07T09:42:56.622000Z,0.0269192550331354,0.2021935135126114,9.779465675354004
2026-09-07T09:42:57.621000Z,0.0263210497796535,0.2117647975683212,9.76989459991455
2026-09-07T09:42:57.627000Z,0.0263210497796535,0.2117647975683212,9.76989459991455
2026-09-07T09:42:58.631000Z,0.0364905446767807,0.1926222294569015,9.784252166748049
2026-09-07T09:42:58.638000Z,0.0364905446767807,0.1926222294569015,9.784252166748049
2026-09-07T09:42:59.643000Z,0.1076770201325416,0.1974078714847564,9.778867721557615
2026-09-07T09:42:59.650000Z,0.1076770201325416,0.1974078714847564,9.778867721557615
2026-09-07T09:43:00.657000Z,0.0029910283628851,0.2021935135126114,9.784850120544434
2026-09-07T09:43:00.663000Z,0.0029910283628851,0.2021935135126114,9.784850120544434
2026-09-07T09:43:01.667000Z,0.0221336092799901,0.1974078714847564,9.780064582824709
2026-09-07T09:43:01.673000Z,0.0221336092799901,0.1974078714847564,9.780064582824709
2026-09-07T09:43:02.676000Z,0.3714857101440429,0.2147558331489563,10.447661399841309
2026-09-07T09:43:02.683000Z,0.3714857101440429,0.2147558331489563,10.447661399841309
2026-09-07T09:43:03.678000Z,0.0221336092799901,0.2069791555404663,9.7938232421875
2026-09-07T09:43:03.685000Z,0.0221336092799901,0.2069791555404663,9.7938232421875
2026-09-07T09:43:04.686000Z,0.0317048989236354,0.1974078714847564,9.76989459991455
2026-09-07T09:43:04.696000Z,0.0317048989236354,0.1974078714847564,9.76989459991455
2026-09-07T09:43:05.698000Z,0.0215354040265083,0.1926222294569015,9.760921478271484
2026-09-07T09:43:05.707000Z,0.0215354040265083,0.1926222294569015,9.760921478271484
2026-09-07T09:43:06.708000Z,0.0269192550331354,0.1926222294569015,9.770493507385254
2026-09-07T09:43:06.715000Z,0.0269192550331354,0.1926222294569015,9.770493507385254
2026-09-07T09:43:07.713000Z,0.0245264321565628,0.2554338276386261,10.047462463378906
2026-09-07T09:43:07.723000Z,0.0245264321565628,0.2554338276386261,10.047462463378906
2026-09-07T09:43:08.721000Z,0.0358923412859439,0.1974078714847564,9.765707015991213
2026-09-07T09:43:08.728000Z,0.0358923412859439,0.1974078714847564,9.765707015991213
2026-09-07T09:43:09.733000Z,0.0173479635268449,0.1830509305000305,9.784850120544434
2026-09-07T09:43:09.756000Z,0.0173479635268449,0.1830509305000305,9.784850120544434
2026-09-07T09:43:10.737000Z,0.0317048989236354,0.1974078714847564,9.80399227142334
2026-09-07T09:43:10.742000Z,0.0317048989236354,0.1974078714847564,9.80399227142334
2026-09-07T09:43:11.749000Z,0.0317048989236354,0.1926222294569015,9.784850120544434
2026-09-07T09:43:11.758000Z,0.0317048989236354,0.1926222294569015,9.784850120544434
2026-09-07T09:43:12.756000Z,0.0221336092799901,0.1878365725278854,9.780064582824709
2026-09-07T09:43:12.766000Z,0.0221336092799901,0.1878365725278854,9.780064582824709
2026-09-07T09:43:13.765000Z,0.0269192550331354,0.1926222294569015,9.77527904510498
2026-09-07T09:43:13.778000Z,0.0269192550331354,0.1926222294569015,9.77527904510498
2026-09-07T09:43:14.777000Z,0.0364905446767807,0.1974078714847564,9.780064582824709
2026-09-07T09:43:14.787000Z,0.0364905446767807,0.1974078714847564,9.780064582824709
2026-09-07T09:43:15.782000Z,0.0263210497796535,0.1974078714847564,9.732208251953123
2026-09-07T09:43:15.791000Z,0.0263210497796535,0.1974078714847564,9.732208251953123
2026-09-07T09:43:16.794000Z,0.0370887517929077,0.2069791555404663,9.842277526855469
2026-09-07T09:43:16.805000Z,0.0370887517929077,0.2069791555404663,9.842277526855469
2026-09-07T09:43:17.805000Z,0.0221336092799901,0.1878365725278854,9.784850120544434
2026-09-07T09:43:17.814000Z,0.0221336092799901,0.1878365725278854,9.784850120544434
2026-09-07T09:43:18.809000Z,0.0221336092799901,0.1974078714847564,9.784850120544434
2026-09-07T09:43:18.824000Z,0.0221336092799901,0.1974078714847564,9.784850120544434
2026-09-07T09:43:19.817000Z,0.0364905446767807,0.2165504544973373,9.799206733703612
2026-09-07T09:43:19.827000Z,0.0364905446767807,0.2165504544973373,9.799206733703612
2026-09-07T09:43:20.827000Z,0.0269192550331354,0.2069791555404663,9.780064582824709
2026-09-07T09:43:20.846000Z,0.0269192550331354,0.2069791555404663,9.780064582824709
2026-09-07T09:43:21.835000Z,0.0221336092799901,0.2117647975683212,9.794421195983888
2026-09-07T09:43:21.845000Z,0.0221336092799901,0.2117647975683212,9.794421195983888
2026-09-07T09:43:22.844000Z,0.0221336092799901,0.2117647975683212,9.780064582824709
2026-09-07T09:43:22.855000Z,0.0221336092799901,0.2117647975683212,9.780064582824709
2026-09-07T09:43:23.856000Z,0.0269192550331354,0.2021935135126114,9.770493507385254
2026-09-07T09:43:23.870000Z,0.0269192550331354,0.2021935135126114,9.770493507385254
2026-09-07T09:43:24.862000Z,0.0269192550331354,0.2069791555404663,9.784850120544434
2026-09-07T09:43:24.876000Z,0.0269192550331354,0.2069791555404663,9.784850120544434
2026-09-07T09:43:25.871000Z,0.0269192550331354,0.2069791555404663,9.784850120544434
2026-09-07T09:43:25.886000Z,0.0269192550331354,0.2069791555404663,9.784850120544434
2026-09-07T09:43:26.880000Z,0.0317048989236354,0.2165504544973373,9.77527904510498
2026-09-07T09:43:26.889000Z,0.0317048989236354,0.2165504544973373,9.77527904510498
2026-09-07T09:43:27.887000Z,0.0269192550331354,0.1926222294569015,9.780662536621094
2026-09-07T09:43:27.897000Z,0.0269192550331354,0.1926222294569015,9.780662536621094
2026-09-07T09:43:28.899000Z,0.0221336092799901,0.2021935135126114,9.770493507385254
2026-09-07T09:43:28.909000Z,0.0221336092799901,0.2021935135126114,9.770493507385254
2026-09-07T09:43:29.907000Z,0.0269192550331354,0.1974078714847564,9.784850120544434
2026-09-07T09:43:29.918000Z,0.0269192550331354,0.1974078714847564,9.784850120544434
2026-09-07T09:43:30.914000Z,0.0364905446767807,0.1974078714847564,9.77527904510498
2026-09-07T09:43:30.920000Z,0.0364905446767807,0.1974078714847564,9.77527904510498
2026-09-07T09:43:31.926000Z,0.0317048989236354,0.1932204216718673,9.78544807434082
2026-09-07T09:43:31.937000Z,0.0317048989236354,0.1932204216718673,9.78544807434082
2026-09-07T09:43:32.937000Z,0.0221336092799901,0.2069791555404663,9.77109146118164
2026-09-07T09:43:32.949000Z,0.0221336092799901,0.2069791555404663,9.77109146118164
2026-09-07T09:43:33.946000Z,0.0269192550331354,0.2069791555404663,9.77527904510498
2026-09-07T09:43:33.957000Z,0.0269192550331354,0.2069791555404663,9.77527904510498
2026-09-07T09:43:34.955000Z,0.0221336092799901,0.2075773626565933,9.78544807434082
2026-09-07T09:43:34.965000Z,0.0221336092799901,0.2075773626565933,9.78544807434082
2026-09-07T09:43:35.968000Z,0.0269192550331354,0.2075773626565933,9.790233612060549
2026-09-07T09:43:35.984000Z,0.0269192550331354,0.2075773626565933,9.790233612060549
2026-09-07T09:43:36.976000Z,0.0221336092799901,0.2075773626565933,9.780662536621094
2026-09-07T09:43:36.986000Z,0.0221336092799901,0.2075773626565933,9.780662536621094
2026-09-07T09:43:37.987000Z,0.0317048989236354,0.2075773626565933,9.775876998901367
2026-09-07T09:43:37.998000Z,0.0317048989236354,0.2075773626565933,9.775876998901367
2026-09-07T09:43:39.000000Z,0.0317048989236354,0.2075773626565933,9.78544807434082
2026-09-07T09:43:39.009000Z,0.0317048989236354,0.2075773626565933,9.78544807434082
2026-09-07T09:43:40.010000Z,0.0269192550331354,0.2075773626565933,9.78544807434082
2026-09-07T09:43:40.021000Z,0.0269192550331354,0.2075773626565933,9.78544807434082
2026-09-07T09:43:41.018000Z,0.0221336092799901,0.2075773626565933,9.78544807434082
2026-09-07T09:43:41.030000Z,0.0221336092799901,0.2075773626565933,9.78544807434082
2026-09-07T09:43:42.031000Z,0.0317048989236354,0.2027917206287384,9.775876998901367
2026-09-07T09:43:42.042000Z,0.0317048989236354,0.2027917206287384,9.775876998901367
2026-09-07T09:43:43.039000Z,0.0221336092799901,0.2075773626565933,9.78544807434082
2026-09-07T09:43:43.049000Z,0.0221336092799901,0.2075773626565933,9.78544807434082
2026-09-07T09:43:44.051000Z,0.0221336092799901,0.2027917206287384,9.775876998901367
2026-09-07T09:43:44.063000Z,0.0221336092799901,0.2027917206287384,9.775876998901367
2026-09-07T09:43:45.057000Z,0.0317048989236354,0.2027917206287384,9.78544807434082
2026-09-07T09:43:45.065000Z,0.0317048989236354,0.2027917206287384,9.78544807434082
2026-09-07T09:43:46.061000Z,0.0269192550331354,0.2027917206287384,9.766305923461914
2026-09-07T09:43:46.068000Z,0.0269192550331354,0.2027917206287384,9.766305923461914
2026-09-07T09:43:47.070000Z,0.0364905446767807,0.2027917206287384,9.78544807434082
2026-09-07T09:43:47.081000Z,0.0364905446767807,0.2027917206287384,9.78544807434082
2026-09-07T09:43:48.080000Z,0.0317048989236354,0.2123630046844482,9.780662536621094
2026-09-07T09:43:48.090000Z,0.0317048989236354,0.2123630046844482,9.780662536621094
2026-09-07T09:43:49.089000Z,0.0221336092799901,0.2075773626565933,9.78544807434082
2026-09-07T09:43:49.098000Z,0.0221336092799901,0.2075773626565933,9.78544807434082
2026-09-07T09:43:50.097000Z,0.0269192550331354,0.2075773626565933,9.780662536621094
2026-09-07T09:43:50.108000Z,0.0269192550331354,0.2075773626565933,9.780662536621094
2026-09-07T09:43:51.107000Z,0.0364905446767807,0.2075773626565933,9.780662536621094
2026-09-07T09:43:51.117000Z,0.0364905446767807,0.2075773626565933,9.780662536621094
2026-09-07T09:43:52.114000Z,0.0275174602866172,0.2027917206287384,9.78544807434082
2026-09-07T09:43:52.128000Z,0.0275174602866172,0.2027917206287384,9.78544807434082
2026-09-07T09:43:53.121000Z,0.0317048989236354,0.2027917206287384,9.78544807434082
2026-09-07T09:43:53.132000Z,0.0317048989236354,0.2027917206287384,9.78544807434082
2026-09-07T09:43:54.131000Z,0.0269192550331354,0.2075773626565933,9.78544807434082
2026-09-07T09:43:54.139000Z,0.0269192550331354,0.2075773626565933,9.78544807434082
2026-09-07T09:43:55.138000Z,0.0269192550331354,0.1980060786008834,9.776474952697754
2026-09-07T09:43:55.149000Z,0.0269192550331354,0.1980060786008834,9.776474952697754
2026-09-07T09:43:56.146000Z,0.0323031060397625,0.2027917206287384,9.795019149780272
2026-09-07T09:43:56.158000Z,0.0323031060397625,0.2027917206287384,9.795019149780272
2026-09-07T09:43:57.158000Z,0.022731814533472,0.2075773626565933,9.78126049041748
2026-09-07T09:43:57.166000Z,0.022731814533472,0.2075773626565933,9.78126049041748
2026-09-07T09:43:58.164000Z,0.022731814533472,0.2027917206287384,9.78544807434082
2026-09-07T09:43:58.175000Z,0.022731814533472,0.2027917206287384,9.78544807434082
2026-09-07T09:43:59.173000Z,0.022731814533472,0.2027917206287384,9.79083251953125
2026-09-07T09:43:59.186000Z,0.022731814533472,0.2027917206287384,9.79083251953125
2026-09-07T09:44:00.187000Z,0.0269192550331354,0.2027917206287384,9.771689414978027
2026-09-07T09:44:00.197000Z,0.0269192550331354,0.2027917206287384,9.771689414978027
2026-09-07T09:44:01.194000Z,0.0317048989236354,0.2123630046844482,9.775876998901367
2026-09-07T09:44:01.203000Z,0.0317048989236354,0.2123630046844482,9.775876998901367
2026-09-07T09:44:02.204000Z,0.0179461706429719,0.2075773626565933,9.800403594970703
2026-09-07T09:44:02.214000Z,0.0179461706429719,0.2075773626565933,9.800403594970703
2026-09-07T09:44:03.214000Z,-0.0203389916568994,0.2171486616134643,9.7669038772583
2026-09-07T09:44:03.223000Z,-0.0203389916568994,0.2171486616134643,9.7669038772583
2026-09-07T09:44:04.221000Z,0.0418743975460529,0.2027917206287384,9.786046028137209
2026-09-07T09:44:04.231000Z,0.0418743975460529,0.2027917206287384,9.786046028137209
2026-09-07T09:44:05.230000Z,0.0364905446767807,0.2075773626565933,9.771689414978027
2026-09-07T09:44:05.249000Z,0.0364905446767807,0.2075773626565933,9.771689414978027
2026-09-07T09:44:06.240000Z,0.0179461706429719,0.2075773626565933,9.78126049041748
2026-09-07T09:44:06.250000Z,0.0179461706429719,0.2075773626565933,9.78126049041748
2026-09-07T09:44:07.249000Z,0.0275174602866172,0.1980060786008834,9.786046028137209
2026-09-07T09:44:07.259000Z,0.0275174602866172,0.1980060786008834,9.786046028137209
2026-09-07T09:44:08.259000Z,0.0323031060397625,0.2129612118005752,9.79083251953125
2026-09-07T09:44:08.269000Z,0.0323031060397625,0.2129612118005752,9.79083251953125
2026-09-07T09:44:09.266000Z,0.0275174602866172,0.2075773626565933,9.786046028137209
2026-09-07T09:44:09.277000Z,0.0275174602866172,0.2075773626565933,9.786046028137209
2026-09-07T09:44:10.275000Z,0.0323031060397625,0.2075773626565933,9.771689414978027
2026-09-07T09:44:10.287000Z,0.0323031060397625,0.2075773626565933,9.771689414978027
2026-09-07T09:44:11.284000Z,0.0035892338491976,0.2075773626565933,9.79083251953125
2026-09-07T09:44:11.296000Z,0.0035892338491976,0.2075773626565933,9.79083251953125
2026-09-07T09:44:12.294000Z,0.0275174602866172,0.2033899277448654,9.776474952697754
2026-09-07T09:44:12.303000Z,0.0275174602866172,0.2033899277448654,9.776474952697754
2026-09-07T09:44:13.303000Z,0.0131605248898267,0.1980060786008834,9.79083251953125
2026-09-07T09:44:13.311000Z,0.0131605248898267,0.1980060786008834,9.79083251953125
2026-09-07T09:44:14.322000Z,0.0370887517929077,0.2033899277448654,9.786046028137209
2026-09-07T09:44:14.326000Z,0.0370887517929077,0.2033899277448654,9.786046028137209
2026-09-07T09:44:15.320000Z,0.0323031060397625,0.2027917206287384,9.771689414978027
2026-09-07T09:44:15.331000Z,0.0323031060397625,0.2027917206287384,9.771689414978027
2026-09-07T09:44:16.325000Z,0.022731814533472,0.2033899277448654,9.79083251953125
2026-09-07T09:44:16.330000Z,0.022731814533472,0.2033899277448654,9.79083251953125
2026-09-07T09:44:17.335000Z,0.051445685327053,0.1986042857170105,9.786046028137209
2026-09-07T09:44:17.345000Z,0.051445685327053,0.1986042857170105,9.786046028137209
2026-09-07T09:44:18.345000Z,0.0418743975460529,0.1986042857170105,9.776474952697754
2026-09-07T09:44:18.354000Z,0.0418743975460529,0.1986042857170105,9.776474952697754
2026-09-07T09:44:19.355000Z,0.0275174602866172,0.2081755697727203,9.78126049041748
2026-09-07T09:44:19.363000Z,0.0275174602866172,0.2081755697727203,9.78126049041748
2026-09-07T09:44:20.363000Z,0.0370887517929077,0.2033899277448654,9.79083251953125
2026-09-07T09:44:20.374000Z,0.0370887517929077,0.2033899277448654,9.79083251953125
2026-09-07T09:44:21.372000Z,0.0323031060397625,0.2081755697727203,9.78126049041748
2026-09-07T09:44:21.382000Z,0.0323031060397625,0.2081755697727203,9.78126049041748
2026-09-07T09:44:22.379000Z,0.022731814533472,0.2129612118005752,9.78126049041748
2026-09-07T09:44:22.388000Z,0.022731814533472,0.2129612118005752,9.78126049041748
2026-09-07T09:44:23.389000Z,0.0323031060397625,0.2033899277448654,9.78126049041748
2026-09-07T09:44:23.404000Z,0.0323031060397625,0.2033899277448654,9.78126049041748
2026-09-07T09:44:24.397000Z,0.0275174602866172,0.2033899277448654,9.776474952697754
2026-09-07T09:44:24.407000Z,0.0275174602866172,0.2033899277448654,9.776474952697754
2026-09-07T09:44:25.402000Z,0.0370887517929077,0.2129612118005752,9.786046028137209
2026-09-07T09:44:25.403000Z,0.0370887517929077,0.2129612118005752,9.786046028137209
2026-09-07T10:13:04.004000Z,3.6951162815094,6.132206439971924,4.54337215423584
2026-09-07T10:13:05.011000Z,3.6951162815094,6.132206439971924,4.54337215423584
2026-09-07T10:13:06.021000Z,3.6951162815094,6.132206439971924,4.54337215423584
2026-09-07T10:13:07.050000Z,3.6951162815094,6.132206439971924,4.54337215423584
2026-09-07T10:13:15.168000Z,3.6951162815094,6.132206439971924,4.54337215423584
2026-09-07T10:13:16.177000Z,3.6951162815094,6.132206439971924,4.54337215423584
2026-09-07T10:13:17.188000Z,3.6951162815094,6.132206439971924,4.54337215423584
2026-09-07T10:13:18.194000Z,0.1704886108636856,8.035696983337402,5.675775527954102
2026-09-07T10:13:18.663000Z,0.1704886108636856,8.035696983337402,5.675775527954102
2026-09-07T10:13:19.202000Z,0.4893322288990021,8.0081787109375,5.582455158233643
2026-09-07T10:13:19.675000Z,0.4893322288990021,8.0081787109375,5.582455158233643
2026-09-07T10:13:20.211000Z,0.4414757788181305,8.160721778869629,5.648257732391357
2026-09-07T10:13:20.684000Z,0.4414757788181305,8.160721778869629,5.648257732391357
2026-09-07T10:13:21.220000Z,-0.857228696346283,10.148558616638184,4.31306266784668
2026-09-07T10:13:21.692000Z,-0.857228696346283,10.148558616638184,4.31306266784668
2026-09-07T10:13:22.230000Z,0.3068794906139374,7.816753387451172,6.011966705322266
2026-09-07T10:13:22.701000Z,0.3068794906139374,7.816753387451172,6.011966705322266
2026-09-07T10:13:23.238000Z,-0.0137587301433086,7.772486209869385,5.8995041847229
2026-09-07T10:13:23.708000Z,-0.0137587301433086,7.772486209869385,5.8995041847229
2026-09-07T10:13:24.246000Z,0.6269195079803467,7.640881061553955,6.001797199249268
2026-09-07T10:13:24.718000Z,0.6269195079803467,7.640881061553955,6.001797199249268
2026-09-07T10:13:25.255000Z,0.4366901218891144,7.649854183197021,6.079564094543457
2026-09-07T10:13:25.728000Z,0.4366901218891144,7.649854183197021,6.079564094543457
2026-09-07T10:13:26.265000Z,0.3026920557022095,7.697112083435059,6.0466628074646
2026-09-07T10:13:26.734000Z,0.3026920557022095,7.697112083435059,6.0466628074646
2026-09-07T10:13:27.271000Z,0.244067907333374,7.624729156494141,5.894120216369629
2026-09-07T10:13:27.744000Z,0.244067907333374,7.624729156494141,5.894120216369629
2026-09-07T10:13:28.281000Z,0.366101861000061,7.592426300048828,6.186044692993164
2026-09-07T10:13:28.766000Z,0.366101861000061,7.592426300048828,6.186044692993164
2026-09-07T10:13:29.287000Z,0.6227321028709412,7.463213920593262,6.070590972900391
2026-09-07T10:13:29.762000Z,0.6227321028709412,7.463213920593262,6.070590972900391
2026-09-07T10:13:30.299000Z,0.4917250573635101,7.454240798950195,6.330212116241455
2026-09-07T10:13:30.770000Z,0.4917250573635101,7.454240798950195,6.330212116241455
2026-09-07T10:13:31.312000Z,-0.7202396392822266,6.715456962585449,7.304689407348633
2026-09-07T10:13:31.782000Z,-0.7202396392822266,6.715456962585449,7.304689407348633
2026-09-07T10:13:32.324000Z,-1.1880364418029783,6.541378974914551,7.261618614196777
2026-09-07T10:13:32.789000Z,1.4590235948562622,6.741777896881104,7.121638298034668
2026-09-07T10:13:33.327000Z,1.4590235948562622,6.741777896881104,7.121638298034668
2026-09-07T10:13:33.796000Z,0.511465847492218,7.7832536697387695,5.928816318511963
2026-09-07T10:13:34.335000Z,0.511465847492218,7.7832536697387695,5.928816318511963
2026-09-07T10:13:34.805000Z,1.1300104856491089,7.189235687255859,6.6729841232299805
2026-09-07T10:13:35.350000Z,1.1300104856491089,7.189235687255859,6.6729841232299805
2026-09-07T10:13:35.819000Z,0.4103690981864929,7.7455668449401855,6.399005889892578
2026-09-07T10:13:36.355000Z,0.4103690981864929,7.7455668449401855,6.399005889892578
2026-09-07T10:13:36.824000Z,-0.9236295223236084,7.466803073883057,7.656434059143066
2026-09-07T10:13:37.366000Z,-0.9236295223236084,7.466803073883057,7.656434059143066
2026-09-07T10:13:37.832000Z,0.1501496136188507,7.237690448760986,6.555137634277344
2026-09-07T10:13:38.370000Z,0.1501496136188507,7.237690448760986,6.555137634277344
2026-09-07T10:13:38.840000Z,0.0448654256761074,7.280162811279297,6.540780544281006
2026-09-07T10:13:39.385000Z,0.0448654256761074,7.280162811279297,6.540780544281006
2026-09-07T10:13:39.852000Z,-0.3116651475429535,7.814360618591309,6.230311870574951
2026-09-07T10:13:40.388000Z,-0.3116651475429535,7.814360618591309,6.230311870574951
2026-09-07T10:13:40.859000Z,0.5772684812545776,7.482356548309326,6.333203315734863
2026-09-07T10:13:41.398000Z,0.5772684812545776,7.482356548309326,6.333203315734863
2026-09-07T10:13:41.868000Z,0.2781656384468078,7.290332317352295,6.485745906829834
2026-09-07T10:13:42.407000Z,0.2781656384468078,7.290332317352295,6.485745906829834
2026-09-07T10:13:42.880000Z,0.5946164131164551,7.191628456115723,6.5904316902160645
2026-09-07T10:13:43.418000Z,0.5946164131164551,7.191628456115723,6.5904316902160645
2026-09-07T10:13:43.886000Z,0.714257538318634,7.167700290679932,6.623332977294922
2026-09-07T10:13:44.425000Z,0.714257538318634,7.167700290679932,6.623332977294922
2026-09-07T10:13:44.896000Z,0.5365904569625854,7.210172653198242,6.542575359344482
2026-09-07T10:13:45.435000Z,0.5365904569625854,7.210172653198242,6.542575359344482
2026-09-07T10:13:45.906000Z,0.5892325639724731,7.143173694610596,6.552146434783936
2026-09-07T10:13:46.443000Z,0.5892325639724731,7.143173694610596,6.552146434783936
2026-09-07T10:13:46.913000Z,0.494716078042984,7.128817081451416,6.639484405517578
2026-09-07T10:13:47.452000Z,0.494716078042984,7.128817081451416,6.639484405517578
2026-09-07T10:13:47.923000Z,0.3451646566390991,7.223931789398193,6.519843578338623
2026-09-07T10:13:48.461000Z,0.3451646566390991,7.223931789398193,6.519843578338623
2026-09-07T10:13:48.933000Z,0.6460621356964111,7.805985450744629,5.596213817596436
2026-09-07T10:13:49.469000Z,0.6460621356964111,7.805985450744629,5.596213817596436
2026-09-07T10:13:49.940000Z,0.9613165259361268,8.174480438232422,5.163711071014404
2026-09-07T10:13:50.480000Z,0.9613165259361268,8.174480438232422,5.163711071014404
2026-09-07T10:13:50.948000Z,0.2937189936637878,8.438887596130371,4.719842433929443
2026-09-07T10:13:51.491000Z,0.2937189936637878,8.438887596130371,4.719842433929443
2026-09-07T10:13:51.960000Z,1.0552347898483276,8.385048866271973,5.002195835113525
2026-09-07T10:13:52.496000Z,1.0552347898483276,8.385048866271973,5.002195835113525
2026-09-07T10:13:52.967000Z,0.7244270443916321,8.33719253540039,5.398207664489746
2026-09-07T10:13:53.506000Z,0.7244270443916321,8.33719253540039,5.398207664489746
2026-09-07T10:13:53.976000Z,0.4839483797550201,8.14098072052002,5.674578666687012
2026-09-07T10:13:54.515000Z,0.4839483797550201,8.14098072052002,5.674578666687012
2026-09-07T10:13:54.985000Z,0.8656035661697388,8.045866012573242,5.596213817596436
2026-09-07T10:13:55.523000Z,0.8656035661697388,8.045866012573242,5.596213817596436
2026-09-07T10:13:55.995000Z,0.4845465719699859,8.245068550109863,5.233103275299072
2026-09-07T10:13:56.531000Z,0.4845465719699859,8.245068550109863,5.233103275299072
2026-09-07T10:13:57.004000Z,0.268594354391098,8.271987915039062,5.075775146484375
2026-09-07T10:13:57.540000Z,0.268594354391098,8.271987915039062,5.075775146484375
2026-09-07T10:13:58.013000Z,0.0861416161060333,8.45324420928955,4.989035129547119
2026-09-07T10:13:58.553000Z,0.0861416161060333,8.45324420928955,4.989035129547119
2026-09-07T10:13:59.022000Z,0.3110669553279876,8.35872745513916,5.074578762054443
2026-09-07T10:13:59.558000Z,0.3110669553279876,8.35872745513916,5.074578762054443
2026-09-07T10:14:00.031000Z,0.0101694958284497,8.357531547546387,5.02851676940918
2026-09-07T10:14:00.570000Z,0.0101694958284497,8.357531547546387,5.02851676940918
2026-09-07T10:14:01.040000Z,0.8739784955978394,7.864011764526367,5.492724418640137
2026-09-07T10:14:01.579000Z,0.8739784955978394,7.864011764526367,5.492724418640137
2026-09-07T10:14:02.048000Z,0.727418065071106,7.896913051605225,5.612963676452637
2026-09-07T10:14:02.587000Z,0.727418065071106,7.896913051605225,5.612963676452637
2026-09-07T10:14:03.058000Z,0.711864709854126,7.892127513885498,5.48375129699707
2026-09-07T10:14:03.595000Z,0.711864709854126,7.892127513885498,5.48375129699707
2026-09-07T10:14:04.068000Z,0.495912492275238,7.916055679321289,5.892325878143311
2026-09-07T10:14:04.602000Z,0.495912492275238,7.916055679321289,5.892325878143311
2026-09-07T10:14:05.077000Z,0.6765705943107605,7.8113694190979,5.796612739562988
2026-09-07T10:14:05.614000Z,0.6765705943107605,7.8113694190979,5.796612739562988
2026-09-07T10:14:06.086000Z,0.5958128571510315,7.839485168457031,5.834897994995117
2026-09-07T10:14:06.622000Z,0.5958128571510315,7.839485168457031,5.834897994995117
2026-09-07T10:14:07.093000Z,0.6951149702072144,7.859225749969482,5.738586902618408
2026-09-07T10:14:07.634000Z,0.6951149702072144,7.859225749969482,5.738586902618408
2026-09-07T10:14:08.104000Z,0.841675341129303,7.859225749969482,5.574080467224121
2026-09-07T10:14:08.639000Z,0.841675341129303,7.859225749969482,5.574080467224121
2026-09-07T10:14:09.115000Z,1.7988044023513794,8.09850788116455,4.377070903778076
2026-09-07T10:14:09.668000Z,1.7988044023513794,8.09850788116455,4.377070903778076
2026-09-07T10:14:10.122000Z,0.9559326171875,8.21695327758789,5.138586521148682
2026-09-07T10:14:10.683000Z,0.9559326171875,8.21695327758789,5.138586521148682
2026-09-07T10:14:11.129000Z,0.0813559666275978,8.490931510925293,4.992624282836914
2026-09-07T10:14:11.685000Z,0.0813559666275978,8.490931510925293,4.992624282836914
2026-09-07T10:14:12.138000Z,0.6580262184143066,8.159524917602539,5.389832973480225
2026-09-07T10:14:12.693000Z,0.6580262184143066,8.159524917602539,5.389832973480225
2026-09-07T10:14:13.147000Z,0.4474578201770782,8.2157564163208,5.352744102478027
2026-09-07T10:14:13.701000Z,0.4474578201770782,8.2157564163208,5.352744102478027
2026-09-07T10:14:14.152000Z,0.4899304509162903,8.249256134033203,5.313262462615967
2026-09-07T10:14:14.713000Z,0.4899304509162903,8.249256134033203,5.313262462615967
2026-09-07T10:14:15.164000Z,0.5144568681716919,8.158329010009766,5.347958564758301
2026-09-07T10:14:15.719000Z,0.5144568681716919,8.158329010009766,5.347958564758301
2026-09-07T10:14:16.173000Z,0.4953143000602722,8.167900085449219,5.391029357910156
2026-09-07T10:14:16.729000Z,0.4953143000602722,8.167900085449219,5.391029357910156
2026-09-07T10:14:17.184000Z,0.4432703852653503,8.148757934570312,5.405984401702881
2026-09-07T10:14:17.737000Z,0.4432703852653503,8.148757934570312,5.405984401702881
2026-09-07T10:14:18.191000Z,0.6215356588363647,8.09252643585205,5.582455158233643
2026-09-07T10:14:18.747000Z,0.6215356588363647,8.09252643585205,5.582455158233643
2026-09-07T10:14:19.200000Z,0.6795616149902344,7.840681552886963,6.145366668701172
2026-09-07T10:14:19.754000Z,0.6795616149902344,7.840681552886963,6.145366668701172
2026-09-07T10:14:20.208000Z,0.7621139883995056,7.801798343658447,5.800201892852783
2026-09-07T10:14:20.764000Z,0.7621139883995056,7.801798343658447,5.800201892852783
2026-09-07T10:14:21.218000Z,0.7573283910751343,7.829914093017578,5.790032386779785
2026-09-07T10:14:21.786000Z,0.7573283910751343,7.829914093017578,5.790032386779785
2026-09-07T10:14:22.228000Z,0.6011967062950134,7.796414375305176,5.959324836730957
2026-09-07T10:14:22.782000Z,0.6011967062950134,7.796414375305176,5.959324836730957
2026-09-07T10:14:23.236000Z,0.666999340057373,7.87777042388916,5.880959987640381
2026-09-07T10:14:23.778000Z,0.666999340057373,7.87777042388916,5.880959987640381
2026-09-07T10:14:24.228000Z,0.7082754969596863,7.916055679321289,5.698507308959961
2026-09-07T10:14:24.801000Z,0.7082754969596863,7.916055679321289,5.698507308959961
2026-09-07T10:14:25.237000Z,0.6807580590248108,7.872984886169434,5.761318683624268
2026-09-07T10:14:25.792000Z,0.6807580590248108,7.872984886169434,5.761318683624268
2026-09-07T10:14:26.246000Z,0.5802595019340515,8.287541389465332,5.2737812995910645
2026-09-07T10:14:26.808000Z,0.5802595019340515,8.287541389465332,5.2737812995910645
2026-09-07T10:14:27.255000Z,0.8937192559242249,8.6907320022583,5.228915691375732
2026-09-07T10:14:27.810000Z,0.8937192559242249,8.6907320022583,5.228915691375732
2026-09-07T10:14:28.263000Z,0.6382854580879211,8.968897819519043,3.957728624343872
2026-09-07T10:14:28.818000Z,0.6382854580879211,8.968897819519043,3.957728624343872
2026-09-07T10:14:29.273000Z,0.519242525100708,8.848658561706543,3.9218363761901855
2026-09-07T10:14:29.827000Z,0.519242525100708,8.848658561706543,3.9218363761901855
2026-09-07T10:14:30.285000Z,0.381655216217041,8.609973907470703,4.54337215423584
2026-09-07T10:14:30.836000Z,0.381655216217041,8.609973907470703,4.54337215423584
2026-09-07T10:14:31.290000Z,0.4468596279621124,9.077771186828612,3.90987229347229
2026-09-07T10:14:31.846000Z,0.4468596279621124,9.077771186828612,3.90987229347229
2026-09-07T10:14:32.299000Z,1.9262222051620483,8.407182693481445,5.401797294616699
2026-09-07T10:14:32.854000Z,1.9262222051620483,8.407182693481445,5.401797294616699
2026-09-07T10:14:33.308000Z,1.5744773149490356,-0.4773681163787842,12.357133865356444
2026-09-07T10:14:33.867000Z,1.5744773149490356,-0.4773681163787842,12.357133865356444
2026-09-07T10:14:34.318000Z,0.0562313310801982,0.1992024779319763,9.75852870941162
2026-09-07T10:14:34.873000Z,0.0562313310801982,0.1992024779319763,9.75852870941162
2026-09-07T10:14:35.326000Z,0.1328016519546508,0.2476571500301361,9.762118339538574
2026-09-07T10:14:35.883000Z,0.1328016519546508,0.2476571500301361,9.762118339538574
2026-09-07T10:14:36.334000Z,0.0424726009368896,0.1896311938762664,9.78245735168457
2026-09-07T10:14:36.891000Z,0.0424726009368896,0.1896311938762664,9.78245735168457
2026-09-07T10:14:37.345000Z,0.0418743975460529,0.2039881348609924,9.768099784851074
2026-09-07T10:14:37.899000Z,0.0418743975460529,0.2039881348609924,9.768099784851074
2026-09-07T10:14:38.353000Z,0.0370887517929077,0.2135594189167022,9.77707290649414
2026-09-07T10:14:38.908000Z,0.0370887517929077,0.2135594189167022,9.77707290649414
2026-09-07T10:14:39.363000Z,0.0562313310801982,0.2135594189167022,9.77707290649414
2026-09-07T10:14:39.917000Z,0.0562313310801982,0.2135594189167022,9.77707290649414
2026-09-07T10:14:40.371000Z,0.051445685327053,0.2135594189167022,9.77707290649414
2026-09-07T10:14:40.927000Z,0.051445685327053,0.2135594189167022,9.77707290649414
2026-09-07T10:14:41.379000Z,0.0466600432991981,0.2129612118005752,9.757930755615234
2026-09-07T10:14:41.935000Z,0.0466600432991981,0.2129612118005752,9.757930755615234
2026-09-07T10:14:42.389000Z,0.0179461706429719,0.2129612118005752,9.772287368774414
2026-09-07T10:14:42.944000Z,0.0179461706429719,0.2129612118005752,9.772287368774414
2026-09-07T10:14:43.397000Z,0.0370887517929077,0.2081755697727203,9.772287368774414
2026-09-07T10:14:43.956000Z,0.0370887517929077,0.2081755697727203,9.772287368774414
2026-09-07T10:14:44.409000Z,0.0370887517929077,0.2129612118005752,9.781859397888184
2026-09-07T10:14:44.962000Z,0.0370887517929077,0.2129612118005752,9.781859397888184
2026-09-07T10:14:45.417000Z,0.0370887517929077,0.2129612118005752,9.78664493560791
2026-09-07T10:14:45.971000Z,0.0370887517929077,0.2129612118005752,9.78664493560791
2026-09-07T10:14:46.424000Z,0.0418743975460529,0.2081755697727203,9.772287368774414
2026-09-07T10:14:46.982000Z,0.0418743975460529,0.2081755697727203,9.772287368774414
2026-09-07T10:14:47.434000Z,0.0466600432991981,0.2177468538284301,9.771689414978027
2026-09-07T10:14:47.990000Z,0.0466600432991981,0.2177468538284301,9.771689414978027
2026-09-07T10:14:48.443000Z,0.0275174602866172,0.2177468538284301,9.78664493560791
2026-09-07T10:14:49.000000Z,0.0275174602866172,0.2177468538284301,9.78664493560791
2026-09-07T10:14:49.452000Z,0.0323031060397625,0.2177468538284301,9.771689414978027
2026-09-07T10:14:50.008000Z,0.0323031060397625,0.2177468538284301,9.771689414978027
2026-09-07T10:14:50.461000Z,0.0370887517929077,0.2129612118005752,9.78126049041748
2026-09-07T10:14:51.018000Z,0.0370887517929077,0.2129612118005752,9.78126049041748
2026-09-07T10:14:51.470000Z,0.0418743975460529,0.2129612118005752,9.776474952697754
2026-09-07T10:14:52.025000Z,0.0418743975460529,0.2129612118005752,9.776474952697754
2026-09-07T10:14:52.479000Z,0.0323031060397625,0.2033899277448654,9.786046028137209
2026-09-07T10:14:53.035000Z,0.0323031060397625,0.2033899277448654,9.786046028137209
2026-09-07T10:14:53.488000Z,0.0370887517929077,0.1986042857170105,9.771689414978027
2026-09-07T10:14:54.044000Z,0.0370887517929077,0.1986042857170105,9.771689414978027
2026-09-07T10:14:54.498000Z,0.0323031060397625,0.1986042857170105,9.771689414978027
2026-09-07T10:14:55.053000Z,0.0323031060397625,0.1986042857170105,9.771689414978027
2026-09-07T10:14:55.506000Z,0.0412761904299259,0.2273181527853012,9.77109146118164
2026-09-07T10:14:56.063000Z,0.0412761904299259,0.2273181527853012,9.77109146118164
2026-09-07T10:14:56.515000Z,0.0221336092799901,0.2075773626565933,9.762118339538574
2026-09-07T10:14:57.073000Z,0.0221336092799901,0.2075773626565933,9.762118339538574
2026-09-07T10:14:57.525000Z,0.0179461706429719,0.2027917206287384,9.809974670410156
2026-09-07T10:14:58.079000Z,0.0179461706429719,0.2027917206287384,9.809974670410156
2026-09-07T10:14:58.533000Z,0.0275174602866172,0.2123630046844482,9.804591178894045
2026-09-07T10:14:59.088000Z,0.0275174602866172,0.2123630046844482,9.804591178894045
2026-09-07T10:14:59.542000Z,0.0275174602866172,0.2171486616134643,9.795019149780272
2026-09-07T10:15:00.099000Z,0.0275174602866172,0.2171486616134643,9.795019149780272
2026-09-07T10:15:00.553000Z,0.0323031060397625,0.2075773626565933,9.7998046875
2026-09-07T10:15:01.106000Z,0.0323031060397625,0.2075773626565933,9.7998046875
2026-09-07T10:15:01.560000Z,0.0269192550331354,0.1932204216718673,9.780662536621094
2026-09-07T10:15:02.118000Z,0.0269192550331354,0.1932204216718673,9.780662536621094
2026-09-07T10:15:02.569000Z,0.0317048989236354,0.1932204216718673,9.77109146118164
2026-09-07T10:15:03.125000Z,0.0317048989236354,0.1932204216718673,9.77109146118164
2026-09-07T10:15:03.578000Z,0.0364905446767807,0.2075773626565933,9.77109146118164
2026-09-07T10:15:04.134000Z,0.0364905446767807,0.2075773626565933,9.77109146118164
2026-09-07T10:15:04.587000Z,0.0269192550331354,0.2075773626565933,9.780662536621094
2026-09-07T10:15:05.144000Z,0.0269192550331354,0.2075773626565933,9.780662536621094
2026-09-07T10:15:05.596000Z,0.0317048989236354,0.2027917206287384,9.780662536621094
2026-09-07T10:15:06.157000Z,0.0317048989236354,0.2027917206287384,9.780662536621094
2026-09-07T10:15:06.608000Z,0.0364905446767807,0.2123630046844482,9.77109146118164
2026-09-07T10:15:07.161000Z,0.0364905446767807,0.2123630046844482,9.77109146118164
2026-09-07T10:15:07.616000Z,0.0412761904299259,0.2075773626565933,9.770493507385254
2026-09-07T10:15:08.181000Z,0.0412761904299259,0.2075773626565933,9.770493507385254
2026-09-07T10:15:08.625000Z,0.0269192550331354,0.2123630046844482,9.780662536621094
2026-09-07T10:15:09.179000Z,0.0269192550331354,0.2123630046844482,9.780662536621094
2026-09-07T10:15:09.633000Z,0.0364905446767807,0.2027917206287384,9.770493507385254
2026-09-07T10:15:10.188000Z,0.0364905446767807,0.2027917206287384,9.770493507385254
2026-09-07T10:15:10.644000Z,0.0317048989236354,0.2075773626565933,9.780662536621094
2026-09-07T10:15:11.198000Z,0.0317048989236354,0.2075773626565933,9.780662536621094
2026-09-07T10:15:11.653000Z,0.0317048989236354,0.2027917206287384,9.78544807434082
2026-09-07T10:15:12.207000Z,0.0317048989236354,0.2027917206287384,9.78544807434082
2026-09-07T10:15:12.662000Z,0.0508474819362163,0.2027917206287384,9.780064582824709
2026-09-07T10:15:13.215000Z,0.0508474819362163,0.2027917206287384,9.780064582824709
2026-09-07T10:15:13.668000Z,0.0221336092799901,0.1974078714847564,9.78544807434082
2026-09-07T10:15:14.231000Z,0.0221336092799901,0.1974078714847564,9.78544807434082
2026-09-07T10:15:14.678000Z,0.0317048989236354,0.2021935135126114,9.770493507385254
2026-09-07T10:15:15.234000Z,0.0317048989236354,0.2021935135126114,9.770493507385254
2026-09-07T10:15:15.687000Z,0.0317048989236354,0.2069791555404663,9.77527904510498
2026-09-07T10:15:16.242000Z,0.0317048989236354,0.2069791555404663,9.77527904510498
2026-09-07T10:15:16.698000Z,0.0269192550331354,0.1974078714847564,9.775876998901367
2026-09-07T10:15:17.254000Z,0.0269192550331354,0.1974078714847564,9.775876998901367
2026-09-07T10:15:17.705000Z,0.0317048989236354,0.2123630046844482,9.784850120544434
2026-09-07T10:15:18.260000Z,0.0317048989236354,0.2123630046844482,9.784850120544434
2026-09-07T10:15:18.728000Z,0.0412761904299259,0.2027917206287384,9.799206733703612
2026-09-07T10:15:19.272000Z,0.0412761904299259,0.2027917206287384,9.799206733703612
2026-09-07T10:15:19.726000Z,0.0460618361830711,0.2021935135126114,9.770493507385254
2026-09-07T10:15:20.277000Z,0.0460618361830711,0.2021935135126114,9.770493507385254
2026-09-07T10:15:20.731000Z,0.0364905446767807,0.2069791555404663,9.77527904510498
2026-09-07T10:15:21.289000Z,0.0364905446767807,0.2069791555404663,9.77527904510498
2026-09-07T10:15:21.741000Z,0.0317048989236354,0.2021935135126114,9.77527904510498
2026-09-07T10:15:22.296000Z,0.0317048989236354,0.2021935135126114,9.77527904510498
2026-09-07T10:15:22.749000Z,0.0364905446767807,0.2021935135126114,9.799206733703612
2026-09-07T10:15:23.307000Z,0.0364905446767807,0.2021935135126114,9.799206733703612
2026-09-07T10:15:23.758000Z,0.0269192550331354,0.1974078714847564,9.77527904510498
2026-09-07T10:15:24.314000Z,0.0269192550331354,0.1974078714847564,9.77527904510498
2026-09-07T10:15:24.768000Z,0.0173479635268449,0.1974078714847564,9.780064582824709
2026-09-07T10:15:25.323000Z,0.0173479635268449,0.1974078714847564,9.780064582824709
2026-09-07T10:15:25.778000Z,0.0317048989236354,0.1878365725278854,9.77527904510498
2026-09-07T10:15:26.334000Z,0.0317048989236354,0.1878365725278854,9.77527904510498
2026-09-07T10:15:26.788000Z,0.0364905446767807,0.2021935135126114,9.784850120544434
2026-09-07T10:15:27.340000Z,0.0364905446767807,0.2021935135126114,9.784850120544434
2026-09-07T10:15:27.796000Z,0.0317048989236354,0.2021935135126114,9.765707015991213
2026-09-07T10:15:28.349000Z,0.0317048989236354,0.2021935135126114,9.765707015991213
2026-09-07T10:15:28.803000Z,0.0364905446767807,0.1974078714847564,9.780064582824709
2026-09-07T10:15:29.365000Z,0.0364905446767807,0.1974078714847564,9.780064582824709
2026-09-07T10:15:29.816000Z,0.0364905446767807,0.1974078714847564,9.765707015991213
2026-09-07T10:15:30.385000Z,0.0364905446767807,0.1974078714847564,9.765707015991213
2026-09-07T10:15:30.821000Z,0.0412761904299259,0.1974078714847564,9.77527904510498
2026-09-07T10:15:31.379000Z,0.0412761904299259,0.1974078714847564,9.77527904510498
2026-09-07T10:15:31.831000Z,0.0173479635268449,0.1974078714847564,9.780064582824709
2026-09-07T10:15:32.387000Z,0.0173479635268449,0.1974078714847564,9.780064582824709
2026-09-07T10:15:32.840000Z,0.0221336092799901,0.1974078714847564,9.784850120544434
2026-09-07T10:15:33.396000Z,0.0221336092799901,0.1974078714847564,9.784850120544434
2026-09-07T10:15:33.851000Z,0.0317048989236354,0.1878365725278854,9.770493507385254
2026-09-07T10:15:34.408000Z,0.0317048989236354,0.1878365725278854,9.770493507385254
2026-09-07T10:15:34.859000Z,0.0221336092799901,0.2069791555404663,9.77527904510498
2026-09-07T10:15:35.413000Z,0.0221336092799901,0.2069791555404663,9.77527904510498
2026-09-07T10:15:35.868000Z,0.0311066936701536,0.1830509305000305,9.717850685119627
2026-09-07T10:15:36.421000Z,0.0311066936701536,0.1830509305000305,9.717850685119627
2026-09-07T10:15:36.874000Z,0.0125623187050223,0.2117647975683212,9.77527904510498
2026-09-07T10:15:37.430000Z,0.0125623187050223,0.2117647975683212,9.77527904510498
2026-09-07T10:15:37.885000Z,-0.0275174602866172,2.51425838470459,4.686343193054199
2026-09-07T10:15:38.440000Z,-0.0275174602866172,2.51425838470459,4.686343193054199
2026-09-07T10:15:38.892000Z,3.93679141998291,7.116852760314941,5.935396671295166
2026-09-07T10:15:39.448000Z,3.93679141998291,7.116852760314941,5.935396671295166
2026-09-07T10:15:39.903000Z,0.12143574655056,4.007379531860352,6.159125328063965
2026-09-07T10:15:40.457000Z,0.12143574655056,4.007379531860352,6.159125328063965
2026-09-07T10:15:40.910000Z,0.4731806814670563,7.87358283996582,3.565305709838867
2026-09-07T10:15:41.465000Z,0.4731806814670563,7.87358283996582,3.565305709838867
2026-09-07T10:15:41.918000Z,-0.0723828822374343,6.946962356567383,6.903891563415527
2026-09-07T10:15:42.477000Z,-0.0723828822374343,6.946962356567383,6.903891563415527
2026-09-07T10:15:42.929000Z,0.1453639715909958,6.535397052764893,6.638288021087647
2026-09-07T10:15:43.485000Z,0.1453639715909958,6.535397052764893,6.638288021087647
2026-09-07T10:15:43.938000Z,0.4372883439064026,2.19182562828064,10.694122314453123
2026-09-07T10:15:44.493000Z,0.4372883439064026,2.19182562828064,10.694122314453123
2026-09-07T10:15:44.946000Z,0.3864408433437347,7.41117000579834,4.452444553375244
2026-09-07T10:15:45.502000Z,0.3864408433437347,7.41117000579834,4.452444553375244
2026-09-07T10:15:45.956000Z,-0.236291229724884,6.8895344734191895,8.869595527648926
2026-09-07T10:15:46.514000Z,-0.236291229724884,6.8895344734191895,8.869595527648926
2026-09-07T10:15:46.963000Z,0.786640465259552,6.056233882904053,7.314858913421631
2026-09-07T10:15:47.519000Z,0.786640465259552,6.056233882904053,7.314858913421631
2026-09-07T10:15:47.973000Z,-0.981655478477478,6.357729911804199,9.689735412597656
2026-09-07T10:15:48.528000Z,-0.981655478477478,6.357729911804199,9.689735412597656
2026-09-07T10:15:48.982000Z,0.237487643957138,8.920442581176758,-0.1573280841112136
2026-09-07T10:15:49.539000Z,0.237487643957138,8.920442581176758,-0.1573280841112136
2026-09-07T10:15:49.991000Z,0.0448654256761074,7.264011383056641,7.28255558013916
2026-09-07T10:15:50.546000Z,0.0448654256761074,7.264011383056641,7.28255558013916
2026-09-07T10:15:51.001000Z,0.9427721500396729,5.085346221923828,7.477570533752441
2026-09-07T10:15:51.557000Z,0.9427721500396729,5.085346221923828,7.477570533752441
2026-09-07T10:15:52.012000Z,0.8333004713058472,-2.687139749526977,5.528018474578857
2026-09-07T10:15:52.584000Z,0.8333004713058472,-2.687139749526977,5.528018474578857
2026-09-07T10:15:53.035000Z,-2.250449657440185,9.17587661743164,7.636693477630615
2026-09-07T10:15:53.590000Z,-2.250449657440185,9.17587661743164,7.636693477630615
2026-09-07T10:15:54.045000Z,-1.3405789136886597,-0.6125625967979431,13.064811706542969
2026-09-07T10:15:54.611000Z,-1.3405789136886597,-0.6125625967979431,13.064811706542969
2026-09-07T10:15:55.053000Z,-0.5760720372200012,-2.5872395038604736,12.832707405090332
2026-09-07T10:15:55.604000Z,-0.5760720372200012,-2.5872395038604736,12.832707405090332
2026-09-07T10:15:56.060000Z,-2.541177749633789,1.8065811395645144,10.000204086303713
2026-09-07T10:15:56.620000Z,-2.541177749633789,1.8065811395645144,10.000204086303713
2026-09-07T10:15:57.075000Z,-0.7292127013206482,0.0041874395683407,10.074381828308104
2026-09-07T10:15:57.628000Z,-0.7292127013206482,0.0041874395683407,10.074381828308104
2026-09-07T10:15:58.079000Z,0.6185446381568909,0.8249256014823914,9.346963882446287
2026-09-07T10:15:58.634000Z,0.6185446381568909,0.8249256014823914,9.346963882446287
2026-09-07T10:15:59.091000Z,-0.2757728099822998,-0.771087110042572,11.517253875732422
2026-09-07T10:15:59.642000Z,-0.2757728099822998,-0.771087110042572,11.517253875732422
2026-09-07T10:16:00.096000Z,1.4877375364303589,3.920639991760254,9.537193298339844
2026-09-07T10:16:00.656000Z,1.4877375364303589,3.920639991760254,9.537193298339844
2026-09-07T10:16:01.104000Z,-2.4436700344085693,5.778068542480469,7.785646915435791
2026-09-07T10:16:01.666000Z,-2.4436700344085693,5.778068542480469,7.785646915435791
2026-09-07T10:16:02.114000Z,0.1567298769950866,5.373681545257568,8.782855987548828
2026-09-07T10:16:02.673000Z,0.1567298769950866,5.373681545257568,8.782855987548828
2026-09-07T10:16:03.124000Z,0.8147560954093933,5.0225348472595215,5.429314613342285
2026-09-07T10:16:03.678000Z,0.8147560954093933,5.0225348472595215,5.429314613342285
2026-09-07T10:16:04.132000Z,0.5054838061332703,7.18504810333252,7.548757076263428
2026-09-07T10:16:04.692000Z,0.5054838061332703,7.18504810333252,7.548757076263428
2026-09-07T10:16:05.140000Z,2.2091734409332275,3.7950167655944815,6.367300987243652
2026-09-07T10:16:05.698000Z,2.2091734409332275,3.7950167655944815,6.367300987243652
2026-09-07T10:16:06.153000Z,1.6719847917556765,5.500501155853272,5.873183250427246
2026-09-07T10:16:06.708000Z,1.6719847917556765,5.500501155853272,5.873183250427246
2026-09-07T10:16:07.165000Z,0.4666004180908203,5.72841739654541,10.391430854797363
2026-09-07T10:16:07.713000Z,0.4666004180908203,5.72841739654541,10.391430854797363
2026-09-07T10:16:08.171000Z,0.9254241585731506,6.740581512451172,5.333003520965576
2026-09-07T10:16:08.720000Z,0.9254241585731506,6.740581512451172,5.333003520965576
2026-09-07T10:16:09.175000Z,-0.9152546525001526,6.182455539703369,8.528019905090332
2026-09-07T10:16:09.731000Z,-0.9152546525001526,6.182455539703369,8.528019905090332
2026-09-07T10:16:10.185000Z,1.5290136337280271,5.243870735168457,8.526225090026855
2026-09-07T10:16:10.742000Z,1.5290136337280271,5.243870735168457,8.526225090026855
2026-09-07T10:16:11.196000Z,-0.9122636318206788,4.948955535888672,7.070790767669678
2026-09-07T10:16:11.752000Z,-0.9122636318206788,4.948955535888672,7.070790767669678
2026-09-07T10:16:12.202000Z,1.0767701864242554,6.455835342407227,7.778468132019043
2026-09-07T10:16:12.760000Z,1.0767701864242554,6.455835342407227,7.778468132019043
2026-09-07T10:16:13.211000Z,2.650649309158325,5.493322372436523,5.368297576904297
2026-09-07T10:16:13.767000Z,2.650649309158325,5.493322372436523,5.368297576904297
2026-09-07T10:16:14.221000Z,-1.164706468582153,5.471786975860596,7.751548767089844
2026-09-07T10:16:14.776000Z,-1.164706468582153,5.471786975860596,7.751548767089844
2026-09-07T10:16:15.231000Z,-1.1168500185012815,5.289334297180176,9.32004451751709
2026-09-07T10:16:15.783000Z,-1.1168500185012815,5.289334297180176,9.32004451751709
2026-09-07T10:16:16.242000Z,-1.339382529258728,6.588637351989746,8.703293800354004
2026-09-07T10:16:16.814000Z,-1.339382529258728,6.588637351989746,8.703293800354004
2026-09-07T10:16:17.250000Z,-1.913659930229187,5.165505886077881,8.756534576416016
2026-09-07T10:16:17.821000Z,-1.913659930229187,5.165505886077881,8.756534576416016
2026-09-07T10:16:18.257000Z,-0.6514459848403931,4.648656368255615,8.95513916015625
2026-09-07T10:16:18.830000Z,-0.6514459848403931,4.648656368255615,8.95513916015625
2026-09-07T10:16:19.268000Z,1.444666624069214,3.617349624633789,8.885149002075195
2026-09-07T10:16:19.838000Z,1.444666624069214,3.617349624633789,8.885149002075195
2026-09-07T10:16:20.276000Z,1.201795220375061,-1.9256240129470823,14.274383544921877
2026-09-07T10:16:20.850000Z,1.201795220375061,-1.9256240129470823,14.274383544921877
2026-09-07T10:16:21.285000Z,-0.005383851006627,1.5086746215820312,9.626923561096191
2026-09-07T10:16:21.863000Z,-0.005383851006627,1.5086746215820312,9.626923561096191
2026-09-07T10:16:22.294000Z,0.0981057286262512,0.131007045507431,9.718449592590332
2026-09-07T10:16:22.869000Z,0.0981057286262512,0.131007045507431,9.718449592590332
2026-09-07T10:16:23.303000Z,0.1369891017675399,0.1740778535604477,9.780064582824709
2026-09-07T10:16:23.884000Z,0.1369891017675399,0.1740778535604477,9.780064582824709
2026-09-07T10:16:24.312000Z,0.1274178028106689,0.1788634955883026,9.780064582824709
2026-09-07T10:16:24.886000Z,0.1274178028106689,0.1788634955883026,9.780064582824709
2026-09-07T10:16:25.322000Z,0.1274178028106689,0.1740778535604477,9.77527904510498
2026-09-07T10:16:25.890000Z,0.1274178028106689,0.1740778535604477,9.77527904510498
2026-09-07T10:16:26.327000Z,0.1274178028106689,0.1692921966314315,9.784850120544434
2026-09-07T10:16:26.900000Z,0.1274178028106689,0.1692921966314315,9.784850120544434
2026-09-07T10:16:27.337000Z,0.1274178028106689,0.1692921966314315,9.77527904510498
2026-09-07T10:16:27.910000Z,0.1274178028106689,0.1692921966314315,9.77527904510498
2026-09-07T10:16:28.347000Z,0.1274178028106689,0.1788634955883026,9.77527904510498
2026-09-07T10:16:28.916000Z,0.1274178028106689,0.1788634955883026,9.77527904510498
2026-09-07T10:16:29.355000Z,0.1178465187549591,0.1692921966314315,9.780064582824709
2026-09-07T10:16:29.926000Z,0.1178465187549591,0.1692921966314315,9.780064582824709
2026-09-07T10:16:30.362000Z,0.122632160782814,0.1836491376161575,9.77527904510498
2026-09-07T10:16:30.935000Z,0.122632160782814,0.1836491376161575,9.77527904510498
2026-09-07T10:16:31.374000Z,0.122632160782814,0.1740778535604477,9.780064582824709
2026-09-07T10:16:31.947000Z,0.122632160782814,0.1740778535604477,9.780064582824709
2026-09-07T10:16:32.383000Z,0.1274178028106689,0.1692921966314315,9.77527904510498
2026-09-07T10:16:32.957000Z,0.1274178028106689,0.1692921966314315,9.77527904510498
2026-09-07T10:16:33.392000Z,0.0987039357423782,0.1740778535604477,9.799206733703612
2026-09-07T10:16:33.962000Z,0.0987039357423782,0.1740778535604477,9.799206733703612
2026-09-07T10:16:34.399000Z,0.237487643957138,0.1651047617197036,9.827322959899902
2026-09-07T10:16:34.972000Z,0.237487643957138,0.1651047617197036,9.827322959899902
2026-09-07T10:16:35.405000Z,0.0891326442360878,0.1788634955883026,9.784850120544434
2026-09-07T10:16:35.980000Z,0.0891326442360878,0.1788634955883026,9.784850120544434
2026-09-07T10:16:36.432000Z,0.0939182862639427,0.1836491376161575,9.765707015991213
2026-09-07T10:16:36.989000Z,0.0939182862639427,0.1836491376161575,9.765707015991213
2026-09-07T10:16:37.425000Z,0.0987039357423782,0.1501496136188507,9.77109146118164
2026-09-07T10:16:38.000000Z,0.0987039357423782,0.1501496136188507,9.77109146118164
2026-09-07T10:16:38.433000Z,0.122632160782814,0.1692921966314315,9.780064582824709
2026-09-07T10:16:39.004000Z,0.122632160782814,0.1692921966314315,9.780064582824709
2026-09-07T10:16:39.446000Z,0.1178465187549591,0.1645065546035766,9.77527904510498
2026-09-07T10:16:40.023000Z,0.1178465187549591,0.1645065546035766,9.77527904510498
2026-09-07T10:16:40.453000Z,0.1178465187549591,0.1692921966314315,9.770493507385254
2026-09-07T10:16:41.025000Z,0.1178465187549591,0.1692921966314315,9.770493507385254
2026-09-07T10:16:41.465000Z,0.122632160782814,0.1692921966314315,9.784850120544434
2026-09-07T10:16:42.035000Z,0.122632160782814,0.1692921966314315,9.784850120544434
2026-09-07T10:16:42.469000Z,0.122632160782814,0.1692921966314315,9.77527904510498
2026-09-07T10:16:43.041000Z,0.122632160782814,0.1692921966314315,9.77527904510498
2026-09-07T10:16:43.480000Z,0.122632160782814,0.1692921966314315,9.77527904510498
2026-09-07T10:16:44.051000Z,0.122632160782814,0.1692921966314315,9.77527904510498
2026-09-07T10:16:44.488000Z,0.1178465187549591,0.1740778535604477,9.780064582824709
2026-09-07T10:16:45.060000Z,0.1178465187549591,0.1740778535604477,9.780064582824709
2026-09-07T10:16:45.496000Z,0.1178465187549591,0.1692921966314315,9.784850120544434
2026-09-07T10:16:46.068000Z,0.1178465187549591,0.1692921966314315,9.784850120544434
2026-09-07T10:16:46.506000Z,-2.130808591842652,0.8015955686569214,12.964911460876465
2026-09-07T10:16:47.075000Z,-2.130808591842652,0.8015955686569214,12.964911460876465
2026-09-07T10:16:47.515000Z,-0.4761717021465301,5.375475883483887,8.414361000061035
2026-09-07T10:16:48.083000Z,-0.4761717021465301,5.375475883483887,8.414361000061035
2026-09-07T10:16:48.524000Z,2.709273338317871,4.350749969482422,7.4362945556640625
2026-09-07T10:16:49.094000Z,2.709273338317871,4.350749969482422,7.4362945556640625
2026-09-07T10:16:49.536000Z,0.0867398232221603,4.818546772003174,8.800203323364258
2026-09-07T10:16:50.120000Z,0.0867398232221603,4.818546772003174,8.800203323364258
2026-09-07T10:16:50.544000Z,1.6737794876098633,5.74397087097168,7.16949462890625
2026-09-07T10:16:51.114000Z,1.6737794876098633,5.74397087097168,7.16949462890625
2026-09-07T10:16:51.547000Z,-0.6239284873008728,5.934200286865234,7.992625713348389
2026-09-07T10:16:52.122000Z,-0.6239284873008728,5.934200286865234,7.992625713348389
2026-09-07T10:16:52.558000Z,0.6514459848403931,6.324230194091797,9.224929809570312
2026-09-07T10:16:53.127000Z,0.6514459848403931,6.324230194091797,9.224929809570312
2026-09-07T10:16:53.566000Z,2.985046148300171,3.098705291748047,6.011368751525879
2026-09-07T10:16:54.140000Z,2.985046148300171,3.098705291748047,6.011368751525879
2026-09-07T10:16:54.575000Z,3.279961585998535,5.72841739654541,6.358327865600586
2026-09-07T10:16:55.146000Z,3.279961585998535,5.72841739654541,6.358327865600586
2026-09-07T10:16:55.583000Z,1.7252250909805298,5.7511491775512695,8.1224365234375
2026-09-07T10:16:56.156000Z,1.7252250909805298,5.7511491775512695,8.1224365234375
2026-09-07T10:16:56.591000Z,-0.5587241053581238,5.402395248413086,7.677371501922607
2026-09-07T10:16:57.162000Z,-0.5587241053581238,5.402395248413086,7.677371501922607
2026-09-07T10:16:57.600000Z,-0.4420739710330963,6.103492259979248,4.8568315505981445
2026-09-07T10:16:58.173000Z,-0.4420739710330963,6.103492259979248,4.8568315505981445
2026-09-07T10:16:58.609000Z,-1.5720844268798828,6.491129398345947,4.510470867156982
2026-09-07T10:16:59.186000Z,-1.5720844268798828,6.491129398345947,4.510470867156982
2026-09-07T10:16:59.628000Z,-1.28255295753479,7.151548862457275,6.08195686340332
2026-09-07T10:17:00.193000Z,0.3870390653610229,7.246663570404053,7.085147857666016
2026-09-07T10:17:00.628000Z,0.3870390653610229,7.246663570404053,7.085147857666016
2026-09-07T10:17:01.201000Z,-1.222732424736023,5.368896007537842,8.673981666564941
2026-09-07T10:17:01.639000Z,-1.222732424736023,5.368896007537842,8.673981666564941
2026-09-07T10:17:02.207000Z,-1.3680963516235352,6.297310829162598,6.988238334655762
2026-09-07T10:17:02.647000Z,-1.3680963516235352,6.297310829162598,6.988238334655762
2026-09-07T10:17:03.221000Z,0.372682124376297,6.299703598022461,7.421339511871338
2026-09-07T10:17:03.653000Z,0.372682124376297,6.299703598022461,7.421339511871338
2026-09-07T10:17:04.228000Z,-0.0969093143939971,7.254439830780029,5.2492547035217285
2026-09-07T10:17:04.661000Z,-0.0969093143939971,7.254439830780029,5.2492547035217285
2026-09-07T10:17:05.234000Z,0.3708875179290771,6.631109714508057,7.825128078460693
2026-09-07T10:17:05.671000Z,0.3708875179290771,6.631109714508057,7.825128078460693
2026-09-07T10:17:06.248000Z,-0.1483550071716308,6.1603217124938965,7.8628153800964355
2026-09-07T10:17:06.680000Z,-0.1483550071716308,6.1603217124938965,7.8628153800964355
2026-09-07T10:17:07.249000Z,-1.8323038816452024,6.383452415466309,9.552745819091797
2026-09-07T10:17:07.687000Z,-1.8323038816452024,6.383452415466309,9.552745819091797
2026-09-07T10:17:08.260000Z,-0.5862415432929993,7.080362319946289,7.0408806800842285
2026-09-07T10:17:08.696000Z,-0.5862415432929993,7.080362319946289,7.0408806800842285
2026-09-07T10:17:09.271000Z,0.3248256742954254,6.607181549072266,7.99800968170166
2026-09-07T10:17:09.707000Z,0.3248256742954254,6.607181549072266,7.99800968170166
2026-09-07T10:17:10.280000Z,-2.2031915187835693,6.251249313354492,7.027719974517822
2026-09-07T10:17:10.714000Z,-2.2031915187835693,6.251249313354492,7.027719974517822
2026-09-07T10:17:11.284000Z,1.031306505203247,6.9960150718688965,9.124430656433104
2026-09-07T10:17:11.722000Z,1.031306505203247,6.9960150718688965,9.124430656433104
2026-09-07T10:17:12.297000Z,0.4187439680099487,6.606583118438721,5.697908878326416
2026-09-07T10:17:12.736000Z,0.4187439680099487,6.606583118438721,5.697908878326416
2026-09-07T10:17:13.302000Z,0.9511470198631288,5.960521221160889,8.518448829650879
2026-09-07T10:17:13.742000Z,0.9511470198631288,5.960521221160889,8.518448829650879
2026-09-07T10:17:14.312000Z,0.9427721500396729,6.1363935470581055,8.185846328735352
2026-09-07T10:17:14.752000Z,0.9427721500396729,6.1363935470581055,8.185846328735352
2026-09-07T10:17:15.321000Z,1.0055837631225586,4.956732273101807,9.080163955688477
2026-09-07T10:17:15.762000Z,1.0055837631225586,4.956732273101807,9.080163955688477
2026-09-07T10:17:16.329000Z,-0.4983053207397461,5.423332691192627,10.172487258911133
2026-09-07T10:17:16.769000Z,-0.4983053207397461,5.423332691192627,10.172487258911133
2026-09-07T10:17:17.343000Z,1.0247262716293335,4.761716842651367,9.565906524658203
2026-09-07T10:17:17.777000Z,1.0247262716293335,4.761716842651367,9.565906524658203
2026-09-07T10:17:18.348000Z,1.583450436592102,5.609374523162842,7.167101860046387
2026-09-07T10:17:18.784000Z,1.583450436592102,5.609374523162842,7.167101860046387
2026-09-07T10:17:19.356000Z,0.4091726839542389,7.683353424072266,7.497311592102051
2026-09-07T10:17:19.794000Z,0.4091726839542389,7.683353424072266,7.497311592102051
2026-09-07T10:17:20.368000Z,0.4444667994976043,6.175875186920166,7.417750358581543
2026-09-07T10:17:20.806000Z,0.4444667994976043,6.175875186920166,7.417750358581543
2026-09-07T10:17:21.376000Z,0.1668993830680847,6.403193473815918,6.8518476486206055
2026-09-07T10:17:21.815000Z,0.1668993830680847,6.403193473815918,6.8518476486206055
2026-09-07T10:17:22.383000Z,0.8123632669448853,5.02432918548584,7.777870178222656
2026-09-07T10:17:22.820000Z,0.8123632669448853,5.02432918548584,7.777870178222656
2026-09-07T10:17:23.394000Z,-0.9954141974449158,5.930012702941895,7.008577346801758
2026-09-07T10:17:23.830000Z,-0.9954141974449158,5.930012702941895,7.008577346801758
2026-09-07T10:17:24.404000Z,0.0568295381963253,6.674778938293457,8.444869041442871
2026-09-07T10:17:24.839000Z,0.0568295381963253,6.674778938293457,8.444869041442871
2026-09-07T10:17:25.411000Z,2.3844478130340576,6.260820388793945,6.114858150482178
2026-09-07T10:17:25.849000Z,2.3844478130340576,6.260820388793945,6.114858150482178
2026-09-07T10:17:26.421000Z,0.8997012972831726,8.270791053771973,6.399604320526123
2026-09-07T10:17:26.856000Z,0.8997012972831726,8.270791053771973,6.399604320526123
2026-09-07T10:17:27.429000Z,0.2691925466060638,6.893123626708984,5.571687698364258
2026-09-07T10:17:27.864000Z,0.2691925466060638,6.893123626708984,5.571687698364258
2026-09-07T10:17:28.440000Z,0.2045863419771194,7.68395185470581,8.063812255859375
2026-09-07T10:17:28.877000Z,0.2045863419771194,7.68395185470581,8.063812255859375
2026-09-07T10:17:29.444000Z,-0.1549352705478668,6.118447303771973,6.531209468841553
2026-09-07T10:17:29.889000Z,-0.1549352705478668,6.118447303771973,6.531209468841553
2026-09-07T10:17:30.455000Z,-1.4327025413513184,7.609176158905029,5.335994720458984
2026-09-07T10:17:30.894000Z,-1.4327025413513184,7.609176158905029,5.335994720458984
2026-09-07T10:17:31.466000Z,1.5589239597320557,7.264609336853027,6.880561351776123
2026-09-07T10:17:31.903000Z,1.5589239597320557,7.264609336853027,6.880561351776123
2026-09-07T10:17:32.477000Z,-4.290929317474365,-1.5314065217971802,13.24008560180664
2026-09-07T10:17:32.910000Z,-4.290929317474365,-1.5314065217971802,13.24008560180664
2026-09-07T10:17:33.482000Z,0.7190431952476501,3.321835994720459,8.21874713897705
2026-09-07T10:17:33.916000Z,0.7190431952476501,3.321835994720459,8.21874713897705
2026-09-07T10:17:34.503000Z,-0.8039883971214294,6.500102519989014,8.739784240722656
2026-09-07T10:17:34.928000Z,-0.8039883971214294,6.500102519989014,8.739784240722656
2026-09-07T10:17:35.499000Z,-0.1770688742399215,6.970890522003174,4.811966419219971
2026-09-07T10:17:35.934000Z,-0.1770688742399215,6.970890522003174,4.811966419219971
2026-09-07T10:17:36.508000Z,1.184447169303894,6.818347930908203,7.027122020721436
2026-09-07T10:17:36.946000Z,1.184447169303894,6.818347930908203,7.027122020721436
2026-09-07T10:17:37.519000Z,1.0378868579864502,7.276573657989502,8.368897438049316
2026-09-07T10:17:37.953000Z,1.0378868579864502,7.276573657989502,8.368897438049316
2026-09-07T10:17:38.524000Z,0.5030909776687622,6.815357208251953,6.658029079437256
2026-09-07T10:17:38.962000Z,0.5030909776687622,6.815357208251953,6.658029079437256
2026-09-07T10:17:39.533000Z,0.6071787476539612,6.829713821411133,6.50907564163208
2026-09-07T10:17:39.974000Z,0.6071787476539612,6.829713821411133,6.50907564163208
2026-09-07T10:17:40.546000Z,0.0855434089899063,8.6243314743042,7.24008321762085
2026-09-07T10:17:40.980000Z,0.0855434089899063,8.6243314743042,7.24008321762085
2026-09-07T10:17:41.550000Z,-0.5802595019340515,8.37966537475586,4.267599105834961
2026-09-07T10:17:41.988000Z,-0.5802595019340515,8.37966537475586,4.267599105834961
2026-09-07T10:17:42.560000Z,-0.7441678643226624,7.77607536315918,6.052644729614258
2026-09-07T10:17:42.997000Z,-0.7441678643226624,7.77607536315918,6.052644729614258
2026-09-07T10:17:43.571000Z,-1.0959128141403198,6.53180742263794,6.5282182693481445
2026-09-07T10:17:44.008000Z,-1.0959128141403198,6.53180742263794,6.5282182693481445
2026-09-07T10:17:44.576000Z,1.028315544128418,6.829713821411133,7.727620601654053
2026-09-07T10:17:45.014000Z,1.028315544128418,6.829713821411133,7.727620601654053
2026-09-07T10:17:45.587000Z,-0.0933200865983963,7.023532867431641,6.650252342224121
2026-09-07T10:17:46.023000Z,-0.0933200865983963,7.023532867431641,6.650252342224121
2026-09-07T10:17:46.596000Z,-0.7262216806411743,7.0654072761535645,6.912864685058594
2026-09-07T10:17:47.029000Z,-0.7262216806411743,7.0654072761535645,6.912864685058594
2026-09-07T10:17:47.606000Z,-0.7980063557624817,6.966702938079834,4.184448719024658
2026-09-07T10:17:48.042000Z,-0.7980063557624817,6.966702938079834,4.184448719024658
2026-09-07T10:17:48.613000Z,-0.2721835672855377,7.444071292877197,6.488736629486084
2026-09-07T10:17:49.052000Z,-0.2721835672855377,7.444071292877197,6.488736629486084
2026-09-07T10:17:49.632000Z,-1.5451651811599731,7.914859294891357,7.24008321762085
2026-09-07T10:17:50.058000Z,-1.5451651811599731,7.914859294891357,7.24008321762085
2026-09-07T10:17:50.630000Z,1.0396814346313477,6.16271448135376,8.865407943725586
2026-09-07T10:17:51.064000Z,1.0396814346313477,6.16271448135376,8.865407943725586
2026-09-07T10:17:51.637000Z,-0.4498506486415863,7.616952896118164,6.957729816436768
2026-09-07T10:17:52.078000Z,-0.4498506486415863,7.616952896118164,6.957729816436768
2026-09-07T10:17:52.646000Z,0.0317048989236354,6.770491600036621,6.753143787384033
2026-09-07T10:17:53.085000Z,0.0317048989236354,6.770491600036621,6.753143787384033
2026-09-07T10:17:53.660000Z,0.8267202377319336,8.97966480255127,4.821537494659424
2026-09-07T10:17:54.095000Z,0.8267202377319336,8.97966480255127,4.821537494659424
2026-09-07T10:17:54.663000Z,1.5936198234558103,5.609374523162842,8.82951545715332
2026-09-07T10:17:55.104000Z,1.5936198234558103,5.609374523162842,8.82951545715332
2026-09-07T10:17:55.673000Z,-1.2891331911087036,6.818946361541748,6.828517436981201
2026-09-07T10:17:56.109000Z,-1.2891331911087036,6.818946361541748,6.828517436981201
2026-09-07T10:17:56.682000Z,-0.7603194117546082,8.006982803344727,6.481558322906494
2026-09-07T10:17:57.120000Z,-0.7603194117546082,8.006982803344727,6.481558322906494
2026-09-07T10:17:57.693000Z,-0.4983053207397461,6.923034191131592,-0.1908276081085205
2026-09-07T10:17:58.133000Z,-0.4983053207397461,6.923034191131592,-0.1908276081085205
2026-09-07T10:17:58.699000Z,-0.116051897406578,10.844870567321776,3.772883176803589
2026-09-07T10:17:59.136000Z,-0.116051897406578,10.844870567321776,3.772883176803589
2026-09-07T10:17:59.721000Z,3.671786308288574,2.595614433288574,4.7575297355651855
2026-09-07T10:18:00.145000Z,3.671786308288574,2.595614433288574,4.7575297355651855
2026-09-07T10:18:00.720000Z,-2.541177749633789,8.427521705627441,6.963113784790039
2026-09-07T10:18:01.158000Z,-2.541177749633789,8.427521705627441,6.963113784790039
2026-09-07T10:18:01.723000Z,0.8063812255859375,4.053441524505615,4.272384643554688
2026-09-07T10:18:02.164000Z,0.8063812255859375,4.053441524505615,4.272384643554688
2026-09-07T10:18:02.737000Z,-0.375074952840805,5.767899036407471,6.383452415466309
2026-09-07T10:18:03.172000Z,-0.375074952840805,5.767899036407471,6.383452415466309
2026-09-07T10:18:03.746000Z,-0.4193421602249145,9.068798065185549,5.801398277282715
2026-09-07T10:18:04.183000Z,-0.4193421602249145,9.068798065185549,5.801398277282715
2026-09-07T10:18:04.754000Z,0.6610172390937805,6.266802310943604,7.084549427032471
2026-09-07T10:18:05.188000Z,0.6610172390937805,6.266802310943604,7.084549427032471
2026-09-07T10:18:05.766000Z,0.6867401003837585,6.495915412902832,6.827919483184815
2026-09-07T10:18:06.198000Z,0.6867401003837585,6.495915412902832,6.827919483184815
2026-09-07T10:18:06.769000Z,-0.5521438121795654,6.2051873207092285,5.3694939613342285
2026-09-07T10:18:07.211000Z,-0.5521438121795654,6.2051873207092285,5.3694939613342285
2026-09-07T10:18:07.780000Z,0.2123630046844482,7.241877555847168,7.249654293060303
2026-09-07T10:18:08.217000Z,0.2123630046844482,7.241877555847168,7.249654293060303
2026-09-07T10:18:08.806000Z,0.7082754969596863,5.375475883483887,4.766502857208252
2026-09-07T10:18:09.226000Z,0.7082754969596863,5.375475883483887,4.766502857208252
2026-09-07T10:18:09.801000Z,-0.6634100675582886,5.574678421020508,7.724031448364258
2026-09-07T10:18:10.233000Z,-0.6634100675582886,5.574678421020508,7.724031448364258
2026-09-07T10:18:10.806000Z,-2.968894720077514,12.148959159851074,10.49372386932373
2026-09-07T10:18:11.243000Z,-2.968894720077514,12.148959159851074,10.49372386932373
2026-09-07T10:18:11.814000Z,1.2137593030929563,7.399205684661865,5.665007591247559
2026-09-07T10:18:12.255000Z,1.2137593030929563,7.399205684661865,5.665007591247559
2026-09-07T10:18:12.823000Z,-0.6879364848136902,6.236293792724609,8.339585304260254
2026-09-07T10:18:13.260000Z,-0.6879364848136902,6.236293792724609,8.339585304260254
2026-09-07T10:18:13.832000Z,0.7387840151786804,5.628517150878906,8.212167739868164
2026-09-07T10:18:14.269000Z,0.7387840151786804,5.628517150878906,8.212167739868164
2026-09-07T10:18:14.847000Z,-0.5461617708206177,5.774479389190674,9.124430656433104
2026-09-07T10:18:15.282000Z,-0.5461617708206177,5.774479389190674,9.124430656433104
2026-09-07T10:18:15.855000Z,-0.3631108403205871,5.160121917724609,8.186444282531738
2026-09-07T10:18:16.289000Z,-0.3631108403205871,5.160121917724609,8.186444282531738
2026-09-07T10:18:16.882000Z,-0.3014956414699554,5.356931686401367,8.164909362792969
2026-09-07T10:18:17.297000Z,-0.3014956414699554,5.356931686401367,8.164909362792969
2026-09-07T10:18:17.873000Z,-0.3655036687850952,4.053441524505615,11.437093734741213
2026-09-07T10:18:18.309000Z,-0.3655036687850952,4.053441524505615,11.437093734741213
2026-09-07T10:18:18.886000Z,-0.2315055876970291,5.6548380851745605,8.57767105102539
2026-09-07T10:18:19.318000Z,-0.2315055876970291,5.6548380851745605,8.57767105102539
2026-09-07T10:18:19.886000Z,0.2901297509670257,6.036493301391602,9.326624870300291
2026-09-07T10:18:20.327000Z,0.2901297509670257,6.036493301391602,9.326624870300291
2026-09-07T10:18:20.894000Z,3.448655605316162,5.140381336212158,6.460022926330566
2026-09-07T10:18:21.340000Z,3.448655605316162,5.140381336212158,6.460022926330566
2026-09-07T10:18:21.903000Z,0.1028913706541061,5.436492919921875,6.997211456298828
2026-09-07T10:18:22.344000Z,0.1028913706541061,5.436492919921875,6.997211456298828
2026-09-07T10:18:22.913000Z,-0.2189432680606842,5.812764644622803,6.8273210525512695
2026-09-07T10:18:23.348000Z,-0.2189432680606842,5.812764644622803,6.8273210525512695
2026-09-07T10:18:23.930000Z,-2.109273195266724,1.0169496536254885,11.15174961090088
2026-09-07T10:18:24.360000Z,-2.109273195266724,1.0169496536254885,11.15174961090088
2026-09-07T10:18:24.929000Z,-9.024530410766602,-3.3343982696533203,1.805384635925293
2026-09-07T10:18:25.368000Z,-9.024530410766602,-3.3343982696533203,1.805384635925293
2026-09-07T10:18:25.942000Z,-8.798408508300781,-4.031308174133301,3.976871252059937
2026-09-07T10:18:26.375000Z,-8.798408508300781,-4.031308174133301,3.976871252059937
2026-09-07T10:18:26.950000Z,-9.504889488220217,-5.0979084968566895,1.6175481081008911
2026-09-07T10:18:27.386000Z,-9.504889488220217,-5.0979084968566895,1.6175481081008911
2026-09-07T10:18:27.971000Z,-7.749754428863525,-5.090131759643555,2.0751755237579346
2026-09-07T10:18:28.396000Z,-7.749754428863525,-5.090131759643555,2.0751755237579346
2026-09-07T10:18:28.966000Z,-9.509077072143556,-2.0542383193969727,3.342175006866455
2026-09-07T10:18:29.401000Z,-9.509077072143556,-2.0542383193969727,3.342175006866455
2026-09-07T10:18:29.970000Z,-9.627521514892578,-1.123430252075195,2.5328028202056885
2026-09-07T10:18:30.413000Z,-9.627521514892578,-1.123430252075195,2.5328028202056885
2026-09-07T10:18:30.981000Z,-7.375277519226074,0.4695914387702942,2.820539712905884
2026-09-07T10:18:31.420000Z,-7.375277519226074,0.4695914387702942,2.820539712905884
2026-09-07T10:18:32.003000Z,-3.7507495880126953,4.183850288391113,5.355735301971436
2026-09-07T10:18:32.427000Z,-3.7507495880126953,4.183850288391113,5.355735301971436
2026-09-07T10:18:33.001000Z,-0.0305084884166717,6.4701924324035645,7.17786979675293
2026-09-07T10:18:33.439000Z,-0.0305084884166717,6.4701924324035645,7.17786979675293
2026-09-07T10:18:34.008000Z,1.576870083808899,6.206982135772705,8.635697364807129
2026-09-07T10:18:34.447000Z,1.576870083808899,6.206982135772705,8.635697364807129
2026-09-07T10:18:35.041000Z,0.8691928386688232,7.547560691833496,6.116054534912109
2026-09-07T10:18:35.454000Z,0.8691928386688232,7.547560691833496,6.116054534912109
2026-09-07T10:18:36.051000Z,-0.7674978375434875,6.714858531951904,6.4905314445495605
2026-09-07T10:18:36.466000Z,-0.7674978375434875,6.714858531951904,6.4905314445495605
2026-09-07T10:18:37.053000Z,-0.6765705943107605,7.599604606628418,6.126224040985107
2026-09-07T10:18:37.472000Z,-0.6765705943107605,7.599604606628418,6.126224040985107
2026-09-07T10:18:38.061000Z,0.9092726111412048,6.543173313140869,4.521836757659912
2026-09-07T10:18:38.479000Z,0.9092726111412048,6.543173313140869,4.521836757659912
2026-09-07T10:18:39.078000Z,-2.217548370361328,7.590631484985352,6.687341213226318
2026-09-07T10:18:39.490000Z,-2.217548370361328,7.590631484985352,6.687341213226318
2026-09-07T10:18:40.078000Z,-1.4913266897201538,4.940580368041992,6.309275150299072
2026-09-07T10:18:40.499000Z,-1.4913266897201538,4.940580368041992,6.309275150299072
2026-09-07T10:18:41.089000Z,-2.0368902683258057,4.027718544006348,9.16869831085205
2026-09-07T10:18:41.511000Z,-2.0368902683258057,4.027718544006348,9.16869831085205
2026-09-07T10:18:42.108000Z,-0.8548358678817749,3.3266217708587646,10.480563163757324
2026-09-07T10:18:42.518000Z,-0.8548358678817749,3.3266217708587646,10.480563163757324
2026-09-07T10:18:43.103000Z,3.3367912769317627,2.12961220741272,8.285746574401855
2026-09-07T10:18:43.527000Z,3.3367912769317627,2.12961220741272,8.285746574401855
2026-09-07T10:18:44.167000Z,0.4091726839542389,5.014159679412842,8.082356452941895
2026-09-07T10:18:44.537000Z,0.4091726839542389,5.014159679412842,8.082356452941895
2026-09-07T10:18:45.121000Z,-0.2985046207904815,6.052644729614258,7.026523590087891
2026-09-07T10:18:45.544000Z,-0.2985046207904815,6.052644729614258,7.026523590087891
2026-09-07T10:18:46.141000Z,0.8446664214134216,5.638686656951904,8.326424598693848
2026-09-07T10:18:46.552000Z,0.8446664214134216,5.638686656951904,8.326424598693848
2026-09-07T10:18:47.142000Z,0.1573280841112136,4.722833633422852,8.681160926818848
2026-09-07T10:18:47.560000Z,0.1573280841112136,4.722833633422852,8.681160926818848
2026-09-07T10:18:48.150000Z,1.588834285736084,5.337191104888916,5.541179180145264
2026-09-07T10:18:48.569000Z,1.588834285736084,5.337191104888916,5.541179180145264
2026-09-07T10:18:49.158000Z,0.9020941257476808,6.121438503265381,6.270391941070557
2026-09-07T10:18:49.576000Z,0.9020941257476808,6.121438503265381,6.270391941070557
2026-09-07T10:18:50.167000Z,-0.2135594189167022,6.199803352355957,6.41156816482544
2026-09-07T10:18:50.586000Z,-0.2135594189167022,6.199803352355957,6.41156816482544
2026-09-07T10:18:51.178000Z,1.1982059478759766,7.624729156494141,6.064609050750732
2026-09-07T10:18:51.599000Z,1.1982059478759766,7.624729156494141,6.064609050750732
2026-09-07T10:18:52.183000Z,-1.319043517112732,6.406184196472168,8.260622024536133
2026-09-07T10:18:52.608000Z,-1.319043517112732,6.406184196472168,8.260622024536133
2026-09-07T10:18:53.193000Z,0.5653043389320374,5.826523303985596,5.423332691192627
2026-09-07T10:18:53.613000Z,0.5653043389320374,5.826523303985596,5.423332691192627
2026-09-07T10:18:54.200000Z,0.0460618361830711,7.259225845336914,6.853044033050537
2026-09-07T10:18:54.622000Z,0.0460618361830711,7.259225845336914,6.853044033050537
2026-09-07T10:18:55.211000Z,-0.5054838061332703,6.912864685058594,-0.4061816334724426
2026-09-07T10:18:55.630000Z,-0.5054838061332703,6.912864685058594,-0.4061816334724426
2026-09-07T10:18:56.219000Z,1.7066807746887207,7.387839794158935,11.644671440124512
2026-09-07T10:18:56.652000Z,1.7066807746887207,7.387839794158935,11.644671440124512
2026-09-07T10:18:57.224000Z,0.7585247755050659,2.878565549850464,8.821739196777344
2026-09-07T10:18:57.650000Z,0.7585247755050659,2.878565549850464,8.821739196777344
2026-09-07T10:18:58.235000Z,-0.8428717851638794,5.802595138549805,7.502695560455322
2026-09-07T10:18:58.657000Z,-0.8428717851638794,5.802595138549805,7.502695560455322
2026-09-07T10:18:59.246000Z,4.315455436706543,6.550352096557617,8.091329574584961
2026-09-07T10:18:59.666000Z,4.315455436706543,6.550352096557617,8.091329574584961
2026-09-07T10:19:00.258000Z,0.8691928386688232,4.339384078979492,9.226723670959473
2026-09-07T10:19:00.694000Z,0.8691928386688232,4.339384078979492,9.226723670959473
2026-09-07T10:19:01.265000Z,-0.1124626621603965,6.330212116241455,8.694320678710938
2026-09-07T10:19:01.684000Z,-0.1124626621603965,6.330212116241455,8.694320678710938
2026-09-07T10:19:02.274000Z,1.308874011039734,4.330410957336426,8.754141807556152
2026-09-07T10:19:02.704000Z,1.308874011039734,4.330410957336426,8.754141807556152
2026-09-07T10:19:03.282000Z,3.586841106414795,4.787439823150635,8.479565620422363
2026-09-07T10:19:03.703000Z,3.586841106414795,4.787439823150635,8.479565620422363
2026-09-07T10:19:04.289000Z,-0.488135814666748,4.43748950958252,8.439485549926758
2026-09-07T10:19:04.709000Z,-0.488135814666748,4.43748950958252,8.439485549926758
2026-09-07T10:19:05.303000Z,-2.4131617546081543,5.172086238861084,6.274579048156738
2026-09-07T10:19:05.720000Z,-2.4131617546081543,5.172086238861084,6.274579048156738
2026-09-07T10:19:06.317000Z,-1.54277241230011,5.2181477546691895,8.097909927368164
2026-09-07T10:19:06.727000Z,-1.54277241230011,5.2181477546691895,8.097909927368164
2026-09-07T10:19:07.321000Z,-0.7328019142150879,6.478567123413086,7.642675399780273
2026-09-07T10:19:07.735000Z,-0.7328019142150879,6.478567123413086,7.642675399780273
2026-09-07T10:19:08.327000Z,-0.129810631275177,6.246463298797607,7.789834022521973
2026-09-07T10:19:08.744000Z,-0.129810631275177,6.246463298797607,7.789834022521973
2026-09-07T10:19:09.332000Z,-0.9499505758285522,5.109274387359619,6.030511379241943
2026-09-07T10:19:09.757000Z,-0.9499505758285522,5.109274387359619,6.030511379241943
2026-09-07T10:19:10.343000Z,0.2554338276386261,5.91924524307251,10.243075370788574
2026-09-07T10:19:10.761000Z,0.2554338276386261,5.91924524307251,10.243075370788574
2026-09-07T10:19:11.352000Z,1.2628121376037598,5.370092391967773,7.507481098175049
2026-09-07T10:19:11.773000Z,1.2628121376037598,5.370092391967773,7.507481098175049
2026-09-07T10:19:12.368000Z,0.1543370634317398,5.30847692489624,7.376473903656006
2026-09-07T10:19:12.782000Z,0.1543370634317398,5.30847692489624,7.376473903656006
2026-09-07T10:19:13.379000Z,-2.063809633255005,6.463014125823975,7.17786979675293
2026-09-07T10:19:13.788000Z,-2.063809633255005,6.463014125823975,7.17786979675293
2026-09-07T10:19:14.378000Z,-1.72941255569458,6.134000778198242,10.829317092895508
2026-09-07T10:19:14.798000Z,-1.72941255569458,6.134000778198242,10.829317092895508
2026-09-07T10:19:15.393000Z,-0.1579262912273407,5.515456199645996,8.22413158416748
2026-09-07T10:19:15.807000Z,-0.1579262912273407,5.515456199645996,8.22413158416748
2026-09-07T10:19:16.395000Z,-0.5569294691085815,7.335795879364014,7.728219032287598
2026-09-07T10:19:16.818000Z,-0.5569294691085815,7.335795879364014,7.728219032287598
2026-09-07T10:19:17.406000Z,-0.3308077156543731,4.894518852233887,9.07537841796875
2026-09-07T10:19:17.827000Z,-0.3308077156543731,4.894518852233887,9.07537841796875
2026-09-07T10:19:18.416000Z,-1.0378868579864502,5.3312087059021,8.5100736618042
2026-09-07T10:19:18.834000Z,-1.0378868579864502,5.3312087059021,8.5100736618042
2026-09-07T10:19:19.425000Z,-0.4701896607875824,4.986044406890869,9.521040916442873
2026-09-07T10:19:19.843000Z,-0.4701896607875824,4.986044406890869,9.521040916442873
2026-09-07T10:19:20.433000Z,0.9044869542121888,6.299105644226074,8.160721778869629
2026-09-07T10:19:20.850000Z,0.9044869542121888,6.299105644226074,8.160721778869629
2026-09-07T10:19:21.439000Z,-0.3421736359596252,6.145965099334717,8.031509399414062
2026-09-07T10:19:21.859000Z,-0.3421736359596252,6.145965099334717,8.031509399414062
2026-09-07T10:19:22.448000Z,-0.9272187948226928,4.893920421600342,5.8749775886535645
2026-09-07T10:19:22.867000Z,-0.9272187948226928,4.893920421600342,5.8749775886535645
2026-09-07T10:19:23.458000Z,1.205384373664856,3.200998544692993,7.11984395980835
2026-09-07T10:19:23.879000Z,1.205384373664856,3.200998544692993,7.11984395980835
2026-09-07T10:19:24.468000Z,-0.4301098585128784,5.229514122009277,9.196813583374023
2026-09-07T10:19:24.884000Z,-0.4301098585128784,5.229514122009277,9.196813583374023
2026-09-07T10:19:25.473000Z,-0.8392825126647949,3.5641093254089355,8.00638484954834
2026-09-07T10:19:25.895000Z,-0.8392825126647949,3.5641093254089355,8.00638484954834
2026-09-07T10:19:26.485000Z,-0.4600201547145843,4.841278553009033,8.98086166381836
2026-09-07T10:19:26.904000Z,-0.4600201547145843,4.841278553009033,8.98086166381836
2026-09-07T10:19:27.492000Z,-1.3363914489746094,4.767699241638184,7.58943510055542
2026-09-07T10:19:27.911000Z,-1.3363914489746094,4.767699241638184,7.58943510055542
2026-09-07T10:19:28.503000Z,-3.637688636779785,5.391029357910156,11.319846153259276
2026-09-07T10:19:28.926000Z,-3.637688636779785,5.391029357910156,11.319846153259276
2026-09-07T10:19:29.514000Z,1.1880364418029783,4.213760852813721,6.433103561401367
2026-09-07T10:19:29.933000Z,1.1880364418029783,4.213760852813721,6.433103561401367
2026-09-07T10:19:30.519000Z,-1.079761266708374,3.6340994834899902,13.108480453491213
2026-09-07T10:19:30.940000Z,-1.079761266708374,3.6340994834899902,13.108480453491213
2026-09-07T10:19:31.526000Z,-1.8693926334381104,4.388436794281006,9.80518913269043
2026-09-07T10:19:31.948000Z,-1.8693926334381104,4.388436794281006,9.80518913269043
2026-09-07T10:19:32.538000Z,-0.4719842672348022,4.683351993560791,7.119245529174805
2026-09-07T10:19:32.958000Z,-0.4719842672348022,4.683351993560791,7.119245529174805
2026-09-07T10:19:33.549000Z,-0.7483552694320679,3.4749767780303955,8.509475708007812
2026-09-07T10:19:33.970000Z,-0.7483552694320679,3.4749767780303955,8.509475708007812
2026-09-07T10:19:34.555000Z,-0.844068169593811,5.411368370056152,7.818548202514648
2026-09-07T10:19:34.978000Z,-0.844068169593811,5.411368370056152,7.818548202514648
2026-09-07T10:19:35.565000Z,1.680957913398743,6.668796539306641,7.557132244110107
2026-09-07T10:19:35.983000Z,1.680957913398743,6.668796539306641,7.557132244110107
2026-09-07T10:19:36.574000Z,2.039283037185669,5.956333637237549,9.09990406036377
2026-09-07T10:19:36.994000Z,2.039283037185669,5.956333637237549,9.09990406036377
2026-09-07T10:19:37.582000Z,0.8003991842269897,5.178068161010742,9.672985076904297
2026-09-07T10:19:38.003000Z,0.8003991842269897,5.178068161010742,9.672985076904297
2026-09-07T10:19:38.589000Z,-0.49351966381073,3.985844373703003,4.05703067779541
2026-09-07T10:19:39.015000Z,-0.49351966381073,3.985844373703003,4.05703067779541
2026-09-07T10:19:39.606000Z,-0.4366901218891144,7.461419105529785,7.840681552886963
2026-09-07T10:19:40.021000Z,-0.4366901218891144,7.461419105529785,7.840681552886963
2026-09-07T10:19:40.618000Z,0.4097708761692047,6.043073654174805,6.154938220977783
2026-09-07T10:19:41.032000Z,0.4097708761692047,6.043073654174805,6.154938220977783
2026-09-07T10:19:41.618000Z,-0.0885344371199607,7.129415035247803,6.716054916381836
2026-09-07T10:19:42.041000Z,-0.0885344371199607,7.129415035247803,6.716054916381836
2026-09-07T10:19:42.626000Z,-1.428515076637268,7.410571575164795,2.6362924575805664
2026-09-07T10:19:43.049000Z,-1.428515076637268,7.410571575164795,2.6362924575805664
2026-09-07T10:19:43.634000Z,-8.68774127960205,2.833700180053711,6.43968391418457
2026-09-07T10:19:44.054000Z,-8.68774127960205,2.833700180053711,6.43968391418457
2026-09-07T10:19:44.644000Z,0.8524430394172668,4.259822368621826,9.965508460998535
2026-09-07T10:19:45.063000Z,0.8524430394172668,4.259822368621826,9.965508460998535
2026-09-07T10:19:45.653000Z,1.6845471858978271,6.604788780212402,10.59960651397705
2026-09-07T10:19:46.075000Z,1.6845471858978271,6.604788780212402,10.59960651397705
2026-09-07T10:19:46.664000Z,0.3744767308235168,5.822933673858643,8.078168869018555
2026-09-07T10:19:47.084000Z,0.3744767308235168,5.822933673858643,8.078168869018555
2026-09-07T10:19:47.670000Z,-0.9302098155021667,5.468197822570801,7.798807144165039
2026-09-07T10:19:48.091000Z,-0.9302098155021667,5.468197822570801,7.798807144165039
2026-09-07T10:19:48.680000Z,-0.7986045479774475,5.565107345581055,8.084749221801758
2026-09-07T10:19:49.104000Z,-0.7986045479774475,5.565107345581055,8.084749221801758
2026-09-07T10:19:49.688000Z,0.96370929479599,3.768097400665283,8.470592498779297
2026-09-07T10:19:50.109000Z,0.96370929479599,3.768097400665283,8.470592498779297
2026-09-07T10:19:50.712000Z,0.8889335989952087,6.252445697784424,8.572885513305664
2026-09-07T10:19:51.119000Z,0.8889335989952087,6.252445697784424,8.572885513305664
2026-09-07T10:19:51.713000Z,-1.414756417274475,6.483353137969971,8.730213165283203
2026-09-07T10:19:52.130000Z,-1.414756417274475,6.483353137969971,8.730213165283203
2026-09-07T10:19:52.715000Z,1.0360921621322632,5.124229907989502,7.2335028648376465
2026-09-07T10:19:53.136000Z,1.0360921621322632,5.124229907989502,7.2335028648376465
2026-09-07T10:19:53.723000Z,1.6103696823120115,3.500699520111084,7.64028263092041
2026-09-07T10:19:54.147000Z,1.6103696823120115,3.500699520111084,7.64028263092041
2026-09-07T10:19:54.735000Z,0.6933203339576721,6.267998695373535,11.194820404052734
2026-09-07T10:19:55.153000Z,0.6933203339576721,6.267998695373535,11.194820404052734
2026-09-07T10:19:55.746000Z,-0.2925225794315338,2.170290231704712,8.554341316223145
2026-09-07T10:19:56.164000Z,-0.2925225794315338,2.170290231704712,8.554341316223145
2026-09-07T10:19:56.750000Z,-0.48574298620224,4.202992916107178,11.891132354736328
2026-09-07T10:19:57.172000Z,-0.48574298620224,4.202992916107178,11.891132354736328
2026-09-07T10:19:57.761000Z,4.098307132720947,1.4261223077774048,5.318048477172852
2026-09-07T10:19:58.180000Z,4.098307132720947,1.4261223077774048,5.318048477172852
2026-09-07T10:19:58.774000Z,0.8386843204498291,5.632106304168701,7.660621643066406
2026-09-07T10:19:59.189000Z,0.8386843204498291,5.632106304168701,7.660621643066406
2026-09-07T10:19:59.786000Z,-0.267397940158844,7.823333740234375,7.09292459487915
2026-09-07T10:20:00.202000Z,-0.267397940158844,7.823333740234375,7.09292459487915
2026-09-07T10:20:00.781000Z,-0.3744767308235168,4.032504558563232,8.783453941345215
2026-09-07T10:20:01.189000Z,-0.3744767308235168,4.032504558563232,8.783453941345215
2026-09-07T10:20:01.793000Z,1.3764712810516355,7.766504287719727,6.785446643829346
2026-09-07T10:20:02.206000Z,1.3764712810516355,7.766504287719727,6.785446643829346
2026-09-07T10:20:02.787000Z,0.5874379873275757,7.015756130218506,8.09252643585205
2026-09-07T10:20:03.209000Z,0.5874379873275757,7.015756130218506,8.09252643585205
2026-09-07T10:20:03.797000Z,-1.0977073907852173,7.57806921005249,6.018547058105469
2026-09-07T10:20:04.218000Z,-1.0977073907852173,7.57806921005249,6.018547058105469
2026-09-07T10:20:04.805000Z,0.5946164131164551,6.512066841125488,7.738986492156982
2026-09-07T10:20:05.225000Z,0.5946164131164551,6.512066841125488,7.738986492156982
2026-09-07T10:20:05.817000Z,-0.7082754969596863,6.361319065093994,6.656832695007324
2026-09-07T10:20:06.237000Z,-0.7082754969596863,6.361319065093994,6.656832695007324
2026-09-07T10:20:06.827000Z,0.3008974492549896,7.47637414932251,7.102495670318604
2026-09-07T10:20:07.246000Z,0.3008974492549896,7.47637414932251,7.102495670318604
2026-09-07T10:20:07.831000Z,-1.8215361833572388,3.449253797531128,7.506284713745117
2026-09-07T10:20:08.251000Z,-1.8215361833572388,3.449253797531128,7.506284713745117
2026-09-07T10:20:08.842000Z,2.4089741706848145,4.64805793762207,8.0291166305542
2026-09-07T10:20:09.260000Z,2.4089741706848145,4.64805793762207,8.0291166305542
2026-09-07T10:20:09.848000Z,0.4420739710330963,5.7750773429870605,9.716654777526855
2026-09-07T10:20:10.269000Z,0.4420739710330963,5.7750773429870605,9.716654777526855
2026-09-07T10:20:10.860000Z,-1.3022937774658203,5.112864017486572,7.767102241516113
2026-09-07T10:20:11.279000Z,-1.3022937774658203,5.112864017486572,7.767102241516113
2026-09-07T10:20:11.867000Z,-1.0582258701324463,6.222535133361816,9.074779510498049
2026-09-07T10:20:12.286000Z,-1.0582258701324463,6.222535133361816,9.074779510498049
2026-09-07T10:20:12.874000Z,0.8201399445533752,4.773681163787842,7.04207706451416
2026-09-07T10:20:13.294000Z,0.8201399445533752,4.773681163787842,7.04207706451416
2026-09-07T10:20:13.884000Z,-2.0141584873199463,5.967699527740479,6.244070529937744
2026-09-07T10:20:14.306000Z,-2.0141584873199463,5.967699527740479,6.244070529937744
2026-09-07T10:20:14.893000Z,-0.0933200865983963,6.404987812042236,8.14217758178711
2026-09-07T10:20:15.313000Z,-0.0933200865983963,6.404987812042236,8.14217758178711
2026-09-07T10:20:15.901000Z,-2.221735715866089,5.601597785949707,7.475776195526123
2026-09-07T10:20:16.320000Z,-2.221735715866089,5.601597785949707,7.475776195526123
2026-09-07T10:20:16.911000Z,0.2165504544973373,3.9314076900482178,9.7669038772583
2026-09-07T10:20:17.332000Z,0.2165504544973373,3.9314076900482178,9.7669038772583
2026-09-07T10:20:17.918000Z,2.2677977085113525,5.318048477172852,8.37727165222168
2026-09-07T10:20:18.341000Z,2.2677977085113525,5.318048477172852,8.37727165222168
2026-09-07T10:20:18.930000Z,0.064606212079525,6.730412006378174,7.782655715942383
2026-09-07T10:20:19.346000Z,0.064606212079525,6.730412006378174,7.782655715942383
2026-09-07T10:20:19.937000Z,-0.2931207716464996,6.059823513031006,8.175676345825195
2026-09-07T10:20:20.358000Z,-0.2931207716464996,6.059823513031006,8.175676345825195
2026-09-07T10:20:20.944000Z,-0.023330021649599,4.291527271270752,8.696115493774414
2026-09-07T10:20:21.367000Z,-0.023330021649599,4.291527271270752,8.696115493774414
2026-09-07T10:20:21.952000Z,0.6765705943107605,6.03529691696167,6.68435001373291
2026-09-07T10:20:22.376000Z,0.6765705943107605,6.03529691696167,6.68435001373291
2026-09-07T10:20:22.964000Z,-0.4384847581386566,6.628716945648193,8.050651550292969
2026-09-07T10:20:23.381000Z,-0.4384847581386566,6.628716945648193,8.050651550292969
2026-09-07T10:20:23.971000Z,-0.9930213689804076,4.862813949584961,7.086942672729492
2026-09-07T10:20:24.389000Z,-0.9930213689804076,4.862813949584961,7.086942672729492
2026-09-07T10:20:24.985000Z,1.5242279767990112,4.719842433929443,5.691926956176758
2026-09-07T10:20:25.401000Z,1.5242279767990112,4.719842433929443,5.691926956176758
2026-09-07T10:20:25.988000Z,0.8380861282348633,6.481558322906494,5.12602424621582
2026-09-07T10:20:26.416000Z,0.8380861282348633,6.481558322906494,5.12602424621582
2026-09-07T10:20:26.998000Z,-0.5419743061065674,6.260222434997559,6.57966423034668
2026-09-07T10:20:27.417000Z,-0.5419743061065674,6.260222434997559,6.57966423034668
2026-09-07T10:20:28.005000Z,3.662214994430542,4.3411784172058105,9.915857315063477
2026-09-07T10:20:28.425000Z,3.662214994430542,4.3411784172058105,9.915857315063477
2026-09-07T10:20:29.014000Z,-0.9170492887496948,6.114260196685791,7.843672752380371
2026-09-07T10:20:29.436000Z,-0.9170492887496948,6.114260196685791,7.843672752380371
2026-09-07T10:20:30.023000Z,-1.0923235416412354,5.702096462249756,7.868797302246094
2026-09-07T10:20:30.444000Z,-1.0923235416412354,5.702096462249756,7.868797302246094
2026-09-07T10:20:31.031000Z,0.5497509837150574,5.924628734588623,8.496912956237793
2026-09-07T10:20:31.451000Z,0.5497509837150574,5.924628734588623,8.496912956237793
2026-09-07T10:20:32.039000Z,2.1445672512054443,4.604389190673828,8.356334686279297
2026-09-07T10:20:32.461000Z,2.1445672512054443,4.604389190673828,8.356334686279297
2026-09-07T10:20:33.050000Z,1.5176477432250977,4.90408992767334,6.652047157287598
2026-09-07T10:20:33.472000Z,1.5176477432250977,4.90408992767334,6.652047157287598
2026-09-07T10:20:34.058000Z,2.441277265548706,6.135197162628174,7.6767730712890625
2026-09-07T10:20:34.479000Z,2.441277265548706,6.135197162628174,7.6767730712890625
2026-09-07T10:20:35.069000Z,0.3355933725833893,6.686144828796387,7.119245529174805
2026-09-07T10:20:35.488000Z,0.3355933725833893,6.686144828796387,7.119245529174805
2026-09-07T10:20:36.075000Z,-3.3415768146514893,7.107281684875488,4.807180881500244
2026-09-07T10:20:36.495000Z,-3.3415768146514893,7.107281684875488,4.807180881500244
2026-09-07T10:20:37.085000Z,0.6263213157653809,6.280561447143555,9.110074043273926
2026-09-07T10:20:37.505000Z,0.6263213157653809,6.280561447143555,9.110074043273926
2026-09-07T10:20:38.093000Z,-1.317248821258545,5.464608669281006,7.230511665344238
2026-09-07T10:20:38.515000Z,-1.317248821258545,5.464608669281006,7.230511665344238
2026-09-07T10:20:39.101000Z,-0.230309173464775,5.78644323348999,6.127420425415039
2026-09-07T10:20:39.523000Z,-0.230309173464775,5.78644323348999,6.127420425415039
2026-09-07T10:20:40.113000Z,-0.2386840581893921,4.9190449714660645,7.669594764709473
2026-09-07T10:20:40.530000Z,-0.2386840581893921,4.9190449714660645,7.669594764709473
2026-09-07T10:20:41.119000Z,0.6478567123413086,6.111268997192383,12.028719902038574
2026-09-07T10:20:41.542000Z,0.6478567123413086,6.111268997192383,12.028719902038574
2026-09-07T10:20:42.127000Z,-2.135594129562378,4.085744857788086,9.90987491607666
2026-09-07T10:20:42.547000Z,-2.135594129562378,4.085744857788086,9.90987491607666
2026-09-07T10:20:43.139000Z,0.2141576260328292,6.457630157470703,7.932207107543945
2026-09-07T10:20:43.560000Z,0.2141576260328292,6.457630157470703,7.932207107543945
2026-09-07T10:20:44.145000Z,0.3050848841667175,5.967101573944092,10.494919776916504
2026-09-07T10:20:44.564000Z,0.3050848841667175,5.967101573944092,10.494919776916504
2026-09-07T10:20:45.154000Z,0.9092726111412048,4.110270977020264,7.800003528594971
2026-09-07T10:20:45.575000Z,0.9092726111412048,4.110270977020264,7.800003528594971
2026-09-07T10:20:46.164000Z,0.7902296781539917,5.729613780975342,8.683553695678711
2026-09-07T10:20:46.586000Z,0.7902296781539917,5.729613780975342,8.683553695678711
2026-09-07T10:20:47.171000Z,-0.3499503135681152,4.393222332000732,7.9351983070373535
2026-09-07T10:20:47.596000Z,-0.3499503135681152,4.393222332000732,7.9351983070373535
2026-09-07T10:20:48.197000Z,0.6681957244873047,4.12343168258667,9.713065147399902
2026-09-07T10:20:48.619000Z,0.6681957244873047,4.12343168258667,9.713065147399902
2026-09-07T10:20:49.206000Z,-0.8404789566993713,3.9349968433380127,9.035298347473145
2026-09-07T10:20:49.627000Z,-0.8404789566993713,3.9349968433380127,9.035298347473145
2026-09-07T10:20:50.216000Z,-0.3290131092071533,5.547759532928467,8.38684368133545
2026-09-07T10:20:50.635000Z,-0.3290131092071533,5.547759532928467,8.38684368133545
2026-09-07T10:20:51.221000Z,0.1884347796440124,6.4289164543151855,6.122036933898926
2026-09-07T10:20:51.645000Z,0.1884347796440124,6.4289164543151855,6.122036933898926
2026-09-07T10:20:52.235000Z,0.6149554252624512,5.624329566955566,7.22452974319458
2026-09-07T10:20:52.652000Z,0.6149554252624512,5.624329566955566,7.22452974319458
2026-09-07T10:20:53.241000Z,-1.6115660667419434,7.703692436218262,7.313064098358154
2026-09-07T10:20:53.660000Z,-1.6115660667419434,7.703692436218262,7.313064098358154
2026-09-07T10:20:54.252000Z,-0.0969093143939971,8.146963119506836,6.540780544281006
2026-09-07T10:20:54.669000Z,-0.0969093143939971,8.146963119506836,6.540780544281006
2026-09-07T10:20:55.258000Z,-0.6047859191894531,7.028318405151367,7.730013370513916
2026-09-07T10:20:55.682000Z,-0.6047859191894531,7.028318405151367,7.730013370513916
2026-09-07T10:20:56.270000Z,0.3236292600631714,7.046862602233887,8.00638484954834
2026-09-07T10:20:56.688000Z,0.3236292600631714,7.046862602233887,8.00638484954834
2026-09-07T10:20:57.277000Z,-0.8135597109794617,4.7336015701293945,8.992825508117676
2026-09-07T10:20:57.696000Z,-0.8135597109794617,4.7336015701293945,8.992825508117676
2026-09-07T10:20:58.289000Z,-0.022731814533472,6.203392505645752,8.084749221801758
2026-09-07T10:20:58.707000Z,-0.022731814533472,6.203392505645752,8.084749221801758
2026-09-07T10:20:59.295000Z,-0.9445667266845704,5.935994625091553,5.770890235900879
2026-09-07T10:20:59.716000Z,-0.9445667266845704,5.935994625091553,5.770890235900879
2026-09-07T10:21:00.305000Z,0.051445685327053,5.015954494476318,7.590033531188965
2026-09-07T10:21:00.724000Z,0.051445685327053,5.015954494476318,7.590033531188965
2026-09-07T10:21:01.310000Z,1.5517455339431765,5.31685209274292,7.326822757720947
2026-09-07T10:21:01.734000Z,1.5517455339431765,5.31685209274292,7.326822757720947
2026-09-07T10:21:02.321000Z,1.6408780813217163,5.876772403717041,8.877371788024902
2026-09-07T10:21:02.743000Z,1.6408780813217163,5.876772403717041,8.877371788024902
2026-09-07T10:21:03.328000Z,1.9710876941680908,5.583053588867188,7.829315662384033
2026-09-07T10:21:03.749000Z,1.9710876941680908,5.583053588867188,7.829315662384033
2026-09-07T10:21:04.342000Z,0.5084748268127441,6.711867332458496,7.82692289352417
2026-09-07T10:21:04.758000Z,0.5084748268127441,6.711867332458496,7.82692289352417
2026-09-07T10:21:05.350000Z,-0.0813559666275978,5.539384365081787,10.435099601745604
2026-09-07T10:21:05.766000Z,-0.0813559666275978,5.539384365081787,10.435099601745604
2026-09-07T10:21:06.352000Z,-0.6855437159538269,8.465208053588867,6.39302396774292
2026-09-07T10:21:06.778000Z,-0.6855437159538269,8.465208053588867,6.39302396774292
2026-09-07T10:21:07.367000Z,-0.1489532142877578,7.812565803527832,8.633902549743652
2026-09-07T10:21:07.785000Z,-0.1489532142877578,7.812565803527832,8.633902549743652
2026-09-07T10:21:08.373000Z,-1.0875378847122192,6.177670001983643,6.900302410125732
2026-09-07T10:21:08.798000Z,-1.0875378847122192,6.177670001983643,6.900302410125732
2026-09-07T10:21:09.369000Z,-0.6550351977348328,5.667400360107422,5.058426856994629
2026-09-07T10:21:09.788000Z,-0.6550351977348328,5.667400360107422,5.058426856994629
2026-09-07T10:21:10.375000Z,0.0927218794822692,6.636493682861328,8.793622970581055
2026-09-07T10:21:10.794000Z,0.0927218794822692,6.636493682861328,8.793622970581055
2026-09-07T10:21:11.383000Z,1.001994490623474,5.078765869140625,6.639484405517578
2026-09-07T10:21:11.805000Z,1.001994490623474,5.078765869140625,6.639484405517578
2026-09-07T10:21:12.395000Z,-0.8398807644844055,6.251847267150879,7.381259441375732
2026-09-07T10:21:12.812000Z,-0.8398807644844055,6.251847267150879,7.381259441375732
2026-09-07T10:21:13.401000Z,0.4761717021465301,6.044270038604736,6.723233222961426
2026-09-07T10:21:13.822000Z,0.4761717021465301,6.044270038604736,6.723233222961426
2026-09-07T10:21:14.410000Z,3.744169235229492,4.535595417022705,7.402196884155273
2026-09-07T10:21:14.830000Z,3.744169235229492,4.535595417022705,7.402196884155273
2026-09-07T10:21:15.419000Z,-0.5018945336341858,6.357729911804199,7.315456867218018
2026-09-07T10:21:15.839000Z,-0.5018945336341858,6.357729911804199,7.315456867218018
2026-09-07T10:21:16.428000Z,-1.7515461444854736,6.158527374267578,4.150351047515869
2026-09-07T10:21:16.848000Z,-1.7515461444854736,6.158527374267578,4.150351047515869
2026-09-07T10:21:17.436000Z,0.908674418926239,6.5419769287109375,6.120840549468994
2026-09-07T10:21:17.856000Z,0.908674418926239,6.5419769287109375,6.120840549468994
2026-09-07T10:21:18.445000Z,-0.1393819153308868,7.243672370910644,6.982256412506104
2026-09-07T10:21:18.866000Z,-0.1393819153308868,7.243672370910644,6.982256412506104
2026-09-07T10:21:19.454000Z,1.0211371183395386,6.283552169799805,7.966903209686279
2026-09-07T10:21:19.874000Z,1.0211371183395386,6.283552169799805,7.966903209686279
2026-09-07T10:21:20.465000Z,0.3260220885276794,6.138188362121582,8.121838569641113
2026-09-07T10:21:20.883000Z,0.3260220885276794,6.138188362121582,8.121838569641113
2026-09-07T10:21:21.473000Z,0.8099704384803772,7.023532867431641,7.423732280731201
2026-09-07T10:21:21.892000Z,0.8099704384803772,7.023532867431641,7.423732280731201
2026-09-07T10:21:22.482000Z,0.7130611538887024,6.010172367095947,8.12542724609375
2026-09-07T10:21:22.900000Z,0.7130611538887024,6.010172367095947,8.12542724609375
2026-09-07T10:21:23.488000Z,-1.4811571836471558,5.059623718261719,8.079365730285645
2026-09-07T10:21:23.911000Z,-1.4811571836471558,5.059623718261719,8.079365730285645
2026-09-07T10:21:24.498000Z,0.251844584941864,4.274179458618164,7.453044414520264
2026-09-07T10:21:24.920000Z,0.251844584941864,4.274179458618164,7.453044414520264
2026-09-07T10:21:25.508000Z,0.3140579760074615,4.922634601593018,8.135597229003906
2026-09-07T10:21:25.927000Z,0.3140579760074615,4.922634601593018,8.135597229003906
2026-09-07T10:21:26.521000Z,0.1704886108636856,5.291727066040039,8.68774127960205
2026-09-07T10:21:26.936000Z,0.1704886108636856,5.291727066040039,8.68774127960205
2026-09-07T10:21:27.527000Z,0.4492524564266205,4.746163845062256,11.968300819396973
2026-09-07T10:21:27.948000Z,0.4492524564266205,4.746163845062256,11.968300819396973
2026-09-07T10:21:28.533000Z,0.1351944804191589,6.880561351776123,8.756534576416016
2026-09-07T10:21:28.954000Z,0.1351944804191589,6.880561351776123,8.756534576416016
2026-09-07T10:21:29.543000Z,0.2781656384468078,5.042873859405518,6.816553592681885
2026-09-07T10:21:29.964000Z,0.2781656384468078,5.042873859405518,6.816553592681885
2026-09-07T10:21:30.553000Z,-0.7250252366065979,6.550950050354004,6.438487529754639
2026-09-07T10:21:30.972000Z,-0.7250252366065979,6.550950050354004,6.438487529754639
2026-09-07T10:21:31.559000Z,1.0426725149154663,4.842474937438965,9.539586067199709
2026-09-07T10:21:31.984000Z,1.0426725149154663,4.842474937438965,9.539586067199709
2026-09-07T10:21:32.568000Z,4.053441524505615,4.645665168762207,5.248058319091797
2026-09-07T10:21:32.988000Z,4.053441524505615,4.645665168762207,5.248058319091797
2026-09-07T10:21:33.577000Z,0.2943171858787536,6.963712215423584,7.389634609222412
2026-09-07T10:21:34.000000Z,0.2943171858787536,6.963712215423584,7.389634609222412
2026-09-07T10:21:34.590000Z,0.0723828822374343,5.715256690979004,7.969893932342529
2026-09-07T10:21:35.006000Z,0.0723828822374343,5.715256690979004,7.969893932342529
2026-09-07T10:21:35.595000Z,1.1395817995071411,5.821139335632324,6.730412006378174
2026-09-07T10:21:36.018000Z,1.1395817995071411,5.821139335632324,6.730412006378174
2026-09-07T10:21:36.606000Z,-0.3732803463935852,5.986244201660156,7.802396297454834
2026-09-07T10:21:37.025000Z,-0.3732803463935852,5.986244201660156,7.802396297454834
2026-09-07T10:21:37.614000Z,-1.4865410327911377,6.482156753540039,5.073980331420898
2026-09-07T10:21:38.034000Z,-1.4865410327911377,6.482156753540039,5.073980331420898
2026-09-07T10:21:38.622000Z,-0.5156532526016235,5.890531063079834,6.2428741455078125
2026-09-07T10:21:39.045000Z,-0.5156532526016235,5.890531063079834,6.2428741455078125
2026-09-07T10:21:39.631000Z,1.1623135805130005,4.743172645568848,11.67577838897705
2026-09-07T10:21:40.052000Z,1.1623135805130005,4.743172645568848,11.67577838897705
2026-09-07T10:21:40.640000Z,-0.2614158689975738,6.126822471618652,6.473183631896973
2026-09-07T10:21:41.062000Z,-0.2614158689975738,6.126822471618652,6.473183631896973
2026-09-07T10:21:41.648000Z,-1.3770694732666016,4.9363932609558105,8.501100540161133
2026-09-07T10:21:42.071000Z,-1.3770694732666016,4.9363932609558105,8.501100540161133
2026-09-07T10:21:42.657000Z,1.5822539329528809,4.377070903778076,8.438887596130371
2026-09-07T10:21:43.079000Z,1.5822539329528809,4.377070903778076,8.438887596130371
2026-09-07T10:21:43.666000Z,-0.7076773047447205,6.5712890625,6.830312252044678
2026-09-07T10:21:44.089000Z,-0.7076773047447205,6.5712890625,6.830312252044678
2026-09-07T10:21:44.708000Z,-1.0995019674301147,5.560321807861328,7.069594383239746
2026-09-07T10:21:45.095000Z,-1.0995019674301147,5.560321807861328,7.069594383239746
2026-09-07T10:21:45.684000Z,1.5547364950180054,6.443273067474365,7.8795647621154785
2026-09-07T10:21:46.104000Z,1.5547364950180054,6.443273067474365,7.8795647621154785
2026-09-07T10:21:46.695000Z,-1.1527422666549685,6.909275531768799,6.743572235107422
2026-09-07T10:21:47.113000Z,-1.1527422666549685,6.909275531768799,6.743572235107422
2026-09-07T10:21:47.702000Z,-2.197807550430298,5.754140377044678,3.856033802032471
2026-09-07T10:21:48.122000Z,-2.197807550430298,5.754140377044678,3.856033802032471
2026-09-07T10:21:48.710000Z,1.0516455173492432,5.219942569732666,7.432106971740723
2026-09-07T10:21:49.134000Z,1.0516455173492432,5.219942569732666,7.432106971740723
2026-09-07T10:21:49.720000Z,1.2891331911087036,5.108078002929688,4.648656368255615
2026-09-07T10:21:50.143000Z,1.2891331911087036,5.108078002929688,4.648656368255615
2026-09-07T10:21:50.729000Z,-0.6239284873008728,6.474380016326904,8.13380241394043
2026-09-07T10:21:51.148000Z,-0.6239284873008728,6.474380016326904,8.13380241394043
2026-09-07T10:21:51.737000Z,0.5928218364715576,7.738388538360596,6.770491600036621
2026-09-07T10:21:52.157000Z,0.5928218364715576,7.738388538360596,6.770491600036621
2026-09-07T10:21:52.748000Z,-0.357128769159317,8.225327491760254,5.770291805267334
2026-09-07T10:21:53.173000Z,-0.357128769159317,8.225327491760254,5.770291805267334
2026-09-07T10:21:53.754000Z,-1.074975609779358,5.785246849060059,5.088337421417236
2026-09-07T10:21:54.177000Z,-1.074975609779358,5.785246849060059,5.088337421417236
2026-09-07T10:21:54.763000Z,1.9399809837341309,3.531806230545044,1.3992030620574951
2026-09-07T10:21:55.185000Z,1.9399809837341309,3.531806230545044,1.3992030620574951
2026-09-07T10:21:55.772000Z,-1.3555340766906738,1.9854445457458496,9.251849174499512
2026-09-07T10:21:56.195000Z,-1.3555340766906738,1.9854445457458496,9.251849174499512
2026-09-07T10:21:56.783000Z,0.542572557926178,5.4526448249816895,7.633702278137207
2026-09-07T10:21:57.202000Z,0.542572557926178,5.4526448249816895,7.633702278137207
2026-09-07T10:21:57.791000Z,0.1184447184205055,5.065007209777832,8.206185340881348
2026-09-07T10:21:58.212000Z,0.1184447184205055,5.065007209777832,8.206185340881348
2026-09-07T10:21:58.799000Z,-0.1010967567563057,5.242674350738525,8.746963500976562
2026-09-07T10:21:59.222000Z,-0.1010967567563057,5.242674350738525,8.746963500976562
2026-09-07T10:21:59.811000Z,1.3214362859725952,5.784050464630127,8.894122123718262
2026-09-07T10:22:00.231000Z,1.3214362859725952,5.784050464630127,8.894122123718262
2026-09-07T10:22:00.819000Z,1.7922241687774658,5.709274768829346,7.110272407531738
2026-09-07T10:22:01.238000Z,1.7922241687774658,5.709274768829346,7.110272407531738
2026-09-07T10:22:01.839000Z,-0.391824722290039,5.441278457641602,8.301300048828125
2026-09-07T10:22:02.250000Z,-0.391824722290039,5.441278457641602,8.301300048828125
2026-09-07T10:22:02.837000Z,2.243869543075561,3.626322746276856,9.70229721069336
2026-09-07T10:22:03.255000Z,2.243869543075561,3.626322746276856,9.70229721069336
2026-09-07T10:22:03.844000Z,-2.109871387481689,5.4071807861328125,10.383055686950684
2026-09-07T10:22:04.264000Z,-2.109871387481689,5.4071807861328125,10.383055686950684
2026-09-07T10:22:04.852000Z,-0.275174617767334,4.591826438903809,8.884550094604492
2026-09-07T10:22:05.272000Z,-0.275174617767334,4.591826438903809,8.884550094604492
2026-09-07T10:22:05.862000Z,-1.4775680303573608,2.414956331253052,9.0514497756958
2026-09-07T10:22:06.285000Z,-1.4775680303573608,2.414956331253052,9.0514497756958
2026-09-07T10:22:06.870000Z,0.3595215976238251,3.358924865722656,7.107281684875488
2026-09-07T10:22:07.290000Z,0.3595215976238251,3.358924865722656,7.107281684875488
2026-09-07T10:22:07.879000Z,1.0163514614105225,5.041677474975586,7.246663570404053
2026-09-07T10:22:08.300000Z,1.0163514614105225,5.041677474975586,7.246663570404053
2026-09-07T10:22:08.888000Z,-1.550549030303955,7.040282249450684,8.200801849365234
2026-09-07T10:22:09.310000Z,-1.550549030303955,7.040282249450684,8.200801849365234
2026-09-07T10:22:09.897000Z,0.0592223592102527,6.62931489944458,6.157928943634033
2026-09-07T10:22:10.317000Z,0.0592223592102527,6.62931489944458,6.157928943634033
2026-09-07T10:22:10.906000Z,0.6107679605484009,6.573083877563477,9.623334884643556
2026-09-07T10:22:11.329000Z,0.6107679605484009,6.573083877563477,9.623334884643556
2026-09-07T10:22:11.917000Z,-0.2859423160552978,6.713063716888428,7.567899703979492
2026-09-07T10:22:12.345000Z,-0.2859423160552978,6.713063716888428,7.567899703979492
2026-09-07T10:22:12.924000Z,0.7896314859390259,5.277370452880859,8.055437088012695
2026-09-07T10:22:13.347000Z,0.7896314859390259,5.277370452880859,8.055437088012695
2026-09-07T10:22:13.942000Z,-0.6089733839035034,6.940980434417725,5.660820007324219
2026-09-07T10:22:14.354000Z,-0.6089733839035034,6.940980434417725,5.660820007324219
2026-09-07T10:22:14.942000Z,-0.2733799815177917,4.903491973876953,9.192625999450684
2026-09-07T10:22:15.370000Z,-0.2733799815177917,4.903491973876953,9.192625999450684
2026-09-07T10:22:15.951000Z,0.8847461938858032,4.567300319671631,8.967700958251953
2026-09-07T10:22:16.371000Z,0.8847461938858032,4.567300319671631,8.967700958251953
2026-09-07T10:22:16.959000Z,-0.1621137410402298,5.675177097320557,7.889734268188477
2026-09-07T10:22:17.380000Z,-0.1621137410402298,5.675177097320557,7.889734268188477
2026-09-07T10:22:17.969000Z,0.7992027401924133,3.873979806900024,9.378668785095217
2026-09-07T10:22:18.388000Z,0.7992027401924133,3.873979806900024,9.378668785095217
2026-09-07T10:22:18.977000Z,-0.9888339638710022,4.34955358505249,10.707283020019531
2026-09-07T10:22:19.397000Z,-0.9888339638710022,4.34955358505249,10.707283020019531
2026-09-07T10:22:19.986000Z,-3.3242287635803223,6.5180487632751465,5.051846981048584
2026-09-07T10:22:20.408000Z,-3.3242287635803223,6.5180487632751465,5.051846981048584
2026-09-07T10:22:20.995000Z,0.2279163599014282,5.2043890953063965,6.603592395782471
2026-09-07T10:22:21.416000Z,0.2279163599014282,5.2043890953063965,6.603592395782471
2026-09-07T10:22:22.004000Z,-2.820539712905884,4.240081787109375,9.734601020812988
2026-09-07T10:22:22.426000Z,-2.820539712905884,4.240081787109375,9.734601020812988
2026-09-07T10:22:23.022000Z,0.1106680482625961,5.638088226318359,7.960322856903076
2026-09-07T10:22:23.433000Z,0.1106680482625961,5.638088226318359,7.960322856903076
2026-09-07T10:22:24.022000Z,0.0867398232221603,6.380461692810059,8.120043754577637
2026-09-07T10:22:24.442000Z,0.0867398232221603,6.380461692810059,8.120043754577637
2026-09-07T10:22:25.036000Z,-0.3116651475429535,4.453042984008789,9.106484413146973
2026-09-07T10:22:25.453000Z,-0.3116651475429535,4.453042984008789,9.106484413146973
2026-09-07T10:22:26.040000Z,0.778863787651062,5.361119270324707,9.002995491027832
2026-09-07T10:22:26.462000Z,0.778863787651062,5.361119270324707,9.002995491027832
2026-09-07T10:22:27.049000Z,0.5138586759567261,4.359723091125488,9.049057006835938
2026-09-07T10:22:27.471000Z,0.5138586759567261,4.359723091125488,9.049057006835938
2026-09-07T10:22:28.061000Z,-0.6209374666213989,5.5106706619262695,7.827520847320557
2026-09-07T10:22:28.477000Z,-0.6209374666213989,5.5106706619262695,7.827520847320557
2026-09-07T10:22:29.071000Z,1.4327025413513184,2.799602508544922,9.596415519714355
2026-09-07T10:22:29.485000Z,1.4327025413513184,2.799602508544922,9.596415519714355
2026-09-07T10:22:30.074000Z,-0.0897308513522148,6.161518096923828,7.050451755523682
2026-09-07T10:22:30.498000Z,-0.0897308513522148,6.161518096923828,7.050451755523682
2026-09-07T10:22:31.084000Z,0.7956135272979736,8.273782730102539,4.511068820953369
2026-09-07T10:22:31.506000Z,0.7956135272979736,8.273782730102539,4.511068820953369
2026-09-07T10:22:32.091000Z,-0.2811566591262817,5.344967365264893,7.869993686676025
2026-09-07T10:22:32.516000Z,-0.2811566591262817,5.344967365264893,7.869993686676025
2026-09-07T10:22:33.104000Z,2.301297187805176,6.471987247467041,7.140780925750732
2026-09-07T10:22:33.524000Z,2.301297187805176,6.471987247467041,7.140780925750732
2026-09-07T10:22:34.111000Z,1.147956609725952,6.907480716705322,6.823133945465088
2026-09-07T10:22:34.535000Z,1.147956609725952,6.907480716705322,6.823133945465088
2026-09-07T10:22:35.118000Z,1.5535401105880735,6.163312911987305,7.225726127624512
2026-09-07T10:22:35.542000Z,1.5535401105880735,6.163312911987305,7.225726127624512
2026-09-07T10:22:36.127000Z,-0.9056833982467652,7.216753005981445,7.240681171417236
2026-09-07T10:22:36.549000Z,-0.9056833982467652,7.216753005981445,7.240681171417236
2026-09-07T10:22:37.138000Z,0.3068794906139374,6.236293792724609,7.616952896118164
2026-09-07T10:22:37.560000Z,0.3068794906139374,6.236293792724609,7.616952896118164
2026-09-07T10:22:38.149000Z,-0.981655478477478,4.664807796478272,10.531410217285156
2026-09-07T10:22:38.568000Z,-0.981655478477478,4.664807796478272,10.531410217285156
2026-09-07T10:22:39.154000Z,-1.609771490097046,4.893920421600342,7.534400463104248
2026-09-07T10:22:39.574000Z,-1.609771490097046,4.893920421600342,7.534400463104248
2026-09-07T10:22:40.181000Z,-0.5910272002220154,7.762316703796387,6.767500877380371
2026-09-07T10:22:40.582000Z,-0.5910272002220154,7.762316703796387,6.767500877380371
2026-09-07T10:22:41.172000Z,0.2979064285755157,5.0979084968566895,7.978867053985596
2026-09-07T10:22:41.593000Z,0.2979064285755157,5.0979084968566895,7.978867053985596
2026-09-07T10:22:42.184000Z,-3.0664021968841557,1.8376877307891848,8.46461009979248
2026-09-07T10:22:42.600000Z,-3.0664021968841557,1.8376877307891848,8.46461009979248
2026-09-07T10:22:43.191000Z,-5.975476264953613,-1.2317054271697998,8.101499557495117
2026-09-07T10:22:43.616000Z,-5.975476264953613,-1.2317054271697998,8.101499557495117
2026-09-07T10:22:44.200000Z,-4.986044406890869,-0.9613165259361268,9.375677108764648
2026-09-07T10:22:44.618000Z,-4.986044406890869,-0.9613165259361268,9.375677108764648
2026-09-07T10:22:45.209000Z,-2.310868501663208,0.8793623447418213,10.577472686767578
2026-09-07T10:22:45.631000Z,-2.310868501663208,0.8793623447418213,10.577472686767578
2026-09-07T10:22:46.228000Z,-1.3806586265563965,3.1094729900360107,9.367900848388672
2026-09-07T10:22:46.637000Z,-1.3806586265563965,3.1094729900360107,9.367900848388672
2026-09-07T10:22:47.224000Z,1.604387640953064,5.38624382019043,8.47477912902832
2026-09-07T10:22:47.644000Z,1.604387640953064,5.38624382019043,8.47477912902832
2026-09-07T10:22:48.233000Z,-0.8542376756668091,6.09751033782959,7.420143127441406
2026-09-07T10:22:48.655000Z,-0.8542376756668091,6.09751033782959,7.420143127441406
2026-09-07T10:22:49.242000Z,-0.6634100675582886,6.272186279296875,8.02074146270752
2026-09-07T10:22:49.662000Z,-0.6634100675582886,6.272186279296875,8.02074146270752
2026-09-07T10:22:50.251000Z,-1.210170030593872,7.120441913604736,11.042278289794922
2026-09-07T10:22:50.673000Z,-1.210170030593872,7.120441913604736,11.042278289794922
2026-09-07T10:22:51.263000Z,-2.688336133956909,5.5968122482299805,8.73619556427002
2026-09-07T10:22:51.682000Z,-2.688336133956909,5.5968122482299805,8.73619556427002
2026-09-07T10:22:52.269000Z,1.479960799217224,6.038886070251465,7.491329669952393
2026-09-07T10:22:52.690000Z,1.479960799217224,6.038886070251465,7.491329669952393
2026-09-07T10:22:53.280000Z,0.0622133873403072,6.62632417678833,7.039085865020752
2026-09-07T10:22:53.697000Z,0.0622133873403072,6.62632417678833,7.039085865020752
2026-09-07T10:22:54.303000Z,0.3415754437446594,5.5591254234313965,6.570092678070068
2026-09-07T10:22:54.710000Z,0.3415754437446594,5.5591254234313965,6.570092678070068
2026-09-07T10:22:55.294000Z,2.53399920463562,6.220142364501953,7.462615489959717
2026-09-07T10:22:55.714000Z,2.53399920463562,6.220142364501953,7.462615489959717
2026-09-07T10:22:56.307000Z,0.3026920557022095,7.153343200683594,6.825526714324951
2026-09-07T10:22:56.723000Z,0.3026920557022095,7.153343200683594,6.825526714324951
2026-09-07T10:22:57.313000Z,-1.980060696601868,4.8329033851623535,6.718447685241699
2026-09-07T10:22:57.732000Z,-1.980060696601868,4.8329033851623535,6.718447685241699
2026-09-07T10:22:58.324000Z,0.1196411326527595,6.518647193908691,9.66520881652832
2026-09-07T10:22:58.749000Z,0.1196411326527595,6.518647193908691,9.66520881652832
2026-09-07T10:22:59.334000Z,-2.465803623199463,6.057430744171143,7.058228492736816
2026-09-07T10:22:59.750000Z,-2.465803623199463,6.057430744171143,7.058228492736816
2026-09-07T10:23:00.338000Z,1.2795618772506714,6.44686222076416,8.100900650024414
2026-09-07T10:23:00.759000Z,1.2795618772506714,6.44686222076416,8.100900650024414
2026-09-07T10:23:01.349000Z,0.1519442349672317,3.7010984420776367,10.093523979187012
2026-09-07T10:23:01.767000Z,0.1519442349672317,3.7010984420776367,10.093523979187012
2026-09-07T10:23:02.354000Z,1.164108157157898,2.688336133956909,13.134801864624023
2026-09-07T10:23:02.777000Z,1.164108157157898,2.688336133956909,13.134801864624023
2026-09-07T10:23:03.366000Z,1.1126625537872314,5.011168956756592,8.410173416137695
2026-09-07T10:23:03.784000Z,1.1126625537872314,5.011168956756592,8.410173416137695
2026-09-07T10:23:04.373000Z,1.8059829473495483,5.048257350921631,10.70429229736328
2026-09-07T10:23:04.795000Z,1.8059829473495483,5.048257350921631,10.70429229736328
2026-09-07T10:23:05.383000Z,3.064607620239258,4.561916351318359,7.822137355804443
2026-09-07T10:23:05.804000Z,3.064607620239258,4.561916351318359,7.822137355804443
2026-09-07T10:23:06.391000Z,1.6791633367538452,5.344369411468506,8.83370304107666
2026-09-07T10:23:06.812000Z,1.6791633367538452,5.344369411468506,8.83370304107666
2026-09-07T10:23:07.401000Z,1.893320918083191,2.3575284481048584,8.190033912658691
2026-09-07T10:23:07.819000Z,1.893320918083191,2.3575284481048584,8.190033912658691
2026-09-07T10:23:08.408000Z,0.8895317912101746,4.178466320037842,10.470992088317873
2026-09-07T10:23:08.828000Z,0.8895317912101746,4.178466320037842,10.470992088317873
2026-09-07T10:23:09.416000Z,1.0887342691421509,4.385445594787598,7.200601577758789
2026-09-07T10:23:09.837000Z,1.0887342691421509,4.385445594787598,7.200601577758789
2026-09-07T10:23:10.425000Z,0.7926225066184998,4.785047054290772,8.328219413757324
2026-09-07T10:23:10.846000Z,0.7926225066184998,4.785047054290772,8.328219413757324
2026-09-07T10:23:11.433000Z,-0.727418065071106,3.680161237716675,5.146363258361816
2026-09-07T10:23:11.854000Z,-0.727418065071106,3.680161237716675,5.146363258361816
2026-09-07T10:23:12.442000Z,-0.5994020700454712,4.00319242477417,7.795815944671631
2026-09-07T10:23:12.863000Z,-0.5994020700454712,4.00319242477417,7.795815944671631
2026-09-07T10:23:13.470000Z,0.6430711150169373,4.40757942199707,7.040282249450684
2026-09-07T10:23:13.889000Z,0.6430711150169373,4.40757942199707,7.040282249450684
2026-09-07T10:23:14.485000Z,0.882951557636261,6.792625427246094,9.17288589477539
2026-09-07T10:23:14.898000Z,0.882951557636261,6.792625427246094,9.17288589477539
2026-09-07T10:23:15.485000Z,-0.6999006271362305,3.570091485977173,7.144968509674072
2026-09-07T10:23:15.910000Z,-0.6999006271362305,3.570091485977173,7.144968509674072
2026-09-07T10:23:16.493000Z,-0.0957129076123237,5.116453170776367,8.331210136413574
2026-09-07T10:23:16.918000Z,-0.0957129076123237,5.116453170776367,8.331210136413574
2026-09-07T10:23:17.501000Z,2.853440999984741,-0.7160521745681763,11.99163055419922
2026-09-07T10:23:17.925000Z,2.853440999984741,-0.7160521745681763,11.99163055419922
2026-09-07T10:23:18.512000Z,1.9872392416000368,1.9016958475112915,9.525827407836914
2026-09-07T10:23:18.933000Z,1.9872392416000368,1.9016958475112915,9.525827407836914
2026-09-07T10:23:19.528000Z,-0.1555334776639938,5.164309501647949,6.457630157470703
2026-09-07T10:23:19.940000Z,-0.1555334776639938,5.164309501647949,6.457630157470703
2026-09-07T10:23:20.529000Z,0.5407779216766357,5.224728107452393,8.522037506103516
2026-09-07T10:23:20.953000Z,0.5407779216766357,5.224728107452393,8.522037506103516
2026-09-07T10:23:21.542000Z,0.3655036687850952,1.999203324317932,10.694721221923828
2026-09-07T10:23:21.960000Z,0.3655036687850952,1.999203324317932,10.694721221923828
2026-09-07T10:23:22.548000Z,-1.6510475873947144,3.0729825496673584,8.455039024353027
2026-09-07T10:23:22.966000Z,-1.6510475873947144,3.0729825496673584,8.455039024353027
2026-09-07T10:23:23.557000Z,0.2757728099822998,3.104687452316284,8.896514892578125
2026-09-07T10:23:23.977000Z,0.2757728099822998,3.104687452316284,8.896514892578125
2026-09-07T10:23:24.566000Z,-0.5395814776420593,3.882354736328125,9.095118522644045
2026-09-07T10:23:24.987000Z,-0.5395814776420593,3.882354736328125,9.095118522644045
2026-09-07T10:23:25.575000Z,0.4432703852653503,2.091326951980591,10.895119667053224
2026-09-07T10:23:25.993000Z,0.4432703852653503,2.091326951980591,10.895119667053224
2026-09-07T10:23:26.583000Z,0.6580262184143066,0.776470959186554,11.185847282409668
2026-09-07T10:23:27.003000Z,0.6580262184143066,0.776470959186554,11.185847282409668
2026-09-07T10:23:27.591000Z,0.7160521745681763,3.321835994720459,10.682756423950195
2026-09-07T10:23:28.014000Z,0.7160521745681763,3.321835994720459,10.682756423950195
2026-09-07T10:23:28.600000Z,1.0773683786392212,4.079164505004883,10.667202949523926
2026-09-07T10:23:29.023000Z,1.0773683786392212,4.079164505004883,10.667202949523926
2026-09-07T10:23:29.609000Z,0.1621137410402298,5.322834014892578,13.625329971313477
2026-09-07T10:23:30.034000Z,0.1621137410402298,5.322834014892578,13.625329971313477
2026-09-07T10:23:30.622000Z,-0.2392822653055191,2.869592666625977,9.430113792419434
2026-09-07T10:23:31.038000Z,-0.2392822653055191,2.869592666625977,9.430113792419434
2026-09-07T10:23:31.635000Z,0.9020941257476808,3.032304525375366,9.56889820098877
2026-09-07T10:23:32.049000Z,0.9020941257476808,3.032304525375366,9.56889820098877
2026-09-07T10:23:32.637000Z,0.0669990330934524,2.245664119720459,9.933204650878906
2026-09-07T10:23:33.057000Z,0.0669990330934524,2.245664119720459,9.933204650878906
2026-09-07T10:23:33.643000Z,0.2470589429140091,4.308875560760498,8.036294937133789
2026-09-07T10:23:34.079000Z,0.2470589429140091,4.308875560760498,8.036294937133789
2026-09-07T10:23:34.651000Z,1.3363914489746094,4.82751989364624,10.935199737548828
2026-09-07T10:23:35.074000Z,1.3363914489746094,4.82751989364624,10.935199737548828
2026-09-07T10:23:35.662000Z,0.6526423692703247,2.073979139328003,7.641479015350342
2026-09-07T10:23:36.081000Z,0.6526423692703247,2.073979139328003,7.641479015350342
2026-09-07T10:23:36.672000Z,-0.5994020700454712,3.2644083499908447,7.114459991455078
2026-09-07T10:23:37.091000Z,-0.5994020700454712,3.2644083499908447,7.114459991455078
2026-09-07T10:23:37.682000Z,0.924227774143219,3.6496527194976807,9.457033157348633
2026-09-07T10:23:38.098000Z,0.924227774143219,3.6496527194976807,9.457033157348633
2026-09-07T10:23:38.692000Z,0.3762713670730591,4.202992916107178,9.617352485656738
2026-09-07T10:23:39.114000Z,0.3762713670730591,4.202992916107178,9.617352485656738
2026-09-07T10:23:39.695000Z,0.0329013131558895,3.565305709838867,9.554540634155272
2026-09-07T10:23:40.119000Z,0.0329013131558895,3.565305709838867,9.554540634155272
2026-09-07T10:23:40.706000Z,0.8315058946609497,2.967698335647583,6.964310169219971
2026-09-07T10:23:41.128000Z,0.8315058946609497,2.967698335647583,6.964310169219971
2026-09-07T10:23:41.735000Z,0.7094719409942627,2.6560330390930176,8.755337715148926
2026-09-07T10:23:42.133000Z,0.7094719409942627,2.6560330390930176,8.755337715148926
2026-09-07T10:23:42.747000Z,0.7357929348945618,3.702294826507568,9.730413436889648
2026-09-07T10:23:43.158000Z,0.7357929348945618,3.702294826507568,9.730413436889648
2026-09-07T10:23:43.751000Z,2.5986053943634038,3.96789813041687,6.284748554229736
2026-09-07T10:23:44.153000Z,2.5986053943634038,3.96789813041687,6.284748554229736
2026-09-07T10:23:44.772000Z,0.727418065071106,4.013959884643555,6.211169242858887
2026-09-07T10:23:45.163000Z,0.727418065071106,4.013959884643555,6.211169242858887
2026-09-07T10:23:45.772000Z,0.5850451588630676,4.245465755462647,8.959325790405273
2026-09-07T10:23:46.168000Z,0.5850451588630676,4.245465755462647,8.959325790405273
2026-09-07T10:23:46.779000Z,3.2338998317718506,1.2957134246826172,8.451449394226074
2026-09-07T10:23:47.179000Z,3.2338998317718506,1.2957134246826172,8.451449394226074
2026-09-07T10:23:47.787000Z,2.3270199298858643,0.6496513485908508,11.48255729675293
2026-09-07T10:23:48.187000Z,2.3270199298858643,0.6496513485908508,11.48255729675293
2026-09-07T10:23:48.794000Z,-0.4630111753940582,3.614956855773926,9.040681838989258
2026-09-07T10:23:49.197000Z,-0.4630111753940582,3.614956855773926,9.040681838989258
2026-09-07T10:23:49.801000Z,1.3866406679153442,3.731606960296631,7.320840835571289
2026-09-07T10:23:50.205000Z,1.3866406679153442,3.731606960296631,7.320840835571289
2026-09-07T10:23:50.812000Z,1.423131227493286,2.9479575157165527,9.595218658447266
2026-09-07T10:23:51.206000Z,1.423131227493286,2.9479575157165527,9.595218658447266
2026-09-07T10:23:51.802000Z,-0.2985046207904815,3.6059837341308594,7.200003147125244
2026-09-07T10:23:52.205000Z,-0.2985046207904815,3.6059837341308594,7.200003147125244
2026-09-07T10:23:52.811000Z,2.0201404094696045,3.1405797004699707,9.134002685546877
2026-09-07T10:23:53.217000Z,2.0201404094696045,3.1405797004699707,9.134002685546877
2026-09-07T10:23:53.821000Z,-0.236889436841011,4.490131855010986,8.377870559692383
2026-09-07T10:23:54.225000Z,-0.236889436841011,4.490131855010986,8.377870559692383
2026-09-07T10:23:54.829000Z,-0.2679961323738098,2.241476535797119,8.718847274780273
2026-09-07T10:23:55.232000Z,-0.2679961323738098,2.241476535797119,8.718847274780273
2026-09-07T10:23:55.838000Z,-1.0546365976333618,0.7399803996086121,8.535198211669922
2026-09-07T10:23:56.241000Z,-1.0546365976333618,0.7399803996086121,8.535198211669922
2026-09-07T10:23:56.846000Z,-1.762912034988403,3.5718860626220703,7.249056339263916
2026-09-07T10:23:57.252000Z,-1.762912034988403,3.5718860626220703,7.249056339263916
2026-09-07T10:23:57.855000Z,1.503290772438049,4.638486862182617,9.8207426071167
2026-09-07T10:23:58.260000Z,1.503290772438049,4.638486862182617,9.8207426071167
2026-09-07T10:23:58.865000Z,0.2141576260328292,5.382654666900635,8.824729919433594
2026-09-07T10:23:59.270000Z,0.2141576260328292,5.382654666900635,8.824729919433594
2026-09-07T10:23:59.873000Z,1.8562321662902832,4.667200565338135,9.266803741455078
2026-09-07T10:24:00.278000Z,1.8562321662902832,4.667200565338135,9.266803741455078
2026-09-07T10:24:00.881000Z,0.914058268070221,2.826521635055542,7.626523971557617
2026-09-07T10:24:01.285000Z,0.914058268070221,2.826521635055542,7.626523971557617
2026-09-07T10:24:01.892000Z,1.430907964706421,-1.4476577043533323,8.551349639892578
2026-09-07T10:24:02.302000Z,1.430907964706421,-1.4476577043533323,8.551349639892578
2026-09-07T10:24:02.899000Z,1.69830584526062,-1.8987047672271729,9.603593826293944
2026-09-07T10:24:03.302000Z,1.69830584526062,-1.8987047672271729,9.603593826293944
2026-09-07T10:24:03.909000Z,1.916650891304016,-1.9226330518722532,9.449256896972656
2026-09-07T10:24:04.312000Z,1.916650891304016,-1.9226330518722532,9.449256896972656
2026-09-07T10:24:04.918000Z,2.0967109203338623,0.1962114572525024,8.615358352661133
2026-09-07T10:24:05.320000Z,2.0967109203338623,0.1962114572525024,8.615358352661133
2026-09-07T10:24:05.926000Z,1.7270197868347168,1.0558329820632937,8.526823043823242
2026-09-07T10:24:06.329000Z,1.7270197868347168,1.0558329820632937,8.526823043823242
2026-09-07T10:24:06.935000Z,1.0755738019943235,1.8807586431503296,10.04985523223877
2026-09-07T10:24:07.338000Z,1.0755738019943235,1.8807586431503296,10.04985523223877
2026-09-07T10:24:07.946000Z,1.5176477432250977,0.50907301902771,10.081560134887695
2026-09-07T10:24:08.351000Z,1.5176477432250977,0.50907301902771,10.081560134887695
2026-09-07T10:24:08.952000Z,-1.6019947528839111,1.7617156505584717,8.368897438049316
2026-09-07T10:24:09.359000Z,-1.6019947528839111,1.7617156505584717,8.368897438049316
2026-09-07T10:24:09.962000Z,-1.215553879737854,0.5335994362831116,13.965709686279297
2026-09-07T10:24:10.367000Z,-1.215553879737854,0.5335994362831116,13.965709686279297
2026-09-07T10:24:10.971000Z,0.9212366938591005,0.4845465719699859,10.627123832702637
2026-09-07T10:24:11.374000Z,0.9212366938591005,0.4845465719699859,10.627123832702637
2026-09-07T10:24:11.980000Z,-0.9511470198631288,2.0135602951049805,8.639883995056152
2026-09-07T10:24:12.383000Z,-0.9511470198631288,2.0135602951049805,8.639883995056152
2026-09-07T10:24:12.988000Z,1.0031908750534058,0.6209374666213989,9.738788604736328
2026-09-07T10:24:13.391000Z,1.0031908750534058,0.6209374666213989,9.738788604736328
2026-09-07T10:24:13.999000Z,-0.9475577473640442,2.8761727809906006,9.20997428894043
2026-09-07T10:24:14.400000Z,-0.9475577473640442,2.8761727809906006,9.20997428894043
2026-09-07T10:24:15.005000Z,-0.1704886108636856,3.579662561416626,9.795618057250977
2026-09-07T10:24:15.409000Z,-0.1704886108636856,3.579662561416626,9.795618057250977
2026-09-07T10:24:16.018000Z,1.3519448041915894,-0.2644068896770477,11.20199966430664
2026-09-07T10:24:16.418000Z,1.3519448041915894,-0.2644068896770477,11.20199966430664
2026-09-07T10:24:17.023000Z,-0.2081755697727203,3.821935892105103,9.357132911682127
2026-09-07T10:24:17.426000Z,-0.2081755697727203,3.821935892105103,9.357132911682127
2026-09-07T10:24:18.049000Z,1.571486234664917,2.4388844966888428,10.619945526123049
2026-09-07T10:24:18.456000Z,1.571486234664917,2.4388844966888428,10.619945526123049
2026-09-07T10:24:19.060000Z,1.0809576511383057,0.4175475537776947,12.480364799499512
2026-09-07T10:24:19.471000Z,1.0809576511383057,0.4175475537776947,12.480364799499512
2026-09-07T10:24:20.067000Z,-0.1806581169366836,0.3308077156543731,10.171290397644045
2026-09-07T10:24:20.470000Z,-0.1806581169366836,0.3308077156543731,10.171290397644045
2026-09-07T10:24:21.079000Z,1.8574285507202148,2.788834810256958,8.511270523071289
2026-09-07T10:24:21.483000Z,1.8574285507202148,2.788834810256958,8.511270523071289
2026-09-07T10:24:22.085000Z,1.1826525926589966,1.8005990982055664,8.656036376953125
2026-09-07T10:24:22.488000Z,1.1826525926589966,1.8005990982055664,8.656036376953125
2026-09-07T10:24:23.094000Z,-3.472583770751953,1.1162517070770264,13.040285110473633
2026-09-07T10:24:23.497000Z,-3.472583770751953,1.1162517070770264,13.040285110473633
2026-09-07T10:24:24.101000Z,1.4506487846374512,3.631108283996582,9.103493690490724
2026-09-07T10:24:24.505000Z,1.4506487846374512,3.631108283996582,9.103493690490724
2026-09-07T10:24:25.115000Z,1.740180253982544,3.260220766067505,11.538788795471191
2026-09-07T10:24:25.513000Z,1.740180253982544,3.260220766067505,11.538788795471191
2026-09-07T10:24:26.119000Z,-1.093519926071167,2.345564365386963,7.69830846786499
2026-09-07T10:24:26.522000Z,-1.093519926071167,2.345564365386963,7.69830846786499
2026-09-07T10:24:27.128000Z,0.844068169593811,4.195216178894043,9.65683364868164
2026-09-07T10:24:27.533000Z,0.844068169593811,4.195216178894043,9.65683364868164
2026-09-07T10:24:28.139000Z,1.26699960231781,4.606781959533691,9.00778102874756
2026-09-07T10:24:28.542000Z,1.26699960231781,4.606781959533691,9.00778102874756
2026-09-07T10:24:29.147000Z,2.390429735183716,3.87876558303833,9.089137077331545
2026-09-07T10:24:29.553000Z,2.390429735183716,3.87876558303833,9.089137077331545
2026-09-07T10:24:30.156000Z,1.9866410493850708,3.464807271957397,8.71346378326416
2026-09-07T10:24:30.558000Z,1.9866410493850708,3.464807271957397,8.71346378326416
2026-09-07T10:24:31.165000Z,0.7663014531135559,3.403192043304444,8.857032775878906
2026-09-07T10:24:31.567000Z,0.7663014531135559,3.403192043304444,8.857032775878906
2026-09-07T10:24:32.175000Z,0.0640080049633979,2.0895323753356934,9.034101486206056
2026-09-07T10:24:32.586000Z,0.0640080049633979,2.0895323753356934,9.034101486206056
2026-09-07T10:24:33.166000Z,1.0013962984085083,3.384049415588379,8.448458671569824
2026-09-07T10:24:33.570000Z,1.0013962984085083,3.384049415588379,8.448458671569824
2026-09-07T10:24:34.174000Z,1.054038405418396,3.882354736328125,6.942774772644043
2026-09-07T10:24:34.580000Z,1.054038405418396,3.882354736328125,6.942774772644043
2026-09-07T10:24:35.184000Z,0.6681957244873047,5.72422981262207,8.980263710021973
2026-09-07T10:24:35.586000Z,0.6681957244873047,5.72422981262207,8.980263710021973
2026-09-07T10:24:36.194000Z,-1.939382791519165,4.277170658111572,10.086943626403809
2026-09-07T10:24:36.597000Z,-1.939382791519165,4.277170658111572,10.086943626403809
2026-09-07T10:24:37.201000Z,1.6552350521087646,6.891927242279053,7.485347270965576
2026-09-07T10:24:37.604000Z,1.6552350521087646,6.891927242279053,7.485347270965576
2026-09-07T10:24:38.212000Z,0.4348955154418945,6.22492790222168,4.909473896026611
2026-09-07T10:24:38.618000Z,0.4348955154418945,6.22492790222168,4.909473896026611
2026-09-07T10:24:39.222000Z,1.5260226726531982,4.502694129943848,9.122037887573242
2026-09-07T10:24:39.625000Z,1.5260226726531982,4.502694129943848,9.122037887573242
2026-09-07T10:24:40.273000Z,-1.0301101207733154,5.989833354949951,8.534002304077148
2026-09-07T10:24:40.632000Z,-1.0301101207733154,5.989833354949951,8.534002304077148
2026-09-07T10:24:41.236000Z,1.0103694200515747,7.825726509094238,4.9740800857543945
2026-09-07T10:24:41.641000Z,1.0103694200515747,7.825726509094238,4.9740800857543945
2026-09-07T10:24:42.254000Z,-0.2051845490932464,4.552943229675293,8.726624488830566
2026-09-07T10:24:42.649000Z,-0.2051845490932464,4.552943229675293,8.726624488830566
2026-09-07T10:24:43.276000Z,2.146361827850342,5.507081508636475,9.84945583343506
2026-09-07T10:24:43.676000Z,2.146361827850342,5.507081508636475,9.84945583343506
2026-09-07T10:24:44.280000Z,-0.5916253924369812,5.212764263153076,7.298707485198975
2026-09-07T10:24:44.682000Z,-0.5916253924369812,5.212764263153076,7.298707485198975
2026-09-07T10:24:45.289000Z,-0.3469592928886413,5.611767292022705,7.484749317169189
2026-09-07T10:24:45.692000Z,-0.3469592928886413,5.611767292022705,7.484749317169189
2026-09-07T10:24:46.297000Z,-0.4749752879142761,5.346762180328369,10.697711944580078
2026-09-07T10:24:46.703000Z,-0.4749752879142761,5.346762180328369,10.697711944580078
2026-09-07T10:24:47.308000Z,-0.893121063709259,4.992026329040527,9.253045082092283
2026-09-07T10:24:47.709000Z,-0.893121063709259,4.992026329040527,9.253045082092283
2026-09-07T10:24:48.316000Z,0.123828575015068,5.185844898223877,8.855836868286133
2026-09-07T10:24:48.723000Z,0.123828575015068,5.185844898223877,8.855836868286133
2026-09-07T10:24:49.324000Z,0.2871387302875519,6.103492259979248,8.054241180419922
2026-09-07T10:24:49.729000Z,0.2871387302875519,6.103492259979248,8.054241180419922
2026-09-07T10:24:50.335000Z,-2.1445672512054443,6.15134859085083,7.773682594299316
2026-09-07T10:24:50.736000Z,-2.1445672512054443,6.15134859085083,7.773682594299316
2026-09-07T10:24:51.344000Z,2.24985146522522,2.314457654953003,9.625128746032717
2026-09-07T10:24:51.747000Z,2.24985146522522,2.314457654953003,9.625128746032717
2026-09-07T10:24:52.349000Z,-2.114656925201416,4.319045066833496,9.69511890411377
2026-09-07T10:24:52.755000Z,-2.114656925201416,4.319045066833496,9.69511890411377
2026-09-07T10:24:53.361000Z,-1.4159528017044067,4.447061061859131,8.338388442993164
2026-09-07T10:24:53.765000Z,-1.4159528017044067,4.447061061859131,8.338388442993164
2026-09-07T10:24:54.368000Z,1.189831018447876,2.999403238296509,7.550551891326904
2026-09-07T10:24:54.770000Z,1.189831018447876,2.999403238296509,7.550551891326904
2026-09-07T10:24:55.379000Z,-0.755533754825592,3.786043643951416,8.973084449768066
2026-09-07T10:24:55.781000Z,-0.755533754825592,3.786043643951416,8.973084449768066
2026-09-07T10:24:56.385000Z,-2.690729141235352,2.984447956085205,9.05264663696289
2026-09-07T10:24:56.791000Z,-2.690729141235352,2.984447956085205,9.05264663696289
2026-09-07T10:24:57.399000Z,0.9212366938591005,6.607181549072266,7.522436141967773
2026-09-07T10:24:57.798000Z,0.9212366938591005,6.607181549072266,7.522436141967773
2026-09-07T10:24:58.425000Z,-0.8177471160888672,4.590630054473877,7.518248558044434
2026-09-07T10:24:58.811000Z,-0.8177471160888672,4.590630054473877,7.518248558044434
2026-09-07T10:24:59.411000Z,-0.123230367898941,4.325026988983154,9.308079719543455
2026-09-07T10:24:59.830000Z,-0.123230367898941,4.325026988983154,9.308079719543455
2026-09-07T10:25:00.421000Z,0.7968099117279053,4.478167533874512,8.150551795959473
2026-09-07T10:25:00.824000Z,0.7968099117279053,4.478167533874512,8.150551795959473
2026-09-07T10:25:01.433000Z,0.5383850932121277,4.346562385559082,7.540382385253906
2026-09-07T10:25:01.836000Z,0.5383850932121277,4.346562385559082,7.540382385253906
2026-09-07T10:25:02.440000Z,2.1056840419769287,4.577469825744629,9.414560317993164
2026-09-07T10:25:02.858000Z,2.1056840419769287,4.577469825744629,9.414560317993164
2026-09-07T10:25:03.449000Z,-0.5042873620986938,5.149952411651611,12.228520393371582
2026-09-07T10:25:03.854000Z,-0.5042873620986938,5.149952411651611,12.228520393371582
2026-09-07T10:25:04.459000Z,0.6017948985099792,3.1106693744659424,10.643275260925291
2026-09-07T10:25:04.862000Z,0.6017948985099792,3.1106693744659424,10.643275260925291
2026-09-07T10:43:47.323000Z,-0.0251246374100446,7.424330234527588,6.049055576324463
2026-09-07T10:43:47.329000Z,-0.0251246374100446,7.424330234527588,6.049055576324463
2026-09-07T10:43:48.330000Z,0.6681957244873047,7.155735969543457,6.679564476013184
2026-09-07T10:43:48.336000Z,0.6681957244873047,7.155735969543457,6.679564476013184
2026-09-07T10:43:49.343000Z,0.366101861000061,6.859025955200195,7.005586624145508
2026-09-07T10:43:49.350000Z,0.366101861000061,6.859025955200195,7.005586624145508
2026-09-07T10:43:50.350000Z,0.0981057286262512,6.915257453918457,6.934998035430908
2026-09-07T10:43:50.359000Z,0.0981057286262512,6.915257453918457,6.934998035430908
2026-09-07T10:43:51.359000Z,0.0071784676983952,6.962515830993652,6.9206414222717285
2026-09-07T10:43:52.366000Z,0.6245267391204834,7.045068264007568,6.608976364135742
2026-09-07T10:43:52.371000Z,0.6245267391204834,7.045068264007568,6.608976364135742
2026-09-07T10:43:53.374000Z,0.5581258535385132,7.097710132598877,6.647261142730713
2026-09-07T10:43:53.381000Z,0.5581258535385132,7.097710132598877,6.647261142730713
2026-09-07T10:43:54.389000Z,0.50129634141922,7.083353042602539,6.710072994232178
2026-09-07T10:43:54.393000Z,0.50129634141922,7.083353042602539,6.710072994232178
2026-09-07T10:43:55.410000Z,0.3314059376716614,6.977470874786377,6.8895344734191895
2026-09-07T10:43:56.438000Z,0.6149554252624512,7.0785675048828125,6.598806858062744
2026-09-07T10:43:57.433000Z,0.5485545992851257,7.16949462890625,6.698707103729248
2026-09-07T10:43:57.434000Z,0.5485545992851257,7.16949462890625,6.698707103729248
2026-09-07T10:43:58.434000Z,0.3116651475429535,7.406982421875,6.386443614959717
2026-09-07T10:43:58.435000Z,0.3116651475429535,7.406982421875,6.386443614959717
2026-09-07T10:43:59.454000Z,0.1974078714847564,7.898109436035156,5.9647088050842285
2026-09-07T10:44:00.461000Z,0.4007977843284607,7.874779224395752,5.791228771209717
2026-09-07T10:44:00.462000Z,0.4007977843284607,7.874779224395752,5.791228771209717
2026-09-07T10:44:01.473000Z,0.4289134442806244,7.884350776672363,5.752345561981201
2026-09-07T10:44:01.474000Z,0.4289134442806244,7.884350776672363,5.752345561981201
2026-09-07T10:44:02.487000Z,0.4773681163787842,7.860422611236572,5.838487148284912
2026-09-07T10:44:02.488000Z,0.4773681163787842,7.860422611236572,5.838487148284912
2026-09-07T10:44:03.496000Z,0.4737788736820221,7.6737823486328125,5.893522262573242
2026-09-07T10:44:03.497000Z,0.4737788736820221,7.6737823486328125,5.893522262573242
2026-09-07T10:44:55.719000Z,0.4271188378334045,7.616354465484619,5.994618892669678
2026-09-07T10:44:55.726000Z,0.4271188378334045,7.616354465484619,5.994618892669678
2026-09-07T10:44:56.727000Z,0.7028916478157043,7.788039684295654,5.382654666900635
2026-09-07T10:44:56.736000Z,0.7028916478157043,7.788039684295654,5.382654666900635
2026-09-07T10:44:57.735000Z,0.4271188378334045,7.198208808898926,7.000801086425781
2026-09-07T10:44:57.736000Z,0.4271188378334045,7.198208808898926,7.000801086425781
2026-09-07T10:44:58.744000Z,0.5467599630355835,7.355536937713623,6.571887493133545
2026-09-07T10:44:58.746000Z,0.5467599630355835,7.355536937713623,6.571887493133545
2026-09-07T10:44:59.757000Z,0.7621139883995056,8.432905197143555,4.680361270904541
2026-09-07T10:44:59.758000Z,0.7621139883995056,8.432905197143555,4.680361270904541
2026-09-07T10:45:00.762000Z,1.090528964996338,7.896913051605225,6.068796634674072
2026-09-07T10:45:00.763000Z,1.090528964996338,7.896913051605225,6.068796634674072
2026-09-07T10:45:01.772000Z,1.262213945388794,7.60080099105835,6.051448345184326
2026-09-07T10:45:01.773000Z,1.262213945388794,7.60080099105835,6.051448345184326
2026-09-07T10:45:02.781000Z,1.1102696657180786,7.194619655609131,6.535995006561279
2026-09-07T10:45:02.783000Z,1.1102696657180786,7.194619655609131,6.535995006561279
2026-09-07T10:45:03.789000Z,0.8195417523384094,7.32622480392456,6.114858150482178
2026-09-07T10:45:03.791000Z,0.8195417523384094,7.32622480392456,6.114858150482178
2026-09-07T10:45:04.798000Z,4.179064750671387,7.335197925567627,5.014159679412842
2026-09-07T10:45:04.799000Z,4.179064750671387,7.335197925567627,5.014159679412842
2026-09-07T10:45:05.809000Z,5.102694511413574,7.215556621551514,3.715455293655396
2026-09-07T10:45:05.810000Z,5.102694511413574,7.215556621551514,3.715455293655396
2026-09-07T10:45:06.816000Z,5.036891460418701,6.207580089569092,6.284748554229736
2026-09-07T10:45:06.818000Z,5.036891460418701,6.207580089569092,6.284748554229736
2026-09-07T10:45:07.824000Z,3.298506021499634,8.181060791015625,3.851248025894165
2026-09-07T10:45:07.826000Z,3.298506021499634,8.181060791015625,3.851248025894165
2026-09-07T10:45:08.834000Z,2.3132612705230717,8.13798999786377,5.242674350738525
2026-09-07T10:45:08.840000Z,2.3132612705230717,8.13798999786377,5.242674350738525
2026-09-07T10:45:09.844000Z,1.4943177700042725,8.515457153320312,4.405784606933594
2026-09-07T10:45:09.850000Z,1.4943177700042725,8.515457153320312,4.405784606933594
2026-09-07T10:45:10.850000Z,0.6484549641609192,8.590232849121094,4.82751989364624
2026-09-07T10:45:10.855000Z,0.6484549641609192,8.590232849121094,4.82751989364624
2026-09-07T10:45:11.859000Z,0.6430711150169373,8.566903114318848,6.873383045196533
2026-09-07T10:45:11.866000Z,0.6430711150169373,8.566903114318848,6.873383045196533
2026-09-07T10:45:12.870000Z,0.0442672185599803,7.165905475616455,6.3702921867370605
2026-09-07T10:45:12.876000Z,0.0442672185599803,7.165905475616455,6.3702921867370605
2026-09-07T10:45:13.877000Z,-0.0765703245997428,6.823133945465088,7.184450149536133
2026-09-07T10:45:13.884000Z,-0.0765703245997428,6.823133945465088,7.184450149536133
2026-09-07T10:45:14.899000Z,0.3427718579769134,6.661618232727051,7.144968509674072
2026-09-07T10:45:14.900000Z,0.3427718579769134,6.661618232727051,7.144968509674072
2026-09-07T10:45:15.895000Z,-0.0526420995593071,6.990631580352783,7.287939548492432
2026-09-07T10:45:15.896000Z,-0.0526420995593071,6.990631580352783,7.287939548492432
2026-09-07T10:45:16.905000Z,-2.5022943019866943,3.263211965560913,9.026923179626465
2026-09-07T10:45:16.906000Z,-2.5022943019866943,3.263211965560913,9.026923179626465
2026-09-07T10:45:17.913000Z,-0.7489534616470337,1.7258232831954956,10.04267692565918
2026-09-07T10:45:17.914000Z,-0.7489534616470337,1.7258232831954956,10.04267692565918
2026-09-07T10:45:18.920000Z,-6.340381622314453,2.9958138465881348,7.255038261413574
2026-09-07T10:45:18.921000Z,-6.340381622314453,2.9958138465881348,7.255038261413574
2026-09-07T10:45:19.932000Z,-0.3409772217273712,5.003990173339844,9.309276580810549
2026-09-07T10:45:19.933000Z,-0.3409772217273712,5.003990173339844,9.309276580810549
2026-09-07T10:45:20.936000Z,-0.9523434042930604,1.1539387702941897,11.228320121765137
2026-09-07T10:45:20.937000Z,-0.9523434042930604,1.1539387702941897,11.228320121765137
2026-09-07T10:45:21.948000Z,1.1784651279449463,1.211964726448059,10.408180236816406
2026-09-07T10:45:21.949000Z,1.1784651279449463,1.211964726448059,10.408180236816406
2026-09-07T10:45:22.953000Z,0.0873380228877067,1.4620146751403809,10.638489723205566
2026-09-07T10:45:22.954000Z,0.0873380228877067,1.4620146751403809,10.638489723205566
2026-09-07T10:45:23.965000Z,-0.4253242313861847,0.6532405614852905,7.646862983703613
2026-09-07T10:45:23.966000Z,-0.4253242313861847,0.6532405614852905,7.646862983703613
2026-09-07T10:45:24.973000Z,1.97407865524292,-3.3714871406555176,9.984052658081056
2026-09-07T10:45:24.974000Z,1.97407865524292,-3.3714871406555176,9.984052658081056
2026-09-07T10:45:25.981000Z,1.1276177167892456,-3.6029927730560303,8.655437469482422
2026-09-07T10:45:25.983000Z,1.1276177167892456,-3.6029927730560303,8.655437469482422
2026-09-07T10:45:26.992000Z,0.5204389095306396,-4.604389190673828,8.876773834228516
2026-09-07T10:45:26.993000Z,0.5204389095306396,-4.604389190673828,8.876773834228516
2026-09-07T10:45:28.000000Z,-1.898106575012207,-3.4271202087402344,4.914259433746338
2026-09-07T10:45:28.001000Z,-1.898106575012207,-3.4271202087402344,4.914259433746338
2026-09-07T10:45:29.008000Z,1.842473387718201,-5.859424591064453,12.373286247253418
2026-09-07T10:45:29.009000Z,1.842473387718201,-5.859424591064453,12.373286247253418
2026-09-07T10:45:30.018000Z,1.0701899528503418,-5.114060401916504,11.000404357910156
2026-09-07T10:45:30.019000Z,1.0701899528503418,-5.114060401916504,11.000404357910156
2026-09-07T10:45:31.026000Z,0.8470591902732849,-4.948357105255127,14.358132362365724
2026-09-07T10:45:31.028000Z,0.8470591902732849,-4.948357105255127,14.358132362365724
2026-09-07T10:45:32.033000Z,-2.1481566429138184,-1.9441684484481807,8.769695281982422
2026-09-07T10:45:32.034000Z,-2.1481566429138184,-1.9441684484481807,8.769695281982422
2026-09-07T10:45:33.042000Z,0.5527420043945312,-4.302295207977295,13.064213752746582
2026-09-07T10:45:33.043000Z,0.5527420043945312,-4.302295207977295,13.064213752746582
2026-09-07T10:45:34.066000Z,2.176870346069336,-6.073582172393799,12.39721393585205
2026-09-07T10:45:34.067000Z,2.176870346069336,-6.073582172393799,12.39721393585205
2026-09-07T10:45:35.076000Z,-0.6562315821647644,3.230310678482056,9.032307624816896
2026-09-07T10:45:35.077000Z,-0.6562315821647644,3.230310678482056,9.032307624816896
2026-09-07T10:45:36.086000Z,1.7437695264816284,3.8596229553222656,8.583054542541504
2026-09-07T10:45:36.087000Z,1.7437695264816284,3.8596229553222656,8.583054542541504
2026-09-07T10:45:37.095000Z,0.1423729509115219,6.281757831573486,7.11565637588501
2026-09-07T10:45:37.096000Z,0.1423729509115219,6.281757831573486,7.11565637588501
2026-09-07T10:45:38.102000Z,-0.0885344371199607,5.760720729827881,7.850851058959961
2026-09-07T10:45:38.103000Z,-0.0885344371199607,5.760720729827881,7.850851058959961
2026-09-07T10:45:39.109000Z,0.1537388563156128,6.1812591552734375,7.298707485198975
2026-09-07T10:45:39.110000Z,0.1537388563156128,6.1812591552734375,7.298707485198975
2026-09-07T10:45:40.121000Z,-0.1070788130164146,4.789234638214111,7.770691394805908
2026-09-07T10:45:40.122000Z,-0.1070788130164146,4.789234638214111,7.770691394805908
2026-09-07T10:45:41.135000Z,-1.7772690057754517,2.262413740158081,8.350951194763184
2026-09-07T10:45:41.137000Z,-1.7772690057754517,2.262413740158081,8.350951194763184
2026-09-07T10:45:42.142000Z,0.8458628058433533,5.78644323348999,7.29810905456543
2026-09-07T10:45:42.143000Z,0.8458628058433533,5.78644323348999,7.29810905456543
2026-09-07T10:45:43.150000Z,0.7124629616737366,6.512664794921875,6.873981475830078
2026-09-07T10:45:43.151000Z,0.7124629616737366,6.512664794921875,6.873981475830078
2026-09-07T10:45:44.156000Z,0.597607433795929,7.004988193511963,6.960123062133789
2026-09-07T10:45:44.158000Z,0.597607433795929,7.004988193511963,6.960123062133789
2026-09-07T10:45:45.170000Z,0.1716850250959396,6.359524250030518,7.750950813293457
2026-09-07T10:45:46.174000Z,2.3718855381011963,7.2681989669799805,6.399005889892578
2026-09-07T10:45:46.175000Z,2.3718855381011963,7.2681989669799805,6.399005889892578
2026-09-07T10:45:47.186000Z,1.6109678745269775,7.996214866638184,5.720640659332275
2026-09-07T10:45:47.187000Z,1.6109678745269775,7.996214866638184,5.720640659332275
2026-09-07T10:45:48.190000Z,1.0815558433532717,8.213363647460938,5.271388053894043
2026-09-07T10:45:48.191000Z,1.0815558433532717,8.213363647460938,5.271388053894043
2026-09-07T10:45:49.203000Z,1.1054840087890625,7.767700672149658,5.194818019866943
2026-09-07T10:45:49.204000Z,1.1054840087890625,7.767700672149658,5.194818019866943
2026-09-07T10:45:50.210000Z,-0.3104687333106994,5.66620397567749,8.696115493774414
2026-09-07T10:45:50.211000Z,-0.3104687333106994,5.66620397567749,8.696115493774414
2026-09-07T10:45:51.218000Z,-0.0263210497796535,3.73459792137146,9.113064765930176
2026-09-07T10:45:51.219000Z,-0.0263210497796535,3.73459792137146,9.113064765930176
2026-09-07T10:45:52.226000Z,1.2329018115997314,5.422734260559082,1.454836130142212
2026-09-07T10:45:52.227000Z,1.2329018115997314,5.422734260559082,1.454836130142212
2026-09-07T10:45:53.237000Z,1.0755738019943235,8.151748657226562,5.665007591247559
2026-09-07T10:45:53.238000Z,1.0755738019943235,8.151748657226562,5.665007591247559
2026-09-07T10:45:54.249000Z,0.4366901218891144,8.663812637329102,4.782055854797363
2026-09-07T10:45:54.250000Z,0.4366901218891144,8.663812637329102,4.782055854797363
2026-09-07T10:45:55.254000Z,2.781656265258789,7.89332389831543,3.2608189582824707
2026-09-07T10:45:55.255000Z,2.781656265258789,7.89332389831543,3.2608189582824707
2026-09-07T10:45:56.263000Z,6.340980052947998,6.314060688018799,3.9774694442749023
2026-09-07T10:45:57.271000Z,-1.3926228284835815,8.070990562438965,5.5387864112854
2026-09-07T10:45:57.272000Z,-1.3926228284835815,8.070990562438965,5.5387864112854
2026-09-07T10:45:58.283000Z,3.596412420272827,6.34217643737793,7.578667640686035
2026-09-07T10:45:58.284000Z,3.596412420272827,6.34217643737793,7.578667640686035
2026-09-07T10:45:59.292000Z,1.9824535846710205,6.721438884735107,6.53180742263794
2026-09-07T10:45:59.293000Z,1.9824535846710205,6.721438884735107,6.53180742263794
2026-09-07T10:46:00.301000Z,0.8691928386688232,7.499105930328369,1.726421594619751
2026-09-07T10:46:00.303000Z,0.8691928386688232,7.499105930328369,1.726421594619751
2026-09-07T10:46:01.307000Z,1.796411633491516,7.796414375305176,6.228517532348633
2026-09-07T10:46:02.318000Z,1.804188251495361,8.271987915039062,5.050052165985107
2026-09-07T10:46:02.319000Z,1.804188251495361,8.271987915039062,5.050052165985107
2026-09-07T10:46:03.327000Z,0.9152546525001526,8.203194618225098,5.416153907775879
2026-09-07T10:46:03.328000Z,0.9152546525001526,8.203194618225098,5.416153907775879
2026-09-07T10:46:04.333000Z,0.7722834944725037,8.10688304901123,5.432305812835693
2026-09-07T10:46:04.334000Z,0.7722834944725037,8.10688304901123,5.432305812835693
2026-09-07T10:46:05.344000Z,0.6747759580612183,8.779266357421875,4.78385066986084
2026-09-07T10:46:05.346000Z,0.6747759580612183,8.779266357421875,4.78385066986084
2026-09-07T10:46:06.351000Z,-0.5802595019340515,8.398209571838379,5.222933769226074
2026-09-07T10:46:06.352000Z,-0.5802595019340515,8.398209571838379,5.222933769226074
2026-09-07T10:46:07.365000Z,0.8434699773788452,8.411968231201172,4.906482696533203
2026-09-07T10:46:07.366000Z,0.8434699773788452,8.411968231201172,4.906482696533203
2026-09-07T10:46:08.370000Z,1.2197413444519043,7.88913631439209,5.7619171142578125
2026-09-07T10:46:09.381000Z,-0.1070788130164146,8.26241683959961,5.800800323486328
2026-09-07T10:46:09.382000Z,-0.1070788130164146,8.26241683959961,5.800800323486328
2026-09-07T10:46:10.389000Z,0.389431893825531,7.890930652618408,5.791827201843262
2026-09-07T10:46:10.390000Z,0.389431893825531,7.890930652618408,5.791827201843262
2026-09-07T10:46:11.396000Z,0.3266202807426452,7.957331657409668,5.6859450340271
2026-09-07T10:46:11.397000Z,0.3266202807426452,7.957331657409668,5.6859450340271
2026-09-07T10:46:12.412000Z,1.44945228099823,7.65583610534668,4.205984115600586
2026-09-07T10:46:12.413000Z,1.44945228099823,7.65583610534668,4.205984115600586
2026-09-07T10:46:13.418000Z,2.7900311946868896,6.928418159484863,6.130411624908447
2026-09-07T10:46:13.419000Z,2.7900311946868896,6.928418159484863,6.130411624908447
2026-09-07T10:46:14.427000Z,1.2131611108779907,7.089933395385742,5.981458187103272
2026-09-07T10:46:14.428000Z,1.2131611108779907,7.089933395385742,5.981458187103272
2026-09-07T10:46:15.434000Z,1.2376874685287476,6.15134859085083,7.452445983886719
2026-09-07T10:46:15.435000Z,1.2376874685287476,6.15134859085083,7.452445983886719
2026-09-07T10:46:16.441000Z,2.820539712905884,5.348556995391846,7.689933776855469
2026-09-07T10:46:16.442000Z,2.820539712905884,5.348556995391846,7.689933776855469
2026-09-07T10:46:17.451000Z,1.7766708135604858,5.8372907638549805,7.395018577575684
2026-09-07T10:46:17.453000Z,1.7766708135604858,5.8372907638549805,7.395018577575684
2026-09-07T10:46:18.464000Z,3.08554482460022,6.08195686340332,9.711270332336426
2026-09-07T10:46:18.465000Z,3.08554482460022,6.08195686340332,9.711270332336426
2026-09-07T10:46:19.470000Z,2.0237298011779785,6.650252342224121,3.187838077545166
2026-09-07T10:46:19.471000Z,2.0237298011779785,6.650252342224121,3.187838077545166
2026-09-07T10:46:20.482000Z,1.97407865524292,7.090531826019287,5.147559642791748
2026-09-07T10:46:21.488000Z,0.7657032608985901,8.261817932128906,6.292525291442871
2026-09-07T10:46:21.489000Z,0.7657032608985901,8.261817932128906,6.292525291442871
2026-09-07T10:46:22.495000Z,1.734796404838562,7.751548767089844,5.726024627685547
2026-09-07T10:46:22.496000Z,1.734796404838562,7.751548767089844,5.726024627685547
2026-09-07T10:46:23.504000Z,1.424327731132507,5.712863922119141,7.997411251068115
2026-09-07T10:46:23.505000Z,1.424327731132507,5.712863922119141,7.997411251068115
2026-09-07T10:46:24.513000Z,1.4003994464874268,6.422934055328369,7.021738052368164
2026-09-07T10:46:24.514000Z,1.4003994464874268,6.422934055328369,7.021738052368164
2026-09-07T10:46:25.525000Z,0.6957131624221802,7.814958572387695,5.876173973083496
2026-09-07T10:46:25.527000Z,0.6957131624221802,7.814958572387695,5.876173973083496
2026-09-07T10:46:26.531000Z,0.5078766345977783,9.17467975616455,4.391427993774414
2026-09-07T10:46:26.533000Z,0.5078766345977783,9.17467975616455,4.391427993774414
2026-09-07T10:46:27.539000Z,1.197009563446045,7.380063056945801,5.3312087059021
2026-09-07T10:46:27.540000Z,1.197009563446045,7.380063056945801,5.3312087059021
2026-09-07T10:46:28.548000Z,1.4662020206451416,7.923832416534424,6.166304111480713
2026-09-07T10:46:28.549000Z,1.4662020206451416,7.923832416534424,6.166304111480713
2026-09-07T10:46:29.559000Z,1.6791633367538452,7.582854747772217,5.368896007537842
2026-09-07T10:46:29.560000Z,1.6791633367538452,7.582854747772217,5.368896007537842
2026-09-07T10:46:30.569000Z,-0.6011967062950134,9.206384658813477,5.237290382385254
2026-09-07T10:46:30.570000Z,-0.6011967062950134,9.206384658813477,5.237290382385254
2026-09-07T10:46:31.577000Z,4.348955154418945,6.195616245269775,3.789632797241211
2026-09-07T10:46:31.578000Z,4.348955154418945,6.195616245269775,3.789632797241211
2026-09-07T10:46:32.583000Z,0.9439685344696044,8.831310272216797,4.487739086151123
2026-09-07T10:46:33.592000Z,6.026323795318604,5.907280921936035,6.621538639068604
2026-09-07T10:46:33.593000Z,6.026323795318604,5.907280921936035,6.621538639068604
2026-09-07T10:46:34.603000Z,1.2640085220336914,7.357331275939941,5.857629776000977
2026-09-07T10:46:34.604000Z,1.2640085220336914,7.357331275939941,5.857629776000977
2026-09-07T10:46:35.610000Z,-0.6400800347328186,7.890930652618408,3.8673996925354
2026-09-07T10:46:35.612000Z,-0.6400800347328186,7.890930652618408,3.8673996925354
2026-09-07T10:46:36.620000Z,0.5246263742446899,6.168098449707031,7.820342540740967
2026-09-07T10:46:36.621000Z,0.5246263742446899,6.168098449707031,7.820342540740967
2026-09-07T10:46:37.628000Z,1.1748759746551514,7.607979774475098,6.631109714508057
2026-09-07T10:46:38.638000Z,0.2524427771568298,7.497311592102051,5.891727447509766
2026-09-07T10:46:38.639000Z,0.2524427771568298,7.497311592102051,5.891727447509766
2026-09-07T10:46:39.645000Z,1.542174220085144,6.906284332275391,7.019943237304688
2026-09-07T10:46:39.646000Z,1.542174220085144,6.906284332275391,7.019943237304688
2026-09-07T10:46:40.656000Z,1.284945726394653,7.186842918395996,6.601797580718994
2026-09-07T10:46:40.657000Z,1.284945726394653,7.186842918395996,6.601797580718994
2026-09-07T10:46:41.667000Z,1.3148560523986816,7.187440872192383,6.711269378662109
2026-09-07T10:46:41.668000Z,1.3148560523986816,7.187440872192383,6.711269378662109
2026-09-07T10:46:42.673000Z,1.252044439315796,7.052844524383545,6.593422889709473
2026-09-07T10:46:42.674000Z,1.252044439315796,7.052844524383545,6.593422889709473
2026-09-07T10:46:43.680000Z,0.6951149702072144,7.15513801574707,6.251249313354492
2026-09-07T10:46:43.681000Z,0.6951149702072144,7.15513801574707,6.251249313354492
2026-09-07T10:46:44.690000Z,1.582852125167847,5.974878311157227,7.666603565216064
2026-09-07T10:46:44.707000Z,1.582852125167847,5.974878311157227,7.666603565216064
2026-09-07T10:46:45.702000Z,2.104487419128418,5.546562671661377,7.734799385070801
2026-09-07T10:46:45.703000Z,2.104487419128418,5.546562671661377,7.734799385070801
2026-09-07T10:46:46.711000Z,-1.1318050622940063,6.771687984466553,6.823731899261475
2026-09-07T10:46:46.712000Z,-1.1318050622940063,6.771687984466553,6.823731899261475
2026-09-07T10:46:47.716000Z,0.1818545162677765,6.208776473999023,7.386045455932617
2026-09-07T10:46:47.718000Z,0.1818545162677765,6.208776473999023,7.386045455932617
2026-09-07T10:46:48.725000Z,-0.0855434089899063,6.993024349212647,7.518248558044434
2026-09-07T10:46:48.727000Z,-0.0855434089899063,6.993024349212647,7.518248558044434
2026-09-07T10:46:49.736000Z,-0.1633101403713226,7.105486869812012,6.865606307983398
2026-09-07T10:46:49.737000Z,-0.1633101403713226,7.105486869812012,6.865606307983398
2026-09-07T10:46:50.742000Z,-0.0185443758964538,6.8482584953308105,6.987640380859375
2026-09-07T10:46:50.743000Z,-0.0185443758964538,6.8482584953308105,6.987640380859375
2026-09-07T10:46:51.768000Z,-0.6185446381568909,6.362515449523926,7.068996429443359
2026-09-07T10:46:51.769000Z,-0.6185446381568909,6.362515449523926,7.068996429443359
2026-09-07T10:46:52.784000Z,0.0317048989236354,5.865406513214111,8.157132148742676
2026-09-07T10:46:52.786000Z,0.0317048989236354,5.865406513214111,8.157132148742676
2026-09-07T10:46:53.789000Z,-1.8035900592803955,5.948556900024414,7.823931694030762
2026-09-07T10:46:53.791000Z,-1.8035900592803955,5.948556900024414,7.823931694030762
2026-09-07T10:46:54.799000Z,-0.397208571434021,5.737988471984863,7.682755470275879
2026-09-07T10:46:54.801000Z,-0.397208571434021,5.737988471984863,7.682755470275879
2026-09-07T10:46:55.806000Z,-0.9960124492645264,5.712265968322754,7.897511005401611
2026-09-07T10:46:55.807000Z,-0.9960124492645264,5.712265968322754,7.897511005401611
2026-09-07T10:46:56.814000Z,-0.8057830333709717,5.7756757736206055,7.8765740394592285
2026-09-07T10:46:56.815000Z,-0.8057830333709717,5.7756757736206055,7.8765740394592285
2026-09-07T10:46:57.823000Z,1.189831018447876,6.069993019104004,7.998608112335205
2026-09-07T10:46:57.825000Z,1.189831018447876,6.069993019104004,7.998608112335205
2026-09-07T10:46:58.832000Z,0.4354937076568603,5.7750773429870605,7.920841217041016
2026-09-07T10:46:58.834000Z,0.4354937076568603,5.7750773429870605,7.920841217041016
2026-09-07T10:46:59.840000Z,-0.1974078714847564,5.529214859008789,8.057231903076172
2026-09-07T10:46:59.842000Z,-0.1974078714847564,5.529214859008789,8.057231903076172
2026-09-07T10:47:00.852000Z,2.242672920227051,5.444868087768555,7.164709091186523
2026-09-07T10:47:00.853000Z,2.242672920227051,5.444868087768555,7.164709091186523
2026-09-07T10:47:01.858000Z,-0.1022931709885597,6.150750637054443,7.622934818267822
2026-09-07T10:47:01.859000Z,-0.1022931709885597,6.150750637054443,7.622934818267822
2026-09-07T10:47:02.866000Z,1.280758261680603,4.917250633239746,6.233303070068359
2026-09-07T10:47:02.867000Z,1.280758261680603,4.917250633239746,6.233303070068359
2026-09-07T10:47:03.875000Z,-5.61236572265625,6.425925254821777,10.536794662475586
2026-09-07T10:47:03.877000Z,-5.61236572265625,6.425925254821777,10.536794662475586
2026-09-07T10:47:04.886000Z,0.8189435601234436,3.3714871406555176,8.739784240722656
2026-09-07T10:47:04.888000Z,0.8189435601234436,3.3714871406555176,8.739784240722656
2026-09-07T10:47:05.896000Z,0.2626122832298279,3.829712629318237,9.035298347473145
2026-09-07T10:47:05.897000Z,0.2626122832298279,3.829712629318237,9.035298347473145
2026-09-07T10:47:06.899000Z,0.2955136001110077,3.867997884750366,9.020342826843262
2026-09-07T10:47:06.900000Z,0.2955136001110077,3.867997884750366,9.020342826843262
2026-09-07T10:47:07.913000Z,1.0163514614105225,5.955137252807617,8.35992431640625
2026-09-07T10:47:07.915000Z,1.0163514614105225,5.955137252807617,8.35992431640625
2026-09-07T10:47:08.916000Z,1.119242787361145,5.442475318908691,8.015357971191406
2026-09-07T10:47:08.917000Z,1.119242787361145,5.442475318908691,8.015357971191406
2026-09-07T10:47:09.930000Z,1.1282159090042114,5.389832973480225,7.963313579559326
2026-09-07T10:47:09.934000Z,1.1282159090042114,5.389832973480225,7.963313579559326
2026-09-07T10:47:10.939000Z,1.4141582250595093,5.5106706619262695,7.897511005401611
2026-09-07T10:47:10.956000Z,1.4141582250595093,5.5106706619262695,7.897511005401611
2026-09-07T10:47:11.948000Z,2.24985146522522,4.683950424194336,7.3022966384887695
2026-09-07T10:47:11.950000Z,2.24985146522522,4.683950424194336,7.3022966384887695
2026-09-07T10:47:12.959000Z,0.4079762697219848,6.262615203857422,7.599006652832031
2026-09-07T10:47:12.961000Z,0.4079762697219848,6.262615203857422,7.599006652832031
2026-09-07T10:47:13.969000Z,-1.3860424757003784,6.3840508460998535,7.164709091186523
2026-09-07T10:47:13.970000Z,-1.3860424757003784,6.3840508460998535,7.164709091186523
2026-09-07T10:47:14.973000Z,1.353141188621521,4.789234638214111,8.432905197143555
2026-09-07T10:47:14.975000Z,1.353141188621521,4.789234638214111,8.432905197143555
2026-09-07T10:47:15.981000Z,0.495912492275238,4.609174728393555,8.622536659240723
2026-09-07T10:47:15.982000Z,0.495912492275238,4.609174728393555,8.622536659240723
2026-09-07T10:47:16.992000Z,0.5180460810661316,4.704887390136719,8.401200294494629
2026-09-07T10:47:16.994000Z,0.5180460810661316,4.704887390136719,8.401200294494629
2026-09-07T10:47:18.000000Z,0.0317048989236354,4.808377265930176,8.48016357421875
2026-09-07T10:47:18.002000Z,0.0317048989236354,4.808377265930176,8.48016357421875
2026-09-07T10:47:19.006000Z,-0.245264321565628,4.855037212371826,8.476573944091797
2026-09-07T10:47:19.007000Z,-0.245264321565628,4.855037212371826,8.476573944091797
2026-09-07T10:47:20.018000Z,0.028713870793581,4.718048095703125,8.691927909851074
2026-09-07T10:47:20.019000Z,0.028713870793581,4.718048095703125,8.691927909851074
2026-09-07T10:47:21.023000Z,-0.0215354040265083,4.84187650680542,8.427521705627441
2026-09-07T10:47:21.024000Z,-0.0215354040265083,4.84187650680542,8.427521705627441
2026-09-07T10:47:22.033000Z,-0.0460618361830711,4.837689399719238,8.839685440063477
2026-09-07T10:47:22.035000Z,-0.0460618361830711,4.837689399719238,8.839685440063477
2026-09-07T10:47:23.045000Z,-0.1058823987841606,4.755734920501709,8.544171333312988
2026-09-07T10:47:23.047000Z,-0.1058823987841606,4.755734920501709,8.544171333312988
2026-09-07T10:47:24.048000Z,0.9571290612220764,4.489533424377441,7.864011764526367
2026-09-07T10:47:24.049000Z,0.9571290612220764,4.489533424377441,7.864011764526367
2026-09-07T10:47:25.062000Z,0.4139583110809326,4.77667236328125,8.544769287109375
2026-09-07T10:47:25.064000Z,0.4139583110809326,4.77667236328125,8.544769287109375
2026-09-07T10:47:26.070000Z,0.0849452018737793,4.88554573059082,8.598608016967773
2026-09-07T10:47:26.071000Z,0.0849452018737793,4.88554573059082,8.598608016967773
2026-09-07T10:47:27.079000Z,1.813161373138428,4.193421840667725,6.951747894287109
2026-09-07T10:47:27.081000Z,1.813161373138428,4.193421840667725,6.951747894287109
2026-09-07T10:47:28.085000Z,-0.6550351977348328,4.333401679992676,8.964112281799316
2026-09-07T10:47:28.086000Z,-0.6550351977348328,4.333401679992676,8.964112281799316
2026-09-07T10:47:29.094000Z,-0.5419743061065674,5.229514122009277,7.396812915802002
2026-09-07T10:47:29.095000Z,-0.5419743061065674,5.229514122009277,7.396812915802002
2026-09-07T10:47:30.105000Z,0.0077766734175384,5.615954875946045,8.083553314208984
2026-09-07T10:47:30.107000Z,0.0077766734175384,5.615954875946045,8.083553314208984
2026-09-07T10:47:31.114000Z,0.5174478888511658,7.161718368530273,7.243672370910644
2026-09-07T10:47:31.115000Z,0.5174478888511658,7.161718368530273,7.243672370910644
2026-09-07T10:47:32.123000Z,-0.3553341627120971,9.33440113067627,2.895315408706665
2026-09-07T10:47:32.124000Z,-0.3553341627120971,9.33440113067627,2.895315408706665
2026-09-07T10:47:33.131000Z,0.4486542344093323,8.943174362182617,4.177868366241455
2026-09-07T10:47:33.133000Z,0.4486542344093323,8.943174362182617,4.177868366241455
2026-09-07T10:47:34.142000Z,0.6945167779922485,8.256434440612793,4.797011375427246
2026-09-07T10:47:34.143000Z,0.6945167779922485,8.256434440612793,4.797011375427246
2026-09-07T10:47:35.147000Z,1.031306505203247,7.60080099105835,6.052046775817871
2026-09-07T10:47:35.149000Z,1.031306505203247,7.60080099105835,6.052046775817871
2026-09-07T10:47:36.158000Z,0.0418743975460529,7.703094482421875,6.436094760894775
2026-09-07T10:47:36.159000Z,0.0418743975460529,7.703094482421875,6.436094760894775
2026-09-07T10:47:37.171000Z,1.4656038284301758,7.15812873840332,6.499504566192627
2026-09-07T10:47:37.172000Z,1.4656038284301758,7.15812873840332,6.499504566192627
2026-09-07T10:47:38.177000Z,3.4241292476654053,5.149354457855225,7.954938888549805
2026-09-07T10:47:38.178000Z,3.4241292476654053,5.149354457855225,7.954938888549805
2026-09-07T10:47:39.186000Z,0.7483552694320679,7.658228874206543,6.465406894683838
2026-09-07T10:47:39.187000Z,0.7483552694320679,7.658228874206543,6.465406894683838
2026-09-07T10:47:40.193000Z,2.245664119720459,6.077171325683594,9.241081237792969
2026-09-07T10:47:40.194000Z,2.245664119720459,6.077171325683594,9.241081237792969
2026-09-07T10:47:41.205000Z,0.1842473447322845,6.951149940490723,7.794021606445312
2026-09-07T10:47:41.206000Z,0.1842473447322845,6.951149940490723,7.794021606445312
2026-09-07T10:47:42.211000Z,2.9904301166534424,6.293123722076416,6.622735023498535
2026-09-07T10:47:42.213000Z,2.9904301166534424,6.293123722076416,6.622735023498535
2026-09-07T10:47:43.223000Z,3.1692936420440674,6.169893264770508,6.9104719161987305
2026-09-07T10:47:43.224000Z,3.1692936420440674,6.169893264770508,6.9104719161987305
2026-09-07T10:47:44.227000Z,2.196611166000366,6.79741096496582,6.574878215789795
2026-09-07T10:47:44.229000Z,2.196611166000366,6.79741096496582,6.574878215789795
2026-09-07T10:47:45.237000Z,2.30069899559021,7.089335441589356,6.533003807067871
2026-09-07T10:47:45.239000Z,2.30069899559021,7.089335441589356,6.533003807067871
2026-09-07T10:47:46.246000Z,2.4083759784698486,6.8273210525512695,6.740581512451172
2026-09-07T10:47:46.247000Z,2.4083759784698486,6.8273210525512695,6.740581512451172
2026-09-07T10:47:47.253000Z,2.7625136375427246,6.784250259399414,6.351149559020996
2026-09-07T10:47:47.254000Z,2.7625136375427246,6.784250259399414,6.351149559020996
2026-09-07T10:47:48.266000Z,2.8145575523376465,6.555736064910889,6.760322093963623
2026-09-07T10:47:48.269000Z,2.8145575523376465,6.555736064910889,6.760322093963623
2026-09-07T10:47:49.277000Z,1.7874385118484497,6.467201232910156,7.1611199378967285
2026-09-07T10:47:49.278000Z,1.7874385118484497,6.467201232910156,7.1611199378967285
2026-09-07T10:47:50.280000Z,1.4811571836471558,6.657430648803711,7.141977310180664
2026-09-07T10:47:50.281000Z,1.4811571836471558,6.657430648803711,7.141977310180664
2026-09-07T10:47:51.286000Z,1.2293126583099363,7.258627414703369,6.787241458892822
2026-09-07T10:47:51.288000Z,1.2293126583099363,7.258627414703369,6.787241458892822
2026-09-07T10:47:52.298000Z,3.208176851272583,6.503692150115967,6.494120597839356
2026-09-07T10:47:52.299000Z,3.208176851272583,6.503692150115967,6.494120597839356
2026-09-07T10:47:53.310000Z,4.080360889434815,5.607579708099365,6.737590312957764
2026-09-07T10:47:53.316000Z,4.080360889434815,5.607579708099365,6.737590312957764
2026-09-07T10:47:54.318000Z,-0.0771685317158699,6.721438884735107,6.308676719665527
2026-09-07T10:47:54.320000Z,-0.0771685317158699,6.721438884735107,6.308676719665527
2026-09-07T10:47:55.322000Z,1.5894324779510498,6.759125709533691,7.475177764892578
2026-09-07T10:47:55.323000Z,1.5894324779510498,6.759125709533691,7.475177764892578
2026-09-07T10:47:56.337000Z,1.8095721006393437,7.001399040222168,6.589235305786133
2026-09-07T10:47:56.344000Z,1.8095721006393437,7.001399040222168,6.589235305786133
2026-09-07T10:47:57.344000Z,1.9286150932312007,6.954140663146973,6.527021884918213
2026-09-07T10:47:57.349000Z,1.9286150932312007,6.954140663146973,6.527021884918213
2026-09-07T10:47:58.350000Z,1.6923238039016724,6.838686943054199,6.7310099601745605
2026-09-07T10:47:58.357000Z,1.6923238039016724,6.838686943054199,6.7310099601745605
2026-09-07T10:47:59.360000Z,0.9427721500396729,6.894918441772461,7.238288402557373
2026-09-07T10:47:59.371000Z,0.9427721500396729,6.894918441772461,7.238288402557373
2026-09-07T10:48:00.371000Z,1.4979069232940674,7.325626373291016,6.468397617340088
2026-09-07T10:48:00.378000Z,1.4979069232940674,7.325626373291016,6.468397617340088
2026-09-07T10:48:01.379000Z,1.2370892763137815,7.214958667755127,6.634100914001465
2026-09-07T10:48:01.387000Z,1.2370892763137815,7.214958667755127,6.634100914001465
2026-09-07T10:48:02.387000Z,1.2370892763137815,7.181458950042725,6.620342254638672
2026-09-07T10:48:02.395000Z,1.2370892763137815,7.181458950042725,6.620342254638672
2026-09-07T10:48:03.395000Z,0.8823533654212952,7.423732280731201,6.480959892272949
2026-09-07T10:48:03.402000Z,0.8823533654212952,7.423732280731201,6.480959892272949
2026-09-07T10:48:04.404000Z,0.8488538265228271,7.380661487579346,6.481558322906494
2026-09-07T10:48:04.412000Z,0.8488538265228271,7.380661487579346,6.481558322906494
2026-09-07T10:48:05.414000Z,0.6562315821647644,7.641479015350342,5.776273727416992
2026-09-07T10:48:05.421000Z,0.6562315821647644,7.641479015350342,5.776273727416992
2026-09-07T10:48:06.421000Z,0.5641079545021057,7.235297679901123,6.083153247833252
2026-09-07T10:48:06.428000Z,0.5641079545021057,7.235297679901123,6.083153247833252
2026-09-07T10:48:07.433000Z,-0.2488535493612289,7.357331275939941,6.412764549255371
2026-09-07T10:48:07.441000Z,-0.2488535493612289,7.357331275939941,6.412764549255371
2026-09-07T10:48:08.441000Z,0.1555334776639938,7.439883708953857,6.337390899658203
2026-09-07T10:48:08.448000Z,0.1555334776639938,7.439883708953857,6.337390899658203
2026-09-07T10:48:09.448000Z,0.8099704384803772,7.469794273376465,5.873183250427246
2026-09-07T10:48:09.456000Z,0.8099704384803772,7.469794273376465,5.873183250427246
2026-09-07T10:48:10.457000Z,0.2955136001110077,6.214758396148682,7.87358283996582
2026-09-07T10:48:10.466000Z,0.2955136001110077,6.214758396148682,7.87358283996582
2026-09-07T10:48:11.467000Z,0.1830509305000305,7.252047061920166,5.615954875946045
2026-09-07T10:48:11.473000Z,0.1830509305000305,7.252047061920166,5.615954875946045
2026-09-07T10:48:12.476000Z,1.098305583000183,7.466803073883057,6.038886070251465
2026-09-07T10:48:12.483000Z,1.098305583000183,7.466803073883057,6.038886070251465
2026-09-07T10:48:13.485000Z,0.7621139883995056,7.613363265991211,5.843272686004639
2026-09-07T10:48:13.492000Z,0.7621139883995056,7.613363265991211,5.843272686004639
2026-09-07T10:48:14.492000Z,0.4624129831790924,6.496513366699219,7.304090976715088
2026-09-07T10:48:14.499000Z,0.4624129831790924,6.496513366699219,7.304090976715088
2026-09-07T10:48:15.501000Z,0.0975075215101242,6.710072994232178,7.103094100952148
2026-09-07T10:48:15.508000Z,0.0975075215101242,6.710072994232178,7.103094100952148
2026-09-07T10:48:16.510000Z,0.1465603858232498,7.226324558258057,6.814758777618408
2026-09-07T10:48:16.517000Z,0.1465603858232498,7.226324558258057,6.814758777618408
2026-09-07T10:48:17.517000Z,1.7120646238327026,7.205387115478516,5.817550182342529
2026-09-07T10:48:17.523000Z,1.7120646238327026,7.205387115478516,5.817550182342529
2026-09-07T10:48:18.526000Z,1.1593226194381714,2.922234535217285,10.390233993530272
2026-09-07T10:48:18.535000Z,1.1593226194381714,2.922234535217285,10.390233993530272
2026-09-07T10:48:19.538000Z,1.8963119983673096,6.973881721496582,6.585047721862793
2026-09-07T10:48:19.546000Z,1.8963119983673096,6.973881721496582,6.585047721862793
2026-09-07T10:48:20.547000Z,2.3264217376708984,7.671389579772949,5.7170515060424805
2026-09-07T10:48:20.554000Z,2.3264217376708984,7.671389579772949,5.7170515060424805
2026-09-07T10:48:21.555000Z,1.1359925270080566,7.451249599456787,5.473581790924072
2026-09-07T10:48:21.561000Z,1.1359925270080566,7.451249599456787,5.473581790924072
2026-09-07T10:48:22.565000Z,-0.122632160782814,7.903493404388428,6.191428661346436
2026-09-07T10:48:22.570000Z,-0.122632160782814,7.903493404388428,6.191428661346436
2026-09-07T10:48:23.573000Z,-0.0179461706429719,8.14636516571045,5.665606021881104
2026-09-07T10:48:23.580000Z,-0.0179461706429719,8.14636516571045,5.665606021881104
2026-09-07T10:48:24.584000Z,0.0382851622998714,8.050651550292969,5.546562671661377
2026-09-07T10:48:24.590000Z,0.0382851622998714,8.050651550292969,5.546562671661377
2026-09-07T10:48:25.591000Z,0.4259224236011505,7.937591075897217,5.641079425811768
2026-09-07T10:48:25.597000Z,0.4259224236011505,7.937591075897217,5.641079425811768
2026-09-07T10:48:26.599000Z,1.4141582250595093,5.7888360023498535,7.94297456741333
2026-09-07T10:48:26.606000Z,1.4141582250595093,5.7888360023498535,7.94297456741333
2026-09-07T10:48:27.609000Z,0.7537391185760498,7.1988067626953125,6.389434814453125
2026-09-07T10:48:27.616000Z,0.7537391185760498,7.1988067626953125,6.389434814453125
2026-09-07T10:48:28.616000Z,1.521835207939148,7.573882102966309,5.939583778381348
2026-09-07T10:48:28.622000Z,1.521835207939148,7.573882102966309,5.939583778381348
2026-09-07T10:48:29.624000Z,2.465803623199463,6.932007312774658,6.223133563995361
2026-09-07T10:48:29.631000Z,2.465803623199463,6.932007312774658,6.223133563995361
2026-09-07T10:48:30.636000Z,0.5066801905632019,7.338787078857422,7.070192813873291
2026-09-07T10:48:30.641000Z,0.5066801905632019,7.338787078857422,7.070192813873291
2026-09-07T10:48:31.645000Z,0.5964110493659973,8.0081787109375,4.95912504196167
2026-09-07T10:48:31.651000Z,0.5964110493659973,8.0081787109375,4.95912504196167
2026-09-07T10:48:32.654000Z,0.4354937076568603,8.004590034484863,5.6548380851745605
2026-09-07T10:48:32.660000Z,0.4354937076568603,8.004590034484863,5.6548380851745605
2026-09-07T10:48:33.663000Z,-0.4474578201770782,8.583653450012207,6.809374809265137
2026-09-07T10:48:33.669000Z,-0.4474578201770782,8.583653450012207,6.809374809265137
2026-09-07T10:48:34.671000Z,0.0699900612235069,8.199007034301758,5.392225742340088
2026-09-07T10:48:34.677000Z,0.0699900612235069,8.199007034301758,5.392225742340088
2026-09-07T10:48:35.678000Z,0.5599204897880554,8.118846893310547,5.183452129364014
2026-09-07T10:48:35.684000Z,0.5599204897880554,8.118846893310547,5.183452129364014
2026-09-07T10:48:36.689000Z,0.9044869542121888,8.184051513671875,5.855835437774658
2026-09-07T10:48:36.696000Z,0.9044869542121888,8.184051513671875,5.855835437774658
2026-09-07T10:48:37.698000Z,0.9798609018325806,8.006982803344727,5.689534187316895
2026-09-07T10:48:37.704000Z,0.9798609018325806,8.006982803344727,5.689534187316895
2026-09-07T10:48:38.706000Z,1.1443674564361572,8.030911445617676,5.38205623626709
2026-09-07T10:48:38.712000Z,1.1443674564361572,8.030911445617676,5.38205623626709
2026-09-07T10:48:39.716000Z,0.129810631275177,9.010173797607422,4.242474555969238
2026-09-07T10:48:39.723000Z,0.129810631275177,9.010173797607422,4.242474555969238
2026-09-07T10:48:40.723000Z,0.3421736359596252,9.044869422912598,4.470989227294922
2026-09-07T10:48:40.729000Z,0.3421736359596252,9.044869422912598,4.470989227294922
2026-09-07T10:48:41.733000Z,0.0550349205732345,8.513663291931152,4.837689399719238
2026-09-07T10:48:41.738000Z,0.0550349205732345,8.513663291931152,4.837689399719238
2026-09-07T10:48:42.742000Z,0.890728235244751,8.473583221435547,4.875974178314209
2026-09-07T10:48:42.747000Z,0.890728235244751,8.473583221435547,4.875974178314209
2026-09-07T10:48:43.751000Z,0.8787640929222107,9.51805019378662,1.6450655460357666
2026-09-07T10:48:43.758000Z,0.8787640929222107,9.51805019378662,1.6450655460357666
2026-09-07T10:48:44.758000Z,0.6783652305603027,9.726225852966309,2.736790895462036
2026-09-07T10:48:44.764000Z,0.6783652305603027,9.726225852966309,2.736790895462036
2026-09-07T10:48:45.768000Z,0.5437689423561096,9.185447692871094,3.0311081409454346
2026-09-07T10:48:45.774000Z,0.5437689423561096,9.185447692871094,3.0311081409454346
2026-09-07T10:48:46.779000Z,0.5491527915000916,9.399605751037598,2.635694026947021
2026-09-07T10:48:46.785000Z,0.5491527915000916,9.399605751037598,2.635694026947021
2026-09-07T10:48:47.784000Z,0.3954139351844787,9.437292098999023,2.507079839706421
2026-09-07T10:48:47.791000Z,0.3954139351844787,9.437292098999023,2.507079839706421
2026-09-07T10:48:48.794000Z,-0.2093719840049743,9.306285858154297,2.6087749004364014
2026-09-07T10:48:48.801000Z,-0.2093719840049743,9.306285858154297,2.6087749004364014
2026-09-07T10:48:49.802000Z,0.7543373107910156,9.448060035705566,4.2006001472473145
2026-09-07T10:48:49.811000Z,0.7543373107910156,9.448060035705566,4.2006001472473145
2026-09-07T10:48:50.811000Z,1.022931694984436,7.739584922790527,4.054637908935547
2026-09-07T10:48:50.818000Z,1.022931694984436,7.739584922790527,4.054637908935547
2026-09-07T10:48:51.820000Z,0.3547359704971313,7.899305820465088,5.638088226318359
2026-09-07T10:48:51.828000Z,0.3547359704971313,7.899305820465088,5.638088226318359
2026-09-07T10:48:52.830000Z,0.3254238665103912,7.750950813293457,5.529813289642334
2026-09-07T10:48:52.838000Z,0.3254238665103912,7.750950813293457,5.529813289642334
2026-09-07T10:48:53.837000Z,0.2763710021972656,7.270591735839844,6.881159782409668
2026-09-07T10:48:53.844000Z,0.2763710021972656,7.270591735839844,6.881159782409668
2026-09-07T10:48:54.847000Z,1.1563315391540527,7.506284713745117,6.082555294036865
2026-09-07T10:48:54.855000Z,1.1563315391540527,7.506284713745117,6.082555294036865
2026-09-07T10:48:55.858000Z,2.171486616134644,7.28255558013916,7.0025954246521
2026-09-07T10:48:55.866000Z,2.171486616134644,7.28255558013916,7.0025954246521
2026-09-07T10:48:56.864000Z,-1.1784651279449463,7.895118236541748,6.017949104309082
2026-09-07T10:48:56.872000Z,-1.1784651279449463,7.895118236541748,6.017949104309082
2026-09-07T10:48:57.872000Z,0.8446664214134216,7.429714202880859,6.449853420257568
2026-09-07T10:48:57.880000Z,0.8446664214134216,7.429714202880859,6.449853420257568
2026-09-07T10:48:58.885000Z,-0.0669990330934524,8.544171333312988,5.55733060836792
2026-09-07T10:48:58.891000Z,-0.0669990330934524,8.544171333312988,5.55733060836792
2026-09-07T10:48:59.893000Z,0.6317051649093628,8.054241180419922,5.687739372253418
2026-09-07T10:48:59.900000Z,0.6317051649093628,8.054241180419922,5.687739372253418
2026-09-07T10:49:00.897000Z,0.5623133182525635,8.053044319152832,5.371886730194092
2026-09-07T10:49:00.905000Z,0.5623133182525635,8.053044319152832,5.371886730194092
2026-09-07T10:49:01.908000Z,0.3822534084320068,7.890930652618408,6.021538257598877
2026-09-07T10:49:01.913000Z,0.3822534084320068,7.890930652618408,6.021538257598877
2026-09-07T10:49:02.917000Z,0.6041877269744873,7.74616527557373,5.207380294799805
2026-09-07T10:49:02.925000Z,0.6041877269744873,7.74616527557373,5.207380294799805
2026-09-07T10:49:03.925000Z,0.672383189201355,7.820342540740967,5.924628734588623
2026-09-07T10:49:03.932000Z,0.672383189201355,7.820342540740967,5.924628734588623
2026-09-07T10:49:04.937000Z,0.3912265002727508,8.213961601257324,5.006981372833252
2026-09-07T10:49:04.944000Z,0.3912265002727508,8.213961601257324,5.006981372833252
2026-09-07T10:49:05.942000Z,-0.1357926875352859,8.128418922424316,5.778068542480469
2026-09-07T10:49:05.949000Z,-0.1357926875352859,8.128418922424316,5.778068542480469
2026-09-07T10:49:06.952000Z,0.4205385744571686,8.014759063720703,5.517251014709473
2026-09-07T10:49:06.960000Z,0.4205385744571686,8.014759063720703,5.517251014709473
2026-09-07T10:49:07.961000Z,0.4875376224517822,7.957331657409668,5.550750255584717
2026-09-07T10:49:07.968000Z,0.4875376224517822,7.957331657409668,5.550750255584717
2026-09-07T10:49:08.971000Z,0.3529413342475891,7.971090316772461,5.422136306762695
2026-09-07T10:49:08.979000Z,0.3529413342475891,7.971090316772461,5.422136306762695
2026-09-07T10:49:09.979000Z,-0.2392822653055191,8.104490280151367,5.922834396362305
2026-09-07T10:49:09.987000Z,-0.2392822653055191,8.104490280151367,5.922834396362305
2026-09-07T10:49:10.987000Z,0.3032902777194977,8.153543472290039,5.794219970703125
2026-09-07T10:49:10.994000Z,0.3032902777194977,8.153543472290039,5.794219970703125
2026-09-07T10:49:11.995000Z,-1.9016958475112915,8.545368194580078,4.774877548217773
2026-09-07T10:49:12.004000Z,-1.9016958475112915,8.545368194580078,4.774877548217773
2026-09-07T10:49:13.005000Z,-1.283151149749756,8.218149185180664,5.018945693969727
2026-09-07T10:49:13.012000Z,-1.283151149749756,8.218149185180664,5.018945693969727
2026-09-07T10:49:14.014000Z,-1.46500563621521,8.293522834777832,5.014159679412842
2026-09-07T10:49:14.021000Z,-1.46500563621521,8.293522834777832,5.014159679412842
2026-09-07T10:49:15.023000Z,0.4731806814670563,7.861618995666504,5.504090309143066
2026-09-07T10:49:15.030000Z,0.4731806814670563,7.861618995666504,5.504090309143066
2026-09-07T10:49:16.031000Z,0.3577269911766052,8.49033260345459,4.463212490081787
2026-09-07T10:49:16.039000Z,0.3577269911766052,8.49033260345459,4.463212490081787
2026-09-07T10:49:17.041000Z,0.2398804724216461,8.185248374938965,5.128417015075684
2026-09-07T10:49:17.050000Z,0.2398804724216461,8.185248374938965,5.128417015075684
2026-09-07T10:49:18.047000Z,1.2370892763137815,7.674380302429199,6.037689685821533
2026-09-07T10:49:18.054000Z,1.2370892763137815,7.674380302429199,6.037689685821533
2026-09-07T10:49:19.056000Z,0.9445667266845704,8.14098072052002,5.454439163208008
2026-09-07T10:49:19.069000Z,0.9445667266845704,8.14098072052002,5.454439163208008
2026-09-07T10:49:20.066000Z,1.007976531982422,7.988438606262207,5.590231895446777
2026-09-07T10:49:20.073000Z,1.007976531982422,7.988438606262207,5.590231895446777
2026-09-07T10:49:21.076000Z,0.4648058116436004,7.738986492156982,6.1669020652771
2026-09-07T10:49:21.083000Z,0.4648058116436004,7.738986492156982,6.1669020652771
2026-09-07T10:49:22.084000Z,0.8512466549873352,7.649255752563477,6.165107727050781
2026-09-07T10:49:22.091000Z,0.8512466549873352,7.649255752563477,6.165107727050781
2026-09-07T10:49:23.092000Z,0.7537391185760498,8.00638484954834,5.467001438140869
2026-09-07T10:49:23.100000Z,0.7537391185760498,8.00638484954834,5.467001438140869
2026-09-07T10:49:24.099000Z,0.8745766878128052,7.805985450744629,5.5932230949401855
2026-09-07T10:49:24.107000Z,0.8745766878128052,7.805985450744629,5.5932230949401855
2026-09-07T10:49:25.108000Z,0.0628115907311439,8.450851440429688,6.156732559204102
2026-09-07T10:49:25.118000Z,0.0628115907311439,8.450851440429688,6.156732559204102
2026-09-07T10:49:26.118000Z,0.4372883439064026,8.605188369750977,4.303491592407227
2026-09-07T10:49:26.125000Z,0.4372883439064026,8.605188369750977,4.303491592407227
2026-09-07T10:49:27.128000Z,0.4259224236011505,8.577073097229004,4.629513740539551
2026-09-07T10:49:27.136000Z,0.4259224236011505,8.577073097229004,4.629513740539551
2026-09-07T10:49:28.135000Z,0.6634100675582886,7.657630443572998,5.9407806396484375
2026-09-07T10:49:28.144000Z,0.6634100675582886,7.657630443572998,5.9407806396484375
2026-09-07T10:49:29.144000Z,0.3248256742954254,4.660620212554932,14.982060432434082
2026-09-07T10:49:29.151000Z,0.3248256742954254,4.660620212554932,14.982060432434082
2026-09-07T10:49:30.156000Z,1.0151549577713013,0.511465847492218,8.70927619934082
2026-09-07T10:49:30.164000Z,1.0151549577713013,0.511465847492218,8.70927619934082
2026-09-07T10:49:31.163000Z,0.1866401731967926,0.123828575015068,9.912267684936523
2026-09-07T10:49:31.170000Z,0.1866401731967926,0.123828575015068,9.912267684936523
2026-09-07T10:49:32.172000Z,-0.0203389916568994,0.5054838061332703,9.784850120544434
2026-09-07T10:49:32.181000Z,-0.0203389916568994,0.5054838061332703,9.784850120544434
2026-09-07T10:49:33.181000Z,-0.123230367898941,0.5682953596115112,10.024730682373049
2026-09-07T10:49:33.189000Z,-0.123230367898941,0.5682953596115112,10.024730682373049
2026-09-07T10:49:34.190000Z,-0.3290131092071533,0.260817676782608,9.842875480651855
2026-09-07T10:49:34.201000Z,-0.3290131092071533,0.260817676782608,9.842875480651855
2026-09-07T10:49:35.198000Z,0.5246263742446899,0.3643072545528412,9.821340560913086
2026-09-07T10:49:35.207000Z,0.5246263742446899,0.3643072545528412,9.821340560913086
2026-09-07T10:49:36.205000Z,0.2847459018230438,0.4205385744571686,9.692726135253906
2026-09-07T10:49:36.212000Z,0.2847459018230438,0.4205385744571686,9.692726135253906
2026-09-07T10:49:37.217000Z,-0.0957129076123237,0.4576273262500763,9.881759643554688
2026-09-07T10:49:37.225000Z,-0.0957129076123237,0.4576273262500763,9.881759643554688
2026-09-07T10:49:38.226000Z,-0.1884347796440124,-0.6909275650978088,9.948160171508787
2026-09-07T10:49:38.235000Z,-0.1884347796440124,-0.6909275650978088,9.948160171508787
2026-09-07T10:49:39.234000Z,-0.0185443758964538,-0.5521438121795654,9.748957633972168
2026-09-07T10:49:39.242000Z,-0.0185443758964538,-0.5521438121795654,9.748957633972168
2026-09-07T10:49:40.242000Z,-1.0474581718444824,2.214557409286499,9.404391288757324
2026-09-07T10:49:40.250000Z,-1.0474581718444824,2.214557409286499,9.404391288757324
2026-09-07T10:49:41.250000Z,0.0436690114438533,6.309873104095459,7.363911628723144
2026-09-07T10:49:41.271000Z,0.0436690114438533,6.309873104095459,7.363911628723144
2026-09-07T10:49:42.259000Z,0.6005984544754028,6.9098734855651855,7.2813591957092285
2026-09-07T10:49:42.266000Z,0.6005984544754028,6.9098734855651855,7.2813591957092285
2026-09-07T10:49:43.269000Z,-2.7355945110321045,11.72004508972168,10.250253677368164
2026-09-07T10:49:43.277000Z,-2.7355945110321045,11.72004508972168,10.250253677368164
2026-09-07T10:49:44.278000Z,-1.3202399015426636,5.100899696350098,13.58046531677246
2026-09-07T10:49:44.286000Z,-1.3202399015426636,5.100899696350098,13.58046531677246
2026-09-07T10:49:45.288000Z,-2.1888344287872314,4.811966419219971,-2.4053850173950195
2026-09-07T10:49:45.297000Z,-2.1888344287872314,4.811966419219971,-2.4053850173950195
2026-09-07T10:49:46.295000Z,0.5778666734695435,7.529614448547363,-3.136990547180176
2026-09-07T10:49:46.302000Z,0.5778666734695435,7.529614448547363,-3.136990547180176
2026-09-07T10:49:47.303000Z,1.9621145725250244,3.985246181488037,-8.642276763916016
2026-09-07T10:49:47.307000Z,1.9621145725250244,3.985246181488037,-8.642276763916016
2026-09-07T10:49:48.311000Z,5.398806095123291,1.8747764825820925,9.756733894348145
2026-09-07T10:49:48.319000Z,5.398806095123291,1.8747764825820925,9.756733894348145
2026-09-07T10:49:49.320000Z,5.8337016105651855,7.137789726257324,8.728418350219727
2026-09-07T10:49:49.328000Z,5.8337016105651855,7.137789726257324,8.728418350219727
2026-09-07T10:49:50.331000Z,2.0685951709747314,8.797810554504395,4.295116424560547
2026-09-07T10:49:50.340000Z,2.0685951709747314,8.797810554504395,4.295116424560547
2026-09-07T10:49:51.339000Z,3.200400352478028,7.820940971374512,6.309873104095459
2026-09-07T10:49:51.347000Z,3.200400352478028,7.820940971374512,6.309873104095459
2026-09-07T10:49:52.347000Z,2.789433002471924,6.8141608238220215,6.031707763671875
2026-09-07T10:49:52.353000Z,2.789433002471924,6.8141608238220215,6.031707763671875
2026-09-07T10:49:53.356000Z,2.4675984382629395,6.928418159484863,6.387639999389648
2026-09-07T10:49:53.363000Z,2.4675984382629395,6.928418159484863,6.387639999389648
2026-09-07T10:49:54.369000Z,1.6971094608306885,6.677769660949707,6.596413612365723
2026-09-07T10:49:54.376000Z,1.6971094608306885,6.677769660949707,6.596413612365723
2026-09-07T10:49:55.373000Z,0.6675975322723389,7.856235027313232,4.837689399719238
2026-09-07T10:49:55.380000Z,0.6675975322723389,7.856235027313232,4.837689399719238
2026-09-07T10:49:56.384000Z,0.7561319470405579,8.297710418701172,5.210371494293213
2026-09-07T10:49:56.391000Z,0.7561319470405579,8.297710418701172,5.210371494293213
2026-09-07T10:49:57.394000Z,-0.0131605248898267,8.673981666564941,3.611367464065552
2026-09-07T10:49:57.401000Z,-0.0131605248898267,8.673981666564941,3.611367464065552
2026-09-07T10:49:58.400000Z,1.618146300315857,7.9758758544921875,5.481358528137207
2026-09-07T10:49:58.408000Z,1.618146300315857,7.9758758544921875,5.481358528137207
2026-09-07T10:49:59.412000Z,0.3314059376716614,7.577471256256103,6.6729841232299805
2026-09-07T10:49:59.419000Z,0.3314059376716614,7.577471256256103,6.6729841232299805
2026-09-07T10:50:00.419000Z,-2.3060827255249023,6.613163471221924,9.326624870300291
2026-09-07T10:50:00.427000Z,-2.3060827255249023,6.613163471221924,9.326624870300291
2026-09-07T10:50:01.428000Z,-2.132004976272583,-1.9663020372390747,7.9351983070373535
2026-09-07T10:50:01.435000Z,-2.132004976272583,-1.9663020372390747,7.9351983070373535
2026-09-07T10:50:02.436000Z,-2.888136863708496,-0.5605186820030212,8.504091262817383
2026-09-07T10:50:02.443000Z,-2.888136863708496,-0.5605186820030212,8.504091262817383
2026-09-07T10:50:03.449000Z,-4.064807415008545,-2.1343977451324463,8.414958953857422
2026-09-07T10:50:03.456000Z,-4.064807415008545,-2.1343977451324463,8.414958953857422
2026-09-07T10:50:04.457000Z,-0.7040880918502808,-0.9080761671066284,9.844072341918944
2026-09-07T10:50:04.467000Z,-0.7040880918502808,-0.9080761671066284,9.844072341918944
2026-09-07T10:50:05.462000Z,1.7204394340515137,6.127420425415039,1.1324033737182615
2026-09-07T10:50:05.470000Z,1.7204394340515137,6.127420425415039,1.1324033737182615
2026-09-07T10:50:06.470000Z,-5.498706340789795,0.8009973764419556,12.952947616577148
2026-09-07T10:50:06.476000Z,-5.498706340789795,0.8009973764419556,12.952947616577148
2026-09-07T10:50:07.480000Z,1.205384373664856,0.9110672473907472,9.231510162353516
2026-09-07T10:50:07.493000Z,1.205384373664856,0.9110672473907472,9.231510162353516
2026-09-07T10:50:08.492000Z,0.5455635786056519,4.696512699127197,8.164310455322266
2026-09-07T10:50:08.499000Z,0.5455635786056519,4.696512699127197,8.164310455322266
2026-09-07T10:50:09.500000Z,-0.0897308513522148,7.726424217224121,5.524429321289063
2026-09-07T10:50:09.508000Z,-0.0897308513522148,7.726424217224121,5.524429321289063
2026-09-07T10:50:10.508000Z,2.1822543144226074,4.538586139678955,9.750154495239258
2026-09-07T10:50:10.516000Z,2.1822543144226074,4.538586139678955,9.750154495239258
2026-09-07T10:50:11.519000Z,-2.2683959007263184,1.4105689525604248,10.873584747314451
2026-09-07T10:50:11.526000Z,-2.2683959007263184,1.4105689525604248,10.873584747314451
2026-09-07T10:50:12.527000Z,-4.90408992767334,-0.0562313310801982,6.218348026275635
2026-09-07T10:50:12.535000Z,-4.90408992767334,-0.0562313310801982,6.218348026275635
2026-09-07T10:50:13.542000Z,1.0133603811264038,3.290131092071533,7.922635555267334
2026-09-07T10:50:13.550000Z,1.0133603811264038,3.290131092071533,7.922635555267334
2026-09-07T10:50:14.544000Z,-0.4552344977855682,4.8197431564331055,7.283751964569092
2026-09-07T10:50:14.551000Z,-0.4552344977855682,4.8197431564331055,7.283751964569092
2026-09-07T10:50:15.552000Z,1.0067801475524902,-3.3026933670043945,12.349955558776855
2026-09-07T10:50:15.560000Z,1.0067801475524902,-3.3026933670043945,12.349955558776855
2026-09-07T10:50:16.563000Z,2.5812573432922363,0.0382851622998714,10.223334312438965
2026-09-07T10:50:16.570000Z,2.5812573432922363,0.0382851622998714,10.223334312438965
2026-09-07T10:50:17.572000Z,1.796411633491516,2.908475875854492,8.975478172302246
2026-09-07T10:50:17.594000Z,1.796411633491516,2.908475875854492,8.975478172302246
2026-09-07T10:50:18.582000Z,0.125024989247322,7.537989616394043,6.507281303405762
2026-09-07T10:50:18.590000Z,0.125024989247322,7.537989616394043,6.507281303405762
2026-09-07T10:50:19.593000Z,1.2305090427398682,6.837490558624268,7.801199913024902
2026-09-07T10:50:19.599000Z,1.2305090427398682,6.837490558624268,7.801199913024902
2026-09-07T10:50:20.601000Z,1.622931957244873,5.560321807861328,7.64447021484375
2026-09-07T10:50:20.607000Z,1.622931957244873,5.560321807861328,7.64447021484375
2026-09-07T10:50:21.609000Z,-0.4983053207397461,4.658227443695068,7.726424217224121
2026-09-07T10:50:21.614000Z,-0.4983053207397461,4.658227443695068,7.726424217224121
2026-09-07T10:50:22.617000Z,-0.6801598072052002,3.4372897148132324,9.561718940734863
2026-09-07T10:50:22.624000Z,-0.6801598072052002,3.4372897148132324,9.561718940734863
2026-09-07T10:50:23.626000Z,-0.0364905446767807,6.455835342407227,6.386443614959717
2026-09-07T10:50:23.632000Z,-0.0364905446767807,6.455835342407227,6.386443614959717
2026-09-07T10:50:24.636000Z,-0.1782652884721756,8.4562349319458,4.774877548217773
2026-09-07T10:50:24.643000Z,-0.1782652884721756,8.4562349319458,4.774877548217773
2026-09-07T10:50:25.646000Z,-0.2153540402650833,7.86939525604248,5.361119270324707
2026-09-07T10:50:25.652000Z,-0.2153540402650833,7.86939525604248,5.361119270324707
2026-09-07T10:50:26.653000Z,1.0061819553375244,6.238088607788086,7.646264553070068
2026-09-07T10:50:26.659000Z,1.0061819553375244,6.238088607788086,7.646264553070068
2026-09-07T10:50:27.662000Z,-0.1435693651437759,7.300501823425293,7.3645100593566895
2026-09-07T10:50:27.668000Z,-0.1435693651437759,7.300501823425293,7.3645100593566895
2026-09-07T10:50:28.672000Z,-0.6299105882644653,13.721641540527344,3.857828378677368
2026-09-07T10:50:28.679000Z,-0.6299105882644653,13.721641540527344,3.857828378677368
2026-09-07T10:50:29.681000Z,0.1381855010986328,7.62891674041748,-4.759922504425049
2026-09-07T10:50:29.687000Z,0.1381855010986328,7.62891674041748,-4.759922504425049
2026-09-07T10:50:30.690000Z,1.1724830865859983,8.270193099975586,-0.5252245664596558
2026-09-07T10:50:30.694000Z,1.1724830865859983,8.270193099975586,-0.5252245664596558
2026-09-07T10:50:31.698000Z,1.4787644147872925,1.7916259765625,6.834499835968018
2026-09-07T10:50:31.704000Z,1.4787644147872925,1.7916259765625,6.834499835968018
2026-09-07T10:50:32.709000Z,0.8805587291717529,0.0921236723661422,11.120643615722656
2026-09-07T10:50:32.715000Z,0.8805587291717529,0.0921236723661422,11.120643615722656
2026-09-07T10:50:33.715000Z,0.011365907266736,1.323230862617493,9.130413055419922
2026-09-07T10:50:33.720000Z,0.011365907266736,1.323230862617493,9.130413055419922
2026-09-07T10:50:34.724000Z,1.2340983152389526,5.685346603393555,6.357729911804199
2026-09-07T10:50:34.731000Z,1.2340983152389526,5.685346603393555,6.357729911804199
2026-09-07T10:50:35.733000Z,-0.244666114449501,8.380263328552246,3.243471145629883
2026-09-07T10:50:35.738000Z,-0.244666114449501,8.380263328552246,3.243471145629883
2026-09-07T10:50:36.742000Z,1.846660852432251,7.836493968963623,2.717648267745972
2026-09-07T10:50:36.748000Z,1.846660852432251,7.836493968963623,2.717648267745972
2026-09-07T10:50:37.752000Z,-0.2231307178735733,6.728617191314697,4.789832592010498
2026-09-07T10:50:37.758000Z,-0.2231307178735733,6.728617191314697,4.789832592010498
2026-09-07T10:50:38.761000Z,1.8789639472961424,3.2404799461364746,11.289935111999512
2026-09-07T10:50:38.767000Z,1.8789639472961424,3.2404799461364746,11.289935111999512
2026-09-07T10:50:39.770000Z,1.4662020206451416,-2.12961220741272,6.308078765869141
2026-09-07T10:50:39.776000Z,1.4662020206451416,-2.12961220741272,6.308078765869141
2026-09-07T10:50:40.778000Z,-0.7914260625839233,1.301695466041565,11.109277725219728
2026-09-07T10:50:40.785000Z,-0.7914260625839233,1.301695466041565,11.109277725219728
2026-09-07T10:50:41.788000Z,-1.0761719942092896,0.9044869542121888,9.66939640045166
2026-09-07T10:50:41.794000Z,-1.0761719942092896,0.9044869542121888,9.66939640045166
2026-09-07T10:50:42.797000Z,-1.642672777175903,1.2269197702407837,9.300901412963867
2026-09-07T10:50:42.815000Z,-1.642672777175903,1.2269197702407837,9.300901412963867
2026-09-07T10:50:43.805000Z,1.2801600694656372,5.42572546005249,4.0079779624938965
2026-09-07T10:50:43.810000Z,1.2801600694656372,5.42572546005249,4.0079779624938965
2026-09-07T10:50:44.813000Z,3.3176486492156982,6.548557281494141,7.890930652618408
2026-09-07T10:50:44.819000Z,3.3176486492156982,6.548557281494141,7.890930652618408
2026-09-07T10:50:45.825000Z,-0.6287141442298889,9.31166934967041,4.759324073791504
2026-09-07T10:50:45.831000Z,-0.6287141442298889,9.31166934967041,4.759324073791504
2026-09-07T10:50:46.834000Z,0.1926222294569015,9.22433090209961,3.20279312133789
2026-09-07T10:50:46.840000Z,0.1926222294569015,9.22433090209961,3.20279312133789
2026-09-07T10:50:47.841000Z,0.0011964113218709,10.76112174987793,1.7928223609924316
2026-09-07T10:50:47.848000Z,0.0011964113218709,10.76112174987793,1.7928223609924316
2026-09-07T10:50:48.848000Z,-0.3667000830173492,10.341180801391602,2.720041036605835
2026-09-07T10:50:48.854000Z,-0.3667000830173492,10.341180801391602,2.720041036605835
2026-09-07T10:50:49.858000Z,-0.8051848411560059,8.231907844543457,5.587240695953369
2026-09-07T10:50:49.865000Z,-0.8051848411560059,8.231907844543457,5.587240695953369
2026-09-07T10:50:50.866000Z,-0.2069791555404663,7.682755470275879,3.562912940979004
2026-09-07T10:50:50.872000Z,-0.2069791555404663,7.682755470275879,3.562912940979004
2026-09-07T10:50:51.876000Z,-1.6301103830337524,0.1908276081085205,8.416753768920898
2026-09-07T10:50:51.883000Z,-1.6301103830337524,0.1908276081085205,8.416753768920898
2026-09-07T10:50:52.885000Z,1.4745769500732422,4.731806755065918,7.425527095794678
2026-09-07T10:50:52.892000Z,1.4745769500732422,4.731806755065918,7.425527095794678
2026-09-07T10:50:53.892000Z,-0.6640082597732544,4.680959224700928,7.34476900100708
2026-09-07T10:50:53.898000Z,-0.6640082597732544,4.680959224700928,7.34476900100708
2026-09-07T10:50:54.901000Z,0.2309073805809021,4.018147468566895,7.006184577941895
2026-09-07T10:50:54.907000Z,0.2309073805809021,4.018147468566895,7.006184577941895
2026-09-07T10:50:55.911000Z,-2.228914260864258,5.72841739654541,9.169296264648438
2026-09-07T10:50:55.917000Z,-2.228914260864258,5.72841739654541,9.169296264648438
2026-09-07T10:50:56.920000Z,-1.0265209674835205,6.17108964920044,6.588637351989746
2026-09-07T10:50:56.927000Z,-1.0265209674835205,6.17108964920044,6.588637351989746
2026-09-07T10:50:57.928000Z,-0.3110669553279876,7.503293514251709,6.285944938659668
2026-09-07T10:50:57.934000Z,-0.3110669553279876,7.503293514251709,6.285944938659668
2026-09-07T10:50:58.939000Z,1.8963119983673096,6.5288166999816895,5.836094379425049
2026-09-07T10:50:58.945000Z,1.8963119983673096,6.5288166999816895,5.836094379425049
2026-09-07T10:50:59.946000Z,1.103689432144165,3.6406795978546143,7.947760581970215
2026-09-07T10:50:59.953000Z,1.103689432144165,3.6406795978546143,7.947760581970215
2026-09-07T10:51:00.956000Z,0.6382854580879211,5.248656272888184,8.49870777130127
2026-09-07T10:51:00.962000Z,0.6382854580879211,5.248656272888184,8.49870777130127
2026-09-07T10:51:01.964000Z,0.0490528643131256,7.705487251281738,8.159524917602539
2026-09-07T10:51:01.972000Z,0.0490528643131256,7.705487251281738,8.159524917602539
2026-09-07T10:51:02.972000Z,1.2646067142486572,7.119245529174805,7.366902828216553
2026-09-07T10:51:02.978000Z,1.2646067142486572,7.119245529174805,7.366902828216553
2026-09-07T10:51:03.981000Z,2.0297117233276367,8.61475944519043,3.5946178436279297
2026-09-07T10:51:03.988000Z,2.0297117233276367,8.61475944519043,3.5946178436279297
2026-09-07T10:51:04.990000Z,2.1774685382843018,8.455039024353027,4.610969066619873
2026-09-07T10:51:04.997000Z,2.1774685382843018,8.455039024353027,4.610969066619873
2026-09-07T10:51:05.997000Z,0.5886343717575073,8.799007415771484,4.67078971862793
2026-09-07T10:51:06.004000Z,0.5886343717575073,8.799007415771484,4.67078971862793
2026-09-07T10:51:07.009000Z,-0.1716850250959396,7.934001445770264,8.019545555114746
2026-09-07T10:51:07.015000Z,-0.1716850250959396,7.934001445770264,8.019545555114746
2026-09-07T10:51:08.017000Z,1.1820544004440308,8.353941917419434,7.426125049591064
2026-09-07T10:51:08.023000Z,1.1820544004440308,8.353941917419434,7.426125049591064
2026-09-07T10:51:09.027000Z,1.5397813320159912,0.4737788736820221,9.665806770324709
2026-09-07T10:51:09.033000Z,1.5397813320159912,0.4737788736820221,9.665806770324709
2026-09-07T10:51:10.035000Z,3.1130621433258057,3.885345697402954,9.02871799468994
2026-09-07T10:51:10.042000Z,3.1130621433258057,3.885345697402954,9.02871799468994
2026-09-07T10:51:11.044000Z,-0.5545366406440735,3.72622299194336,8.183453559875488
2026-09-07T10:51:11.050000Z,-0.5545366406440735,3.72622299194336,8.183453559875488
2026-09-07T10:51:12.052000Z,-0.0149551415815949,3.156731367111206,9.158528327941896
2026-09-07T10:51:12.058000Z,-0.0149551415815949,3.156731367111206,9.158528327941896
2026-09-07T10:51:13.062000Z,0.4384847581386566,1.5128620862960815,9.41336441040039
2026-09-07T10:51:13.069000Z,0.4384847581386566,1.5128620862960815,9.41336441040039
2026-09-07T10:51:14.071000Z,-2.423929452896118,5.289932727813721,10.200602531433104
2026-09-07T10:51:14.077000Z,-2.423929452896118,5.289932727813721,10.200602531433104
2026-09-07T10:51:15.079000Z,1.848455548286438,5.208576679229736,9.832108497619627
2026-09-07T10:51:15.086000Z,1.848455548286438,5.208576679229736,9.832108497619627
2026-09-07T10:51:16.085000Z,-1.3423734903335571,8.334799766540527,5.312066078186035
2026-09-07T10:51:16.091000Z,-1.3423734903335571,8.334799766540527,5.312066078186035
2026-09-07T10:51:17.098000Z,-0.3529413342475891,8.572885513305664,5.513063430786133
2026-09-07T10:51:17.104000Z,-0.3529413342475891,8.572885513305664,5.513063430786133
2026-09-07T10:51:18.104000Z,-0.6400800347328186,7.112067222595215,7.303493022918701
2026-09-07T10:51:18.110000Z,-0.6400800347328186,7.112067222595215,7.303493022918701
2026-09-07T10:51:19.113000Z,0.2979064285755157,7.996813297271728,5.577669620513916
2026-09-07T10:51:19.119000Z,0.2979064285755157,7.996813297271728,5.577669620513916
2026-09-07T10:51:20.122000Z,-1.1778669357299805,8.568099975585938,6.616154670715332
2026-09-07T10:51:20.128000Z,-1.1778669357299805,8.568099975585938,6.616154670715332
2026-09-07T10:51:21.132000Z,-0.0035892338491976,9.346963882446287,2.5567309856414795
2026-09-07T10:51:21.138000Z,-0.0035892338491976,9.346963882446287,2.5567309856414795
2026-09-07T10:51:22.140000Z,-0.4181457459926605,8.325227737426758,4.036691665649414
2026-09-07T10:51:22.148000Z,-0.4181457459926605,8.325227737426758,4.036691665649414
2026-09-07T10:51:23.148000Z,0.5670989751815796,9.181260108947754,4.436891555786133
2026-09-07T10:51:23.156000Z,0.5670989751815796,9.181260108947754,4.436891555786133
2026-09-07T10:51:24.156000Z,0.1501496136188507,8.164909362792969,2.506481647491455
2026-09-07T10:51:24.162000Z,0.1501496136188507,8.164909362792969,2.506481647491455
2026-09-07T10:51:25.166000Z,-0.1698904037475586,7.068996429443359,10.199406623840332
2026-09-07T10:51:25.173000Z,-0.1698904037475586,7.068996429443359,10.199406623840332
2026-09-07T10:51:26.175000Z,-0.9397810697555542,3.6340994834899902,9.931410789489746
2026-09-07T10:51:26.182000Z,-0.9397810697555542,3.6340994834899902,9.931410789489746
2026-09-07T10:51:27.183000Z,2.535195589065552,4.217947959899902,10.681560516357422
2026-09-07T10:51:27.190000Z,2.535195589065552,4.217947959899902,10.681560516357422
2026-09-07T10:51:28.194000Z,-0.9128618240356444,2.274377822875977,7.852645874023437
2026-09-07T10:51:28.201000Z,-0.9128618240356444,2.274377822875977,7.852645874023437
2026-09-07T10:51:29.202000Z,-0.6035895347595215,3.9421753883361816,10.164710998535156
2026-09-07T10:51:29.209000Z,-0.6035895347595215,3.9421753883361816,10.164710998535156
2026-09-07T10:51:30.208000Z,1.1072787046432495,-3.236292600631714,13.341182708740234
2026-09-07T10:51:30.213000Z,1.1072787046432495,-3.236292600631714,13.341182708740234
2026-09-07T10:51:31.219000Z,-1.28255295753479,1.2233306169509888,8.992227554321289
2026-09-07T10:51:31.227000Z,-1.28255295753479,1.2233306169509888,8.992227554321289
2026-09-07T10:51:32.227000Z,1.719243049621582,-1.7593228816986084,10.049257278442385
2026-09-07T10:51:32.232000Z,1.719243049621582,-1.7593228816986084,10.049257278442385
2026-09-07T10:51:33.234000Z,0.3667000830173492,-0.3762713670730591,10.115059852600098
2026-09-07T10:51:33.241000Z,0.3667000830173492,-0.3762713670730591,10.115059852600098
2026-09-07T10:51:34.245000Z,-1.2370892763137815,-0.3810569941997528,12.147164344787598
2026-09-07T10:51:34.253000Z,-1.2370892763137815,-0.3810569941997528,12.147164344787598
2026-09-07T10:51:35.253000Z,0.2099701911211013,-0.5042873620986938,10.687541961669922
2026-09-07T10:51:35.266000Z,0.2099701911211013,-0.5042873620986938,10.687541961669922
2026-09-07T10:51:36.263000Z,-0.5078766345977783,1.2388839721679688,10.237093925476074
2026-09-07T10:51:36.269000Z,-0.5078766345977783,1.2388839721679688,10.237093925476074
2026-09-07T10:51:37.271000Z,0.3032902777194977,1.164706468582153,10.213165283203123
2026-09-07T10:51:37.278000Z,0.3032902777194977,1.164706468582153,10.213165283203123
2026-09-07T10:51:38.282000Z,-0.3002992272377014,7.072585582733154,6.320042610168457
2026-09-07T10:51:38.289000Z,-0.3002992272377014,7.072585582733154,6.320042610168457
2026-09-07T10:51:39.289000Z,0.497108906507492,7.716254711151123,5.953342914581299
2026-09-07T10:51:39.296000Z,0.497108906507492,7.716254711151123,5.953342914581299
2026-09-07T10:51:40.298000Z,-1.109073281288147,5.275575637817383,8.328817367553711
2026-09-07T10:51:40.304000Z,-1.109073281288147,5.275575637817383,8.328817367553711
2026-09-07T10:51:41.309000Z,1.5397813320159912,8.376075744628906,6.317051887512207
2026-09-07T10:51:41.315000Z,1.5397813320159912,8.376075744628906,6.317051887512207
2026-09-07T10:51:42.317000Z,-0.0340977236628532,7.299903869628906,3.034697294235229
2026-09-07T10:51:42.323000Z,-0.0340977236628532,7.299903869628906,3.034697294235229
2026-09-07T10:51:43.324000Z,6.703492641448975,1.8813568353652956,13.634303092956545
2026-09-07T10:51:43.328000Z,6.703492641448975,1.8813568353652956,13.634303092956545
2026-09-07T10:51:44.334000Z,1.719243049621582,-0.664606511592865,11.316256523132324
2026-09-07T10:51:44.342000Z,1.719243049621582,-0.664606511592865,11.316256523132324
2026-09-07T10:51:45.341000Z,1.3178470134735107,2.531008243560791,-10.445268630981444
2026-09-07T10:51:45.347000Z,1.3178470134735107,2.531008243560791,-10.445268630981444
2026-09-07T10:51:46.352000Z,7.911269664764404,3.725026607513428,-7.696514129638672
2026-09-07T10:51:46.359000Z,7.911269664764404,3.725026607513428,-7.696514129638672
2026-09-07T10:51:47.363000Z,1.0660024881362915,10.118648529052734,3.3170504570007324
2026-09-07T10:51:47.369000Z,1.0660024881362915,10.118648529052734,3.3170504570007324
2026-09-07T10:51:48.374000Z,4.076173305511475,6.985845565795898,-0.0466600432991981
2026-09-07T10:51:48.380000Z,4.076173305511475,6.985845565795898,-0.0466600432991981
2026-09-07T10:51:49.379000Z,8.502297401428223,1.267597794532776,-1.8819550275802608
2026-09-07T10:51:49.387000Z,8.502297401428223,1.267597794532776,-1.8819550275802608
2026-09-07T10:51:50.390000Z,-0.6981059908866882,-0.828514814376831,17.892332077026367
2026-09-07T10:51:50.397000Z,-0.6981059908866882,-0.828514814376831,17.892332077026367
2026-09-07T10:51:51.397000Z,0.1633101403713226,2.190629243850708,9.16869831085205
2026-09-07T10:51:51.405000Z,0.1633101403713226,2.190629243850708,9.16869831085205
2026-09-07T10:51:52.407000Z,0.1399801224470138,-1.1001001596450806,11.80618667602539
2026-09-07T10:51:52.416000Z,0.1399801224470138,-1.1001001596450806,11.80618667602539
2026-09-07T10:51:53.417000Z,-0.3308077156543731,-1.1114661693572998,9.826126098632812
2026-09-07T10:51:53.425000Z,-0.3308077156543731,-1.1114661693572998,9.826126098632812
2026-09-07T10:51:54.424000Z,2.4699912071228027,0.6400800347328186,9.619745254516602
2026-09-07T10:51:54.434000Z,2.4699912071228027,0.6400800347328186,9.619745254516602
2026-09-07T10:51:55.434000Z,3.9936211109161377,-2.1122641563415527,9.247062683105469
2026-09-07T10:51:55.441000Z,3.9936211109161377,-2.1122641563415527,9.247062683105469
2026-09-07T10:51:56.442000Z,1.755733609199524,0.1884347796440124,8.091927528381348
2026-09-07T10:51:56.450000Z,1.755733609199524,0.1884347796440124,8.091927528381348
2026-09-07T10:51:57.452000Z,1.0043872594833374,0.1860419660806656,9.955936431884766
2026-09-07T10:51:57.460000Z,1.0043872594833374,0.1860419660806656,9.955936431884766
2026-09-07T10:51:58.462000Z,3.089133977890014,-0.1734796464443206,8.757730484008789
2026-09-07T10:51:58.470000Z,3.089133977890014,-0.1734796464443206,8.757730484008789
2026-09-07T10:51:59.469000Z,0.5802595019340515,0.8039883971214294,10.67079257965088
2026-09-07T10:51:59.476000Z,0.5802595019340515,0.8039883971214294,10.67079257965088
2026-09-07T10:52:00.478000Z,-0.7926225066184998,0.0065802624449133,9.635298728942873
2026-09-07T10:52:00.487000Z,-0.7926225066184998,0.0065802624449133,9.635298728942873
2026-09-07T10:52:01.496000Z,-11.785249710083008,12.406187057495115,19.097118377685547
2026-09-07T10:52:01.503000Z,-11.785249710083008,12.406187057495115,19.097118377685547
2026-09-07T10:52:02.513000Z,7.875975608825684,0.1639083474874496,-2.2576282024383545
2026-09-07T10:52:02.522000Z,7.875975608825684,0.1639083474874496,-2.2576282024383545
2026-09-07T10:52:03.523000Z,1.9962122440338133,10.235897064208984,-2.5633113384246826
2026-09-07T10:52:03.532000Z,1.9962122440338133,10.235897064208984,-2.5633113384246826
2026-09-07T10:52:04.531000Z,-5.505885124206543,1.8693926334381104,-11.047063827514648
2026-09-07T10:52:04.539000Z,-5.505885124206543,1.8693926334381104,-11.047063827514648
2026-09-07T10:52:05.541000Z,3.208176851272583,8.301898002624512,-4.514060020446777
2026-09-07T10:52:05.549000Z,3.208176851272583,8.301898002624512,-4.514060020446777
2026-09-07T10:52:06.550000Z,-3.497110366821289,-2.3467607498168945,-4.446462631225586
2026-09-07T10:52:06.558000Z,-3.497110366821289,-2.3467607498168945,-4.446462631225586
2026-09-07T10:52:07.557000Z,-5.501099109649658,-1.3022937774658203,7.957331657409668
2026-09-07T10:52:07.564000Z,-5.501099109649658,-1.3022937774658203,7.957331657409668
2026-09-07T10:52:08.567000Z,-2.0171494483947754,-3.648456335067749,8.103293418884277
2026-09-07T10:52:08.575000Z,-2.0171494483947754,-3.648456335067749,8.103293418884277
2026-09-07T10:52:09.577000Z,-1.25144624710083,-2.2265214920043945,9.140582084655762
2026-09-07T10:52:09.586000Z,-1.25144624710083,-2.2265214920043945,9.140582084655762
2026-09-07T10:52:10.583000Z,-1.571486234664917,-0.9314061999320984,8.841479301452637
2026-09-07T10:52:10.591000Z,-1.571486234664917,-0.9314061999320984,8.841479301452637
2026-09-07T10:52:11.593000Z,-1.1766705513000488,1.0289137363433838,5.861218929290772
2026-09-07T10:52:11.600000Z,-1.1766705513000488,1.0289137363433838,5.861218929290772
2026-09-07T10:52:12.602000Z,2.431705951690674,1.4608181715011597,8.653642654418945
2026-09-07T10:52:12.612000Z,2.431705951690674,1.4608181715011597,8.653642654418945
2026-09-07T10:52:13.611000Z,0.9026923179626464,-0.2027917206287384,9.726823806762695
2026-09-07T10:52:13.618000Z,0.9026923179626464,-0.2027917206287384,9.726823806762695
2026-09-07T10:52:14.622000Z,0.2931207716464996,-0.778863787651062,9.751350402832031
2026-09-07T10:52:14.630000Z,0.2931207716464996,-0.778863787651062,9.751350402832031
2026-09-07T10:52:15.626000Z,-0.0460618361830711,-2.2677977085113525,9.947562217712402
2026-09-07T10:52:15.630000Z,-0.0460618361830711,-2.2677977085113525,9.947562217712402
2026-09-07T10:52:16.637000Z,-0.3008974492549896,4.066003799438477,9.381061553955078
2026-09-07T10:52:16.645000Z,-0.3008974492549896,4.066003799438477,9.381061553955078
2026-09-07T10:52:17.646000Z,1.7724833488464355,5.502893924713135,8.814560890197754
2026-09-07T10:52:17.653000Z,1.7724833488464355,5.502893924713135,8.814560890197754
2026-09-07T10:52:18.655000Z,-0.1417747437953949,5.450251579284668,7.688138961791992
2026-09-07T10:52:18.663000Z,-0.1417747437953949,5.450251579284668,7.688138961791992
2026-09-07T10:52:19.664000Z,0.6747759580612183,6.169893264770508,7.353742122650146
2026-09-07T10:52:19.671000Z,0.6747759580612183,6.169893264770508,7.353742122650146
2026-09-07T10:52:20.674000Z,0.6747759580612183,4.482355117797852,8.091329574584961
2026-09-07T10:52:20.696000Z,0.6747759580612183,4.482355117797852,8.091329574584961
2026-09-07T10:52:21.681000Z,0.486939400434494,2.114656925201416,6.897311210632324
2026-09-07T10:52:21.688000Z,0.486939400434494,2.114656925201416,6.897311210632324
2026-09-07T10:52:22.692000Z,-0.8081758618354797,2.6225335597991943,8.950352668762207
2026-09-07T10:52:22.699000Z,-0.8081758618354797,2.6225335597991943,8.950352668762207
2026-09-07T10:52:23.700000Z,1.7485551834106443,5.781059741973877,7.288537979125977
2026-09-07T10:52:23.708000Z,1.7485551834106443,5.781059741973877,7.288537979125977
2026-09-07T10:52:24.710000Z,-0.2667997181415558,7.62891674041748,6.357729911804199
2026-09-07T10:52:24.717000Z,-0.2667997181415558,7.62891674041748,6.357729911804199
2026-09-07T10:52:25.719000Z,1.551147222518921,5.916851997375488,8.184051513671875
2026-09-07T10:52:25.726000Z,1.551147222518921,5.916851997375488,8.184051513671875
2026-09-07T10:52:26.727000Z,-1.3962119817733765,5.512465000152588,1.933998942375183
2026-09-07T10:52:26.734000Z,-1.3962119817733765,5.512465000152588,1.933998942375183
2026-09-07T10:52:27.735000Z,-2.886342287063598,8.757132530212402,11.435897827148438
2026-09-07T10:52:27.742000Z,-2.886342287063598,8.757132530212402,11.435897827148438
2026-09-07T10:52:28.747000Z,1.7922241687774658,6.067600250244141,6.859025955200195
2026-09-07T10:52:28.755000Z,1.7922241687774658,6.067600250244141,6.859025955200195
2026-09-07T10:52:29.756000Z,0.0161515530198812,7.127620220184326,6.461817741394043
2026-09-07T10:52:29.764000Z,0.0161515530198812,7.127620220184326,6.461817741394043
2026-09-07T10:52:30.763000Z,3.518047571182251,1.439282774925232,-1.1018948554992676
2026-09-07T10:52:30.773000Z,3.518047571182251,1.439282774925232,-1.1018948554992676
2026-09-07T10:52:31.772000Z,1.7994025945663452,-3.6813576221466064,12.22612762451172
2026-09-07T10:52:31.781000Z,1.7994025945663452,-3.6813576221466064,12.22612762451172
2026-09-07T10:52:32.781000Z,5.763113498687744,-2.748754978179932,4.758726119995117
2026-09-07T10:52:32.788000Z,5.763113498687744,-2.748754978179932,4.758726119995117
2026-09-07T10:52:33.790000Z,0.0687936544418335,1.6468602418899536,9.678967475891112
2026-09-07T10:52:33.797000Z,0.0687936544418335,1.6468602418899536,9.678967475891112
2026-09-07T10:52:34.798000Z,-1.4524433612823486,3.301496982574463,9.59880828857422
2026-09-07T10:52:34.806000Z,-1.4524433612823486,3.301496982574463,9.59880828857422
2026-09-07T10:52:35.807000Z,-0.0711864754557609,4.267001152038574,8.922835350036621
2026-09-07T10:52:35.813000Z,-0.0711864754557609,4.267001152038574,8.922835350036621
2026-09-07T10:52:36.817000Z,0.3631108403205871,4.179064750671387,9.471389770507812
2026-09-07T10:52:36.825000Z,0.3631108403205871,4.179064750671387,9.471389770507812
2026-09-07T10:52:37.824000Z,-0.0795613527297973,4.150949001312256,8.492725372314453
2026-09-07T10:52:37.833000Z,-0.0795613527297973,4.150949001312256,8.492725372314453
2026-09-07T10:52:38.834000Z,-0.5760720372200012,4.241278171539307,9.022137641906738
2026-09-07T10:52:38.842000Z,-0.5760720372200012,4.241278171539307,9.022137641906738
2026-09-07T10:52:39.843000Z,-0.3068794906139374,3.8458642959594727,9.178269386291504
2026-09-07T10:52:39.851000Z,-0.3068794906139374,3.8458642959594727,9.178269386291504
2026-09-07T10:52:40.852000Z,-0.2321037948131561,3.864408493041992,9.02871799468994
2026-09-07T10:52:40.861000Z,-0.2321037948131561,3.864408493041992,9.02871799468994
2026-09-07T10:52:41.861000Z,-0.6364908218383789,3.992424488067627,9.135796546936035
2026-09-07T10:52:41.867000Z,-0.6364908218383789,3.992424488067627,9.135796546936035
2026-09-07T10:52:42.870000Z,2.5740790367126465,8.376673698425293,-0.7591229677200317
2026-09-07T10:52:42.878000Z,2.5740790367126465,8.376673698425293,-0.7591229677200317
2026-09-07T10:52:43.880000Z,-4.7336015701293945,10.463214874267578,7.387241840362549
2026-09-07T10:52:43.887000Z,-4.7336015701293945,10.463214874267578,7.387241840362549
2026-09-07T10:52:44.887000Z,2.5986053943634038,6.652645111083984,8.030312538146973
2026-09-07T10:52:44.895000Z,2.5986053943634038,6.652645111083984,8.030312538146973
2026-09-07T10:52:45.897000Z,2.4562325477600098,3.34576416015625,10.141979217529297
2026-09-07T10:52:45.905000Z,2.4562325477600098,3.34576416015625,10.141979217529297
2026-09-07T10:52:46.905000Z,-1.4781662225723269,6.552146434783936,6.282355785369873
2026-09-07T10:52:46.912000Z,-1.4781662225723269,6.552146434783936,6.282355785369873
2026-09-07T10:52:47.915000Z,0.6849454641342163,6.97986364364624,7.536793231964111
2026-09-07T10:52:47.922000Z,0.6849454641342163,6.97986364364624,7.536793231964111
2026-09-07T10:52:48.922000Z,0.7250252366065979,7.033103942871094,4.082155227661133
2026-09-07T10:52:48.931000Z,0.7250252366065979,7.033103942871094,4.082155227661133
2026-09-07T10:52:49.933000Z,0.7399803996086121,6.527620315551758,6.669992923736572
2026-09-07T10:52:49.938000Z,0.7399803996086121,6.527620315551758,6.669992923736572
2026-09-07T10:52:50.941000Z,0.9541380405426024,4.756333351135254,7.861618995666504
2026-09-07T10:52:50.947000Z,0.9541380405426024,4.756333351135254,7.861618995666504
2026-09-07T10:52:51.950000Z,1.9543378353118896,6.2189459800720215,5.79780912399292
2026-09-07T10:52:51.956000Z,1.9543378353118896,6.2189459800720215,5.79780912399292
2026-09-07T10:52:52.959000Z,-0.1184447184205055,6.226124286651611,4.039682865142822
2026-09-07T10:52:52.965000Z,-0.1184447184205055,6.226124286651611,4.039682865142822
2026-09-07T10:52:53.970000Z,-0.3655036687850952,6.420541286468506,7.339385032653809
2026-09-07T10:52:53.976000Z,-0.3655036687850952,6.420541286468506,7.339385032653809
2026-09-07T10:52:54.977000Z,0.97148597240448,6.616752624511719,7.529614448547363
2026-09-07T10:52:54.982000Z,0.97148597240448,6.616752624511719,7.529614448547363
2026-09-07T10:52:55.988000Z,-0.1405783295631408,6.204588890075684,6.880561351776123
2026-09-07T10:52:55.994000Z,-0.1405783295631408,6.204588890075684,6.880561351776123
2026-09-07T10:52:56.997000Z,0.6879364848136902,4.599005222320557,8.511868476867676
2026-09-07T10:52:57.003000Z,0.6879364848136902,4.599005222320557,8.511868476867676
2026-09-07T10:52:58.004000Z,4.919643402099609,4.787439823150635,8.926424980163574
2026-09-07T10:52:58.011000Z,4.919643402099609,4.787439823150635,8.926424980163574
2026-09-07T10:52:59.014000Z,0.981655478477478,4.54636287689209,8.218149185180664
2026-09-07T10:52:59.019000Z,0.981655478477478,4.54636287689209,8.218149185180664
2026-09-07T10:53:00.025000Z,-0.1100698411464691,6.481558322906494,6.561119556427002
2026-09-07T10:53:00.046000Z,-0.1100698411464691,6.481558322906494,6.561119556427002
2026-09-07T10:53:01.028000Z,-0.130408838391304,7.057032108306885,7.125227451324463
2026-09-07T10:53:01.034000Z,-0.130408838391304,7.057032108306885,7.125227451324463
2026-09-07T10:53:02.040000Z,0.1968096643686294,6.952346324920654,6.817749977111816
2026-09-07T10:53:02.045000Z,0.1968096643686294,6.952346324920654,6.817749977111816
2026-09-07T10:53:03.049000Z,-0.0149551415815949,6.336194515228272,7.57806921005249
2026-09-07T10:53:03.054000Z,-0.0149551415815949,6.336194515228272,7.57806921005249
2026-09-07T10:53:04.058000Z,1.123430252075195,6.976872444152832,5.9198431968688965
2026-09-07T10:53:04.064000Z,1.123430252075195,6.976872444152832,5.9198431968688965
2026-09-07T10:53:05.067000Z,-0.0568295381963253,5.383851051330566,9.653244972229004
2026-09-07T10:53:05.074000Z,-0.0568295381963253,5.383851051330566,9.653244972229004
2026-09-07T10:53:06.074000Z,0.4217349886894226,8.767302513122559,5.109872817993164
2026-09-07T10:53:06.080000Z,0.4217349886894226,8.767302513122559,5.109872817993164
2026-09-07T10:53:07.084000Z,0.714257538318634,7.080960273742676,6.031707763671875
2026-09-07T10:53:07.092000Z,0.714257538318634,7.080960273742676,6.031707763671875
2026-09-07T10:53:08.092000Z,0.0143569353967905,6.597609996795654,5.073980331420898
2026-09-07T10:53:08.098000Z,0.0143569353967905,6.597609996795654,5.073980331420898
2026-09-07T10:53:09.099000Z,-1.585843205451965,7.8287177085876465,4.051048755645752
2026-09-07T10:53:09.102000Z,-1.585843205451965,7.8287177085876465,4.051048755645752
2026-09-07T10:53:10.112000Z,0.1531406491994857,7.11146879196167,7.309474945068359
2026-09-07T10:53:10.118000Z,0.1531406491994857,7.11146879196167,7.309474945068359
2026-09-07T10:53:11.121000Z,-2.553141832351685,9.323633193969728,6.096313953399658
2026-09-07T10:53:11.127000Z,-2.553141832351685,9.323633193969728,6.096313953399658
2026-09-07T10:53:12.133000Z,-2.3497519493103027,9.7005033493042,7.054041385650635
2026-09-07T10:53:12.139000Z,-2.3497519493103027,9.7005033493042,7.054041385650635
2026-09-07T10:53:13.138000Z,0.0173479635268449,7.778468132019043,4.572684288024902
2026-09-07T10:53:13.145000Z,0.0173479635268449,7.778468132019043,4.572684288024902
2026-09-07T10:53:14.149000Z,-1.9507486820220947,6.993622303009033,7.344171047210693
2026-09-07T10:53:14.156000Z,-1.9507486820220947,6.993622303009033,7.344171047210693
2026-09-07T10:53:15.156000Z,-0.8697910308837891,5.976672649383545,8.531010627746582
2026-09-07T10:53:15.164000Z,-0.8697910308837891,5.976672649383545,8.531010627746582
2026-09-07T10:53:16.166000Z,-0.714257538318634,5.720042705535889,7.210771083831787
2026-09-07T10:53:16.173000Z,-0.714257538318634,5.720042705535889,7.210771083831787
2026-09-07T10:53:17.174000Z,-2.0620148181915283,7.321439266204834,8.342576026916504
2026-09-07T10:53:17.180000Z,-2.0620148181915283,7.321439266204834,8.342576026916504
2026-09-07T10:53:18.182000Z,-0.1399801224470138,5.513063430786133,7.856235027313232
2026-09-07T10:53:18.188000Z,-0.1399801224470138,5.513063430786133,7.856235027313232
2026-09-07T10:53:19.191000Z,0.1256231814622879,7.968697547912598,3.894318819046021
2026-09-07T10:53:19.198000Z,0.1256231814622879,7.968697547912598,3.894318819046021
2026-09-07T10:53:20.201000Z,-1.357926845550537,8.391031265258789,4.54636287689209
2026-09-07T10:53:20.207000Z,-1.357926845550537,8.391031265258789,4.54636287689209
2026-09-07T10:53:21.208000Z,1.3573286533355713,7.172485828399658,6.965506553649902
2026-09-07T10:53:21.211000Z,1.3573286533355713,7.172485828399658,6.965506553649902
2026-09-07T10:53:22.217000Z,0.8404789566993713,6.327221393585205,6.63350248336792
2026-09-07T10:53:22.226000Z,0.8404789566993713,6.327221393585205,6.63350248336792
2026-09-07T10:53:23.226000Z,2.266003131866455,6.961917400360107,4.015156269073486
2026-09-07T10:53:23.233000Z,2.266003131866455,6.961917400360107,4.015156269073486
2026-09-07T10:53:24.235000Z,2.5010979175567627,6.617351055145264,7.255636692047119
2026-09-07T10:53:24.241000Z,2.5010979175567627,6.617351055145264,7.255636692047119
2026-09-07T10:53:25.245000Z,1.3058829307556152,5.216353416442871,9.391828536987305
2026-09-07T10:53:25.253000Z,1.3058829307556152,5.216353416442871,9.391828536987305
2026-09-07T10:53:26.253000Z,-1.968096613883972,6.598208427429199,8.033902168273926
2026-09-07T10:53:26.261000Z,-1.968096613883972,6.598208427429199,8.033902168273926
2026-09-07T10:53:27.261000Z,0.2398804724216461,7.736593723297119,6.473183631896973
2026-09-07T10:53:27.266000Z,0.2398804724216461,7.736593723297119,6.473183631896973
2026-09-07T10:53:28.270000Z,-0.0412761904299259,4.599005222320557,7.534998416900635
2026-09-07T10:53:28.278000Z,-0.0412761904299259,4.599005222320557,7.534998416900635
2026-09-07T10:53:29.279000Z,3.6191442012786874,-4.094717979431152,9.08554744720459
2026-09-07T10:53:29.286000Z,3.6191442012786874,-4.094717979431152,9.08554744720459
2026-09-07T10:53:30.290000Z,2.778067111968994,0.2093719840049743,10.802397727966309
2026-09-07T10:53:30.298000Z,2.778067111968994,0.2093719840049743,10.802397727966309
2026-09-07T10:53:31.299000Z,-0.6149554252624512,1.059422254562378,7.280761241912842
2026-09-07T10:53:31.307000Z,-0.6149554252624512,1.059422254562378,7.280761241912842
2026-09-07T10:53:32.306000Z,1.4452649354934692,-0.8949156403541565,9.434301376342772
2026-09-07T10:53:32.312000Z,1.4452649354934692,-0.8949156403541565,9.434301376342772
2026-09-07T10:53:33.315000Z,3.1334011554718018,-1.855035781860352,9.615557670593262
2026-09-07T10:53:33.322000Z,3.1334011554718018,-1.855035781860352,9.615557670593262
2026-09-07T10:53:34.324000Z,1.6265212297439575,-3.573082447052002,9.927223205566406
2026-09-07T10:53:34.330000Z,1.6265212297439575,-3.573082447052002,9.927223205566406
2026-09-07T10:53:35.337000Z,2.179861545562744,-2.973680257797241,9.485747337341309
2026-09-07T10:53:35.344000Z,2.179861545562744,-2.973680257797241,9.485747337341309
2026-09-07T10:53:36.342000Z,1.8047864437103271,-1.0929217338562012,10.090533256530762
2026-09-07T10:53:36.348000Z,1.8047864437103271,-1.0929217338562012,10.090533256530762
2026-09-07T10:53:37.350000Z,1.0995019674301147,-1.1892328262329102,10.671390533447266
2026-09-07T10:53:37.356000Z,1.0995019674301147,-1.1892328262329102,10.671390533447266
2026-09-07T10:53:38.361000Z,0.6849454641342163,-2.592623233795166,8.912666320800781
2026-09-07T10:53:38.369000Z,0.6849454641342163,-2.592623233795166,8.912666320800781
2026-09-07T10:53:39.369000Z,0.984048306941986,-2.2061824798583984,9.873982429504396
2026-09-07T10:53:39.375000Z,0.984048306941986,-2.2061824798583984,9.873982429504396
2026-09-07T10:53:40.378000Z,1.171286702156067,-2.633301258087158,9.38345432281494
2026-09-07T10:53:40.385000Z,1.171286702156067,-2.633301258087158,9.38345432281494
2026-09-07T10:53:41.390000Z,3.0107691287994385,1.089930772781372,10.354940414428713
2026-09-07T10:53:41.396000Z,3.0107691287994385,1.089930772781372,10.354940414428713
2026-09-07T10:53:42.396000Z,3.479762315750122,3.0143582820892334,4.4721856117248535
2026-09-07T10:53:42.405000Z,3.479762315750122,3.0143582820892334,4.4721856117248535
2026-09-07T10:53:43.406000Z,0.3146561682224273,-2.242672920227051,9.687342643737791
2026-09-07T10:53:43.412000Z,0.3146561682224273,-2.242672920227051,9.687342643737791
2026-09-07T10:53:44.415000Z,1.140179991722107,-3.177070379257202,10.07976531982422
2026-09-07T10:53:44.422000Z,1.140179991722107,-3.177070379257202,10.07976531982422
2026-09-07T10:53:45.424000Z,0.3846462368965149,4.147359848022461,8.117053031921387
2026-09-07T10:53:45.432000Z,0.3846462368965149,4.147359848022461,8.117053031921387
2026-09-07T10:53:46.433000Z,0.8207381963729858,5.349154949188232,5.839683532714844
2026-09-07T10:53:46.440000Z,0.8207381963729858,5.349154949188232,5.839683532714844
2026-09-07T10:53:47.443000Z,0.0981057286262512,5.1804609298706055,8.25105094909668
2026-09-07T10:53:47.451000Z,0.0981057286262512,5.1804609298706055,8.25105094909668
2026-09-07T10:53:48.451000Z,0.4097708761692047,4.001996040344238,9.272786140441896
2026-09-07T10:53:48.459000Z,0.4097708761692047,4.001996040344238,9.272786140441896
2026-09-07T10:53:49.461000Z,-0.802193820476532,4.397409915924072,8.294719696044922
2026-09-07T10:53:49.467000Z,-0.802193820476532,4.397409915924072,8.294719696044922
2026-09-07T10:53:50.471000Z,0.802193820476532,5.31266450881958,8.580063819885254
2026-09-07T10:53:50.477000Z,0.802193820476532,5.31266450881958,8.580063819885254
2026-09-07T10:53:51.479000Z,-0.2931207716464996,4.996811866760254,8.21276569366455
2026-09-07T10:53:51.485000Z,-0.2931207716464996,4.996811866760254,8.21276569366455
2026-09-07T10:53:52.487000Z,-0.0939182862639427,5.920441627502441,7.727022647857666
2026-09-07T10:53:52.494000Z,-0.0939182862639427,5.920441627502441,7.727022647857666
2026-09-07T10:53:53.497000Z,-0.4420739710330963,5.016552448272705,8.620741844177246
2026-09-07T10:53:53.503000Z,-0.4420739710330963,5.016552448272705,8.620741844177246
2026-09-07T10:53:54.506000Z,-0.367298275232315,4.524827480316162,8.908478736877441
2026-09-07T10:53:54.512000Z,-0.367298275232315,4.524827480316162,8.908478736877441
2026-09-07T10:53:55.514000Z,-0.5515456199645996,4.221537113189697,8.539385795593262
2026-09-07T10:53:55.520000Z,-0.5515456199645996,4.221537113189697,8.539385795593262
2026-09-07T10:53:56.523000Z,-1.0402796268463137,4.698307037353516,8.422736167907715
2026-09-07T10:53:56.529000Z,-1.0402796268463137,4.698307037353516,8.422736167907715
2026-09-07T10:53:57.524000Z,-0.0077766734175384,4.323830604553223,8.515457153320312
2026-09-07T10:53:57.532000Z,-0.0077766734175384,4.323830604553223,8.515457153320312
2026-09-07T10:53:58.541000Z,-1.293320655822754,3.955934047698975,10.381858825683594
2026-09-07T10:53:58.548000Z,-1.293320655822754,3.955934047698975,10.381858825683594
2026-09-07T10:53:59.553000Z,1.6348960399627686,4.545764923095703,8.707481384277344
2026-09-07T10:53:59.560000Z,1.6348960399627686,4.545764923095703,8.707481384277344
2026-09-07T10:54:00.559000Z,-1.5098711252212524,3.2338998317718506,8.94975471496582
2026-09-07T10:54:00.565000Z,-1.5098711252212524,3.2338998317718506,8.94975471496582
2026-09-07T10:54:01.567000Z,0.8410771489143372,3.019742250442505,8.193622589111328
2026-09-07T10:54:01.573000Z,0.8410771489143372,3.019742250442505,8.193622589111328
2026-09-07T10:54:02.577000Z,1.0516455173492432,5.051846981048584,7.072585582733154
2026-09-07T10:54:02.584000Z,1.0516455173492432,5.051846981048584,7.072585582733154
2026-09-07T10:54:03.584000Z,2.312663078308105,4.604389190673828,8.166105270385742
2026-09-07T10:54:03.590000Z,2.312663078308105,4.604389190673828,8.166105270385742
2026-09-07T10:54:04.594000Z,0.5240281820297241,6.049055576324463,8.554939270019531
2026-09-07T10:54:04.600000Z,0.5240281820297241,6.049055576324463,8.554939270019531
2026-09-07T10:54:05.601000Z,0.8386843204498291,5.812764644622803,7.41535758972168
2026-09-07T10:54:05.608000Z,0.8386843204498291,5.812764644622803,7.41535758972168
2026-09-07T10:54:06.612000Z,1.9710876941680908,5.444868087768555,8.01057243347168
2026-09-07T10:54:06.618000Z,1.9710876941680908,5.444868087768555,8.01057243347168
2026-09-07T10:54:07.622000Z,1.3914263248443604,3.4103705883026123,8.482556343078613
2026-09-07T10:54:07.628000Z,1.3914263248443604,3.4103705883026123,8.482556343078613
2026-09-07T10:54:08.631000Z,-0.7214360237121582,5.760720729827881,7.9728851318359375
2026-09-07T10:54:08.639000Z,-0.7214360237121582,5.760720729827881,7.9728851318359375
2026-09-07T10:54:09.639000Z,1.241874933242798,5.747560024261475,9.253045082092283
2026-09-07T10:54:09.646000Z,1.241874933242798,5.747560024261475,9.253045082092283
2026-09-07T10:54:10.647000Z,-2.624328136444092,6.147161483764648,8.134998321533203
2026-09-07T10:54:10.654000Z,-2.624328136444092,6.147161483764648,8.134998321533203
2026-09-07T10:54:11.658000Z,1.4470595121383667,5.003990173339844,8.555537223815918
2026-09-07T10:54:11.664000Z,1.4470595121383667,5.003990173339844,8.555537223815918
2026-09-07T10:54:12.665000Z,0.3337987661361694,5.90369176864624,8.021339416503906
2026-09-07T10:54:12.671000Z,0.3337987661361694,5.90369176864624,8.021339416503906
2026-09-07T10:54:13.675000Z,-0.7483552694320679,5.49930477142334,8.660821914672852
2026-09-07T10:54:13.681000Z,-0.7483552694320679,5.49930477142334,8.660821914672852
2026-09-07T10:54:14.683000Z,0.8201399445533752,4.362115859985352,7.163512706756592
2026-09-07T10:54:14.689000Z,0.8201399445533752,4.362115859985352,7.163512706756592
2026-09-07T10:54:15.692000Z,-0.1890329867601394,7.105486869812012,9.013164520263672
2026-09-07T10:54:15.711000Z,-0.1890329867601394,7.105486869812012,9.013164520263672
2026-09-07T10:54:16.704000Z,-1.5643078088760376,10.016953468322754,7.922037601470947
2026-09-07T10:54:16.710000Z,-1.5643078088760376,10.016953468322754,7.922037601470947
2026-09-07T10:54:17.707000Z,-0.4600201547145843,6.489933013916016,6.353542327880859
2026-09-07T10:54:17.708000Z,-0.4600201547145843,6.489933013916016,6.353542327880859
2026-09-07T10:54:18.717000Z,0.6275177597999573,5.485546112060547,8.781061172485352
2026-09-07T10:54:18.719000Z,0.6275177597999573,5.485546112060547,8.781061172485352
2026-09-07T10:54:19.723000Z,0.3403790295124054,2.951546669006348,10.338788032531738
2026-09-07T10:54:19.724000Z,0.3403790295124054,2.951546669006348,10.338788032531738
2026-09-07T10:54:20.734000Z,1.308275818824768,4.304089546203613,9.963115692138672
2026-09-07T10:54:20.741000Z,1.308275818824768,4.304089546203613,9.963115692138672
2026-09-07T10:54:21.743000Z,1.3663017749786377,6.086742401123047,7.255038261413574
2026-09-07T10:54:21.751000Z,1.3663017749786377,6.086742401123047,7.255038261413574
2026-09-07T10:54:22.752000Z,-1.0265209674835205,6.687341213226318,6.048457622528076
2026-09-07T10:54:22.757000Z,-1.0265209674835205,6.687341213226318,6.048457622528076
2026-09-07T10:54:23.763000Z,1.3196417093276978,5.730810165405273,6.751348972320557
2026-09-07T10:54:23.778000Z,1.3196417093276978,5.730810165405273,6.751348972320557
2026-09-07T10:54:24.774000Z,-1.2245270013809204,6.204588890075684,8.411369323730469
2026-09-07T10:54:24.780000Z,-1.2245270013809204,6.204588890075684,8.411369323730469
2026-09-07T10:54:25.781000Z,0.9314061999320984,5.672185897827148,8.679964065551758
2026-09-07T10:54:25.790000Z,0.9314061999320984,5.672185897827148,8.679964065551758
2026-09-07T10:54:26.790000Z,-2.103889226913452,5.819942951202393,7.10429048538208
2026-09-07T10:54:26.797000Z,-2.103889226913452,5.819942951202393,7.10429048538208
2026-09-07T10:54:27.800000Z,-0.8183453679084778,7.311269760131836,6.547360897064209
2026-09-07T10:54:27.806000Z,-0.8183453679084778,7.311269760131836,6.547360897064209
2026-09-07T10:54:28.810000Z,0.3062812983989715,7.544569969177246,6.383452415466309
2026-09-07T10:54:28.818000Z,0.3062812983989715,7.544569969177246,6.383452415466309
2026-09-07T10:54:29.818000Z,0.7393822073936462,7.025327205657959,6.7070817947387695
2026-09-07T10:54:29.828000Z,0.7393822073936462,7.025327205657959,6.7070817947387695
2026-09-07T10:54:30.830000Z,1.3154542446136477,6.621538639068604,7.009175777435303
2026-09-07T10:54:30.836000Z,1.3154542446136477,6.621538639068604,7.009175777435303
2026-09-07T10:54:31.837000Z,2.301297187805176,4.48833703994751,8.01775074005127
2026-09-07T10:54:31.843000Z,2.301297187805176,4.48833703994751,8.01775074005127
2026-09-07T10:54:32.844000Z,0.3200400173664093,4.983651161193848,7.997411251068115
2026-09-07T10:54:32.850000Z,0.3200400173664093,4.983651161193848,7.997411251068115
2026-09-07T10:54:33.852000Z,0.8141579031944275,5.995217323303223,7.9250288009643555
2026-09-07T10:54:33.859000Z,0.8141579031944275,5.995217323303223,7.9250288009643555
2026-09-07T10:54:34.864000Z,1.217348575592041,6.442076683044434,9.900303840637209
2026-09-07T10:54:34.870000Z,1.217348575592041,6.442076683044434,9.900303840637209
2026-09-07T10:54:35.870000Z,0.4701896607875824,5.818746566772461,6.784848690032959
2026-09-07T10:54:35.877000Z,0.4701896607875824,5.818746566772461,6.784848690032959
2026-09-07T10:54:36.879000Z,0.6496513485908508,6.385247230529785,7.232306480407715
2026-09-07T10:54:36.886000Z,0.6496513485908508,6.385247230529785,7.232306480407715
2026-09-07T10:54:37.890000Z,0.8542376756668091,5.723033428192139,8.100302696228027
2026-09-07T10:54:37.898000Z,0.8542376756668091,5.723033428192139,8.100302696228027
2026-09-07T10:54:38.898000Z,0.2650051116943359,6.519843578338623,7.995018482208252
2026-09-07T10:54:38.907000Z,0.2650051116943359,6.519843578338623,7.995018482208252
2026-09-07T10:54:39.907000Z,3.5647075176239014,6.485147476196289,6.660421848297119
2026-09-07T10:54:39.913000Z,3.5647075176239014,6.485147476196289,6.660421848297119
2026-09-07T10:54:40.916000Z,-1.6139588356018066,6.860222339630127,7.1611199378967285
2026-09-07T10:54:40.923000Z,-1.6139588356018066,6.860222339630127,7.1611199378967285
2026-09-07T10:54:41.925000Z,-0.1106680482625961,6.15134859085083,8.60040283203125
2026-09-07T10:54:41.932000Z,-0.1106680482625961,6.15134859085083,8.60040283203125
2026-09-07T10:54:42.935000Z,-0.7561319470405579,6.318846225738525,7.410571575164795
2026-09-07T10:54:42.941000Z,-0.7561319470405579,6.318846225738525,7.410571575164795
2026-09-07T10:54:43.944000Z,-0.5790630578994751,6.208178520202637,6.960123062133789
2026-09-07T10:54:43.953000Z,-0.5790630578994751,6.208178520202637,6.960123062133789
2026-09-07T10:54:44.954000Z,1.887937068939209,4.96630334854126,8.303094863891602
2026-09-07T10:54:44.961000Z,1.887937068939209,4.96630334854126,8.303094863891602
2026-09-07T10:54:45.963000Z,-0.2039881348609924,5.849853038787842,6.655037879943848
2026-09-07T10:54:45.973000Z,-0.2039881348609924,5.849853038787842,6.655037879943848
2026-09-07T10:54:46.971000Z,1.7778671979904177,5.650650501251221,8.387441635131836
2026-09-07T10:54:46.978000Z,1.7778671979904177,5.650650501251221,8.387441635131836
2026-09-07T10:54:47.979000Z,-1.6325032711029053,5.979065418243408,8.62732219696045
2026-09-07T10:54:47.986000Z,-1.6325032711029053,5.979065418243408,8.62732219696045
2026-09-07T10:54:48.988000Z,0.5473581552505493,5.029713153839111,10.448260307312012
2026-09-07T10:54:48.994000Z,0.5473581552505493,5.029713153839111,10.448260307312012
2026-09-07T10:54:49.998000Z,0.3044866919517517,4.670191764831543,5.093721389770508
2026-09-07T10:54:50.006000Z,0.3044866919517517,4.670191764831543,5.093721389770508
2026-09-07T10:54:51.007000Z,0.494716078042984,5.209175109863281,7.792825222015381
2026-09-07T10:54:51.014000Z,0.494716078042984,5.209175109863281,7.792825222015381
2026-09-07T10:54:52.016000Z,1.5337992906570437,5.170291423797607,6.061617851257324
2026-09-07T10:54:52.024000Z,1.5337992906570437,5.170291423797607,6.061617851257324
2026-09-07T10:54:53.024000Z,0.4043870270252228,0.6442674994468689,10.15753173828125
2026-09-07T10:54:53.031000Z,0.4043870270252228,0.6442674994468689,10.15753173828125
2026-09-07T10:54:54.034000Z,1.06480610370636,-0.3966103494167328,10.16889762878418
2026-09-07T10:54:54.041000Z,1.06480610370636,-0.3966103494167328,10.16889762878418
2026-09-07T10:54:55.045000Z,-0.6514459848403931,-0.8476574420928955,10.272387504577637
2026-09-07T10:54:55.054000Z,-0.6514459848403931,-0.8476574420928955,10.272387504577637
2026-09-07T10:54:56.053000Z,-1.287936806678772,-1.5415760278701782,7.290332317352295
2026-09-07T10:54:56.060000Z,-1.287936806678772,-1.5415760278701782,7.290332317352295
2026-09-07T10:54:57.063000Z,1.4518451690673828,-3.0424740314483643,9.745368003845217
2026-09-07T10:54:57.070000Z,1.4518451690673828,-3.0424740314483643,9.745368003845217
2026-09-07T10:54:58.070000Z,2.084148406982422,-1.8711873292922971,8.62193775177002
2026-09-07T10:54:58.078000Z,2.084148406982422,-1.8711873292922971,8.62193775177002
2026-09-07T10:54:59.079000Z,-0.4145565330982208,-1.9100706577301023,9.899106979370115
2026-09-07T10:54:59.086000Z,-0.4145565330982208,-1.9100706577301023,9.899106979370115
2026-09-07T10:55:00.088000Z,-0.8620143532752991,-1.7581263780593872,10.03011417388916
2026-09-07T10:55:00.096000Z,-0.8620143532752991,-1.7581263780593872,10.03011417388916
2026-09-07T10:55:01.098000Z,0.2901297509670257,-3.555136203765869,9.424132347106934
2026-09-07T10:55:01.106000Z,0.2901297509670257,-3.555136203765869,9.424132347106934
2026-09-07T10:55:02.105000Z,2.8767709732055664,0.2117647975683212,9.5802640914917
2026-09-07T10:55:02.113000Z,2.8767709732055664,0.2117647975683212,9.5802640914917
2026-09-07T10:55:03.114000Z,0.0281156655400991,3.260220766067505,9.695717811584473
2026-09-07T10:55:03.122000Z,0.0281156655400991,3.260220766067505,9.695717811584473
2026-09-07T10:55:04.124000Z,2.207977056503296,3.535395383834839,9.614959716796877
2026-09-07T10:55:04.132000Z,2.207977056503296,3.535395383834839,9.614959716796877
2026-09-07T10:55:05.131000Z,-0.0131605248898267,3.723830223083496,7.832306861877441
2026-09-07T10:55:05.139000Z,-0.0131605248898267,3.723830223083496,7.832306861877441
2026-09-07T10:55:06.143000Z,2.52981185913086,4.086941242218018,7.791628837585449
2026-09-07T10:55:06.150000Z,2.52981185913086,4.086941242218018,7.791628837585449
2026-09-07T10:55:07.150000Z,1.0247262716293335,4.210171222686768,9.223134994506836
2026-09-07T10:55:07.159000Z,1.0247262716293335,4.210171222686768,9.223134994506836
2026-09-07T10:55:08.159000Z,3.9792640209198,4.2622151374816895,8.804390907287598
2026-09-07T10:55:08.167000Z,3.9792640209198,4.2622151374816895,8.804390907287598
2026-09-07T10:55:09.170000Z,-0.6041877269744873,4.749752998352051,9.118449211120604
2026-09-07T10:55:09.175000Z,-0.6041877269744873,4.749752998352051,9.118449211120604
2026-09-07T10:55:10.178000Z,1.2855439186096191,5.524429321289063,8.24387264251709
2026-09-07T10:55:10.187000Z,1.2855439186096191,5.524429321289063,8.24387264251709
2026-09-07T10:55:11.187000Z,0.3242274820804596,5.749952793121338,8.008777618408203
2026-09-07T10:55:11.195000Z,0.3242274820804596,5.749952793121338,8.008777618408203
2026-09-07T10:55:12.198000Z,0.6586244106292725,4.335196495056152,8.314460754394531
2026-09-07T10:55:12.205000Z,0.6586244106292725,4.335196495056152,8.314460754394531
2026-09-07T10:55:13.206000Z,0.4642075896263122,5.311468124389648,6.537191390991211
2026-09-07T10:55:13.212000Z,0.4642075896263122,5.311468124389648,6.537191390991211
2026-09-07T10:55:14.215000Z,0.2566302418708801,6.271588325500488,8.01775074005127
2026-09-07T10:55:14.224000Z,0.2566302418708801,6.271588325500488,8.01775074005127
2026-09-07T10:55:15.223000Z,-1.3316057920455933,6.017350673675537,8.060222625732422
2026-09-07T10:55:15.232000Z,-1.3316057920455933,6.017350673675537,8.060222625732422
2026-09-07T10:55:16.233000Z,-1.0911271572113037,5.55015230178833,6.641279220581055
2026-09-07T10:55:16.241000Z,-1.0911271572113037,5.55015230178833,6.641279220581055
2026-09-07T10:55:17.241000Z,-0.4468596279621124,6.373881340026856,7.810771465301514
2026-09-07T10:55:17.248000Z,-0.4468596279621124,6.373881340026856,7.810771465301514
2026-09-07T10:55:18.249000Z,-0.771087110042572,5.961119174957275,7.774878978729248
2026-09-07T10:55:18.256000Z,-0.771087110042572,5.961119174957275,7.774878978729248
2026-09-07T10:55:19.261000Z,1.241874933242798,4.817948341369629,9.04307460784912
2026-09-07T10:55:19.268000Z,1.241874933242798,4.817948341369629,9.04307460784912
2026-09-07T10:55:20.272000Z,-0.5874379873275757,4.46979284286499,8.302495956420898
2026-09-07T10:55:20.280000Z,-0.5874379873275757,4.46979284286499,8.302495956420898
2026-09-07T10:55:21.281000Z,0.4384847581386566,4.680959224700928,8.8438720703125
2026-09-07T10:55:21.286000Z,0.4384847581386566,4.680959224700928,8.8438720703125
2026-09-07T10:55:22.287000Z,-0.0005982056609354,4.573880672454834,8.83370304107666
2026-09-07T10:55:22.294000Z,-0.0005982056609354,4.573880672454834,8.83370304107666
2026-09-07T10:55:23.294000Z,1.2945170402526855,6.059225082397461,7.7353973388671875
2026-09-07T10:55:23.301000Z,1.2945170402526855,6.059225082397461,7.7353973388671875
2026-09-07T10:55:24.307000Z,-0.0466600432991981,5.651846885681152,9.214759826660156
2026-09-07T10:55:24.312000Z,-0.0466600432991981,5.651846885681152,9.214759826660156
2026-09-07T10:55:25.314000Z,0.2757728099822998,6.514459609985352,7.564908981323242
2026-09-07T10:55:25.321000Z,0.2757728099822998,6.514459609985352,7.564908981323242
2026-09-07T10:55:26.323000Z,-1.1395817995071411,5.8821563720703125,9.258428573608398
2026-09-07T10:55:26.330000Z,-1.1395817995071411,5.8821563720703125,9.258428573608398
2026-09-07T10:55:27.332000Z,-4.262813568115234,3.1304101943969727,7.930412292480469
2026-09-07T10:55:27.338000Z,-4.262813568115234,3.1304101943969727,7.930412292480469
2026-09-07T10:55:28.339000Z,-8.397012710571289,-2.730210542678833,3.43908429145813
2026-09-07T10:55:28.360000Z,-8.397012710571289,-2.730210542678833,3.43908429145813
2026-09-07T10:55:29.344000Z,-8.561519622802734,-2.3844478130340576,2.2342982292175293
2026-09-07T10:55:29.349000Z,-8.561519622802734,-2.3844478130340576,2.2342982292175293
2026-09-07T10:55:30.358000Z,-8.760722160339355,-3.186043262481689,1.683948993682861
2026-09-07T10:55:30.366000Z,-8.760722160339355,-3.186043262481689,1.683948993682861
2026-09-07T10:55:31.368000Z,-10.64806079864502,-2.2713868618011475,2.664407968521118
2026-09-07T10:55:31.374000Z,-10.64806079864502,-2.2713868618011475,2.664407968521118
2026-09-07T10:55:32.376000Z,-9.510273933410645,-2.709871530532837,1.69830584526062
2026-09-07T10:55:32.382000Z,-9.510273933410645,-2.709871530532837,1.69830584526062
2026-09-07T10:55:33.386000Z,-9.565906524658203,-2.0440688133239746,2.012363910675049
2026-09-07T10:55:33.391000Z,-9.565906524658203,-2.0440688133239746,2.012363910675049
2026-09-07T10:55:34.393000Z,-9.663414001464844,-0.3308077156543731,2.142174482345581
2026-09-07T10:55:34.400000Z,-9.663414001464844,-0.3308077156543731,2.142174482345581
2026-09-07T10:55:35.403000Z,-10.214361190795898,-0.5210371017456055,-0.2895315289497375
2026-09-07T10:55:35.409000Z,-10.214361190795898,-0.5210371017456055,-0.2895315289497375
2026-09-07T10:55:36.413000Z,-8.297710418701172,-0.2051845490932464,4.378267288208008
2026-09-07T10:55:36.420000Z,-8.297710418701172,-0.2051845490932464,4.378267288208008
2026-09-07T10:55:37.421000Z,-8.73918628692627,1.195214867591858,4.346562385559082
2026-09-07T10:55:37.428000Z,-8.73918628692627,1.195214867591858,4.346562385559082
2026-09-07T10:55:38.434000Z,-9.154939651489258,0.5359922647476196,5.224130153656006
2026-09-07T10:55:38.442000Z,-9.154939651489258,0.5359922647476196,5.224130153656006
2026-09-07T10:55:39.439000Z,-4.962714195251465,1.146162033081055,7.7180495262146
2026-09-07T10:55:39.446000Z,-4.962714195251465,1.146162033081055,7.7180495262146
2026-09-07T10:55:40.448000Z,-6.38584566116333,1.2281162738800049,8.138587951660156
2026-09-07T10:55:40.450000Z,-6.38584566116333,1.2281162738800049,8.138587951660156
2026-09-07T10:55:41.456000Z,-9.064610481262209,-0.0634097978472709,6.643074035644531
2026-09-07T10:55:41.463000Z,-9.064610481262209,-0.0634097978472709,6.643074035644531
2026-09-07T10:55:42.464000Z,-9.698110580444336,-0.6783652305603027,8.297710418701172
2026-09-07T10:55:42.482000Z,-9.698110580444336,-0.6783652305603027,8.297710418701172
2026-09-07T10:55:43.474000Z,-9.315258979797363,-1.1802598237991333,2.49451756477356
2026-09-07T10:55:43.480000Z,-9.315258979797363,-1.1802598237991333,2.49451756477356
2026-09-07T10:55:44.482000Z,-8.988637924194336,-1.6534404754638672,4.222135543823242
2026-09-07T10:55:44.490000Z,-8.988637924194336,-1.6534404754638672,4.222135543823242
2026-09-07T10:55:45.495000Z,-9.38764190673828,-2.173879384994507,3.214757204055786
2026-09-07T10:55:45.501000Z,-9.38764190673828,-2.173879384994507,3.214757204055786
2026-09-07T10:55:46.502000Z,-8.81396198272705,-2.6398816108703613,0.0735792964696884
2026-09-07T10:55:46.508000Z,-8.81396198272705,-2.6398816108703613,0.0735792964696884
2026-09-07T10:55:47.511000Z,-8.93539810180664,-3.949353694915772,2.771486759185791
2026-09-07T10:55:47.517000Z,-8.93539810180664,-3.949353694915772,2.771486759185791
2026-09-07T10:55:48.519000Z,-9.128618240356444,-2.291725873947144,1.7437695264816284
2026-09-07T10:55:48.527000Z,-9.128618240356444,-2.291725873947144,1.7437695264816284
2026-09-07T10:55:49.527000Z,-8.980263710021973,-2.4711875915527344,0.753140926361084
2026-09-07T10:55:49.536000Z,-8.980263710021973,-2.4711875915527344,0.753140926361084
2026-09-07T10:55:50.534000Z,-9.801599502563477,-2.3994028568267822,1.7593228816986084
2026-09-07T10:55:50.540000Z,-9.801599502563477,-2.3994028568267822,1.7593228816986084
2026-09-07T10:55:51.546000Z,-9.736394882202148,-2.5124638080596924,0.519242525100708
2026-09-07T10:55:51.553000Z,-9.736394882202148,-2.5124638080596924,0.519242525100708
2026-09-07T10:55:52.554000Z,-10.447063446044922,2.268994092941284,-3.858426570892334
2026-09-07T10:55:52.563000Z,-10.447063446044922,2.268994092941284,-3.858426570892334
2026-09-07T10:55:53.562000Z,-10.548758506774902,0.8715856671333313,3.6394832134246826
2026-09-07T10:55:53.569000Z,-10.548758506774902,0.8715856671333313,3.6394832134246826
2026-09-07T10:55:54.572000Z,-9.605388641357422,1.8951154947280884,2.060220241546631
2026-09-07T10:55:54.579000Z,-9.605388641357422,1.8951154947280884,2.060220241546631
2026-09-07T10:55:55.581000Z,-7.724031448364258,2.674577474594116,2.89172625541687
2026-09-07T10:55:55.587000Z,-7.724031448364258,2.674577474594116,2.89172625541687
2026-09-07T10:55:56.587000Z,-8.386244773864746,3.936193227767944,3.232105255126953
2026-09-07T10:55:56.593000Z,-8.386244773864746,3.936193227767944,3.232105255126953
2026-09-07T10:55:57.599000Z,-8.952147483825684,1.3627125024795532,0.8691928386688232
2026-09-07T10:55:57.607000Z,-8.952147483825684,1.3627125024795532,0.8691928386688232
2026-09-07T10:55:58.608000Z,-9.381061553955078,-0.2309073805809021,3.279961585998535
2026-09-07T10:55:58.614000Z,-9.381061553955078,-0.2309073805809021,3.279961585998535
2026-09-07T10:55:59.617000Z,-5.830710411071777,-1.1425727605819702,-0.6478567123413086
2026-09-07T10:55:59.625000Z,-5.830710411071777,-1.1425727605819702,-0.6478567123413086
2026-09-07T10:56:00.627000Z,-9.598209381103516,-3.7800614833831783,2.3192434310913086
2026-09-07T10:56:00.633000Z,-9.598209381103516,-3.7800614833831783,2.3192434310913086
2026-09-07T10:56:01.634000Z,-14.47597885131836,1.0863415002822876,3.156731367111206
2026-09-07T10:56:01.641000Z,-14.47597885131836,1.0863415002822876,3.156731367111206
2026-09-07T10:56:02.644000Z,-1.4165509939193726,7.35314416885376,4.669593334197998
2026-09-07T10:56:02.650000Z,-1.4165509939193726,7.35314416885376,4.669593334197998
2026-09-07T10:56:03.653000Z,0.0496510714292526,6.591030120849609,5.736194133758545
2026-09-07T10:56:03.658000Z,0.0496510714292526,6.591030120849609,5.736194133758545
2026-09-07T10:56:04.662000Z,-3.199802160263061,6.274579048156738,6.265007972717285
2026-09-07T10:56:04.668000Z,-3.199802160263061,6.274579048156738,6.265007972717285
2026-09-07T10:56:05.670000Z,0.2644068896770477,6.601797580718994,7.861618995666504
2026-09-07T10:56:05.676000Z,0.2644068896770477,6.601797580718994,7.861618995666504
2026-09-07T10:56:06.681000Z,-0.3601198196411133,7.141379356384277,6.418148517608643
2026-09-07T10:56:06.690000Z,-0.3601198196411133,7.141379356384277,6.418148517608643
2026-09-07T10:56:07.689000Z,0.0729810893535614,7.193423271179199,7.392027378082275
2026-09-07T10:56:07.696000Z,0.0729810893535614,7.193423271179199,7.392027378082275
2026-09-07T10:56:08.698000Z,0.1872383654117584,6.304489612579346,7.7455668449401855
2026-09-07T10:56:08.707000Z,0.1872383654117584,6.304489612579346,7.7455668449401855
2026-09-07T10:56:09.708000Z,0.0059820567257702,5.633901119232178,7.606184959411621
2026-09-07T10:56:09.717000Z,0.0059820567257702,5.633901119232178,7.606184959411621
2026-09-07T10:56:10.718000Z,-0.1178465187549591,1.9938194751739504,8.523234367370605
2026-09-07T10:56:10.726000Z,-0.1178465187549591,1.9938194751739504,8.523234367370605
2026-09-07T10:56:11.726000Z,-0.6945167779922485,5.037489891052246,7.574480056762695
2026-09-07T10:56:11.732000Z,-0.6945167779922485,5.037489891052246,7.574480056762695
2026-09-07T10:56:12.733000Z,0.8327022790908813,2.9389843940734863,8.310273170471191
2026-09-07T10:56:12.739000Z,0.8327022790908813,2.9389843940734863,8.310273170471191
2026-09-07T10:56:13.744000Z,-1.501496195793152,3.798605918884277,8.901300430297852
2026-09-07T10:56:13.753000Z,-1.501496195793152,3.798605918884277,8.901300430297852
2026-09-07T10:56:14.755000Z,0.2937189936637878,4.737788677215576,8.648857116699219
2026-09-07T10:56:14.761000Z,0.2937189936637878,4.737788677215576,8.648857116699219
2026-09-07T10:56:15.761000Z,-0.8805587291717529,4.647459983825684,8.566903114318848
2026-09-07T10:56:15.768000Z,-0.8805587291717529,4.647459983825684,8.566903114318848
2026-09-07T10:56:16.770000Z,0.8195417523384094,4.184448719024658,8.675178527832031
2026-09-07T10:56:16.777000Z,0.8195417523384094,4.184448719024658,8.675178527832031
2026-09-07T10:56:17.779000Z,-0.7339983582496643,4.613960266113281,8.431708335876465
2026-09-07T10:56:17.786000Z,-0.7339983582496643,4.613960266113281,8.431708335876465
2026-09-07T10:56:18.787000Z,0.9296116232872008,3.884747505187988,9.137591361999512
2026-09-07T10:56:18.793000Z,0.9296116232872008,3.884747505187988,9.137591361999512
2026-09-07T10:56:19.799000Z,-0.3110669553279876,3.91705060005188,8.61894702911377
2026-09-07T10:56:19.806000Z,-0.3110669553279876,3.91705060005188,8.61894702911377
2026-09-07T10:56:20.808000Z,-0.4737788736820221,4.652843475341797,8.213961601257324
2026-09-07T10:56:20.814000Z,-0.4737788736820221,4.652843475341797,8.213961601257324
2026-09-07T10:56:21.818000Z,1.622931957244873,3.2273194789886475,7.621738433837891
2026-09-07T10:56:21.824000Z,1.622931957244873,3.2273194789886475,7.621738433837891
2026-09-07T10:56:22.826000Z,-1.7072789669036863,3.6699917316436768,9.31585693359375
2026-09-07T10:56:22.833000Z,-1.7072789669036863,3.6699917316436768,9.31585693359375
2026-09-07T10:56:23.834000Z,4.091128349304199,4.205984115600586,10.544570922851562
2026-09-07T10:56:23.840000Z,4.091128349304199,4.205984115600586,10.544570922851562
2026-09-07T10:56:24.843000Z,0.0508474819362163,5.635695457458496,8.357531547546387
2026-09-07T10:56:24.849000Z,0.0508474819362163,5.635695457458496,8.357531547546387
2026-09-07T10:56:25.853000Z,0.8685946464538574,4.508676052093506,9.911669731140137
2026-09-07T10:56:25.859000Z,0.8685946464538574,4.508676052093506,9.911669731140137
2026-09-07T10:56:26.861000Z,1.5146567821502686,2.8139593601226807,8.752346992492676
2026-09-07T10:56:26.867000Z,1.5146567821502686,2.8139593601226807,8.752346992492676
2026-09-07T10:56:27.872000Z,0.4486542344093323,3.288336515426636,8.59202766418457
2026-09-07T10:56:27.878000Z,0.4486542344093323,3.288336515426636,8.59202766418457
2026-09-07T10:56:28.880000Z,1.2454642057418823,2.3306093215942383,7.360920429229736
2026-09-07T10:56:28.886000Z,1.2454642057418823,2.3306093215942383,7.360920429229736
2026-09-07T10:56:29.891000Z,3.095116138458252,2.613560438156128,8.772686004638672
2026-09-07T10:56:29.897000Z,3.095116138458252,2.613560438156128,8.772686004638672
2026-09-07T10:56:30.898000Z,-2.3682961463928223,5.184648513793945,9.361320495605469
2026-09-07T10:56:30.906000Z,-2.3682961463928223,5.184648513793945,9.361320495605469
2026-09-07T10:56:31.908000Z,-0.6239284873008728,6.431907176971436,6.164509296417236
2026-09-07T10:56:31.916000Z,-0.6239284873008728,6.431907176971436,6.164509296417236
2026-09-07T10:56:32.914000Z,0.1950150430202484,3.0717861652374268,8.49990463256836
2026-09-07T10:56:32.921000Z,0.1950150430202484,3.0717861652374268,8.49990463256836
2026-09-07T10:56:33.924000Z,-0.1280160099267959,3.3272199630737305,9.749555587768556
2026-09-07T10:56:33.931000Z,-0.1280160099267959,3.3272199630737305,9.749555587768556
2026-09-07T10:56:34.933000Z,0.4989035129547119,4.562514781951904,9.151947975158691
2026-09-07T10:56:34.939000Z,0.4989035129547119,4.562514781951904,9.151947975158691
2026-09-07T10:56:35.945000Z,-0.7010970115661621,4.975874900817871,9.52941608428955
2026-09-07T10:56:35.952000Z,-0.7010970115661621,4.975874900817871,9.52941608428955
2026-09-07T10:56:36.952000Z,1.1784651279449463,5.194219589233398,10.036694526672363
2026-09-07T10:56:36.959000Z,1.1784651279449463,5.194219589233398,10.036694526672363
2026-09-07T10:56:37.961000Z,-1.6145570278167725,4.735994338989258,8.714659690856934
2026-09-07T10:56:37.968000Z,-1.6145570278167725,4.735994338989258,8.714659690856934
2026-09-07T10:56:38.969000Z,0.649053156375885,3.671786308288574,8.715856552124023
2026-09-07T10:56:38.976000Z,0.649053156375885,3.671786308288574,8.715856552124023
2026-09-07T10:56:39.978000Z,2.1535403728485107,4.23948335647583,9.441479682922363
2026-09-07T10:56:39.986000Z,2.1535403728485107,4.23948335647583,9.441479682922363
2026-09-07T10:56:40.983000Z,-0.6705885529518127,6.168098449707031,7.801199913024902
2026-09-07T10:56:40.986000Z,-0.6705885529518127,6.168098449707031,7.801199913024902
2026-09-07T10:56:41.993000Z,0.9092726111412048,5.030909538269043,8.138587951660156
2026-09-07T10:56:41.996000Z,0.9092726111412048,5.030909538269043,8.138587951660156
2026-09-07T10:56:43.006000Z,3.3074791431427,5.869594097137451,9.12802028656006
2026-09-07T10:56:43.017000Z,3.3074791431427,5.869594097137451,9.12802028656006
2026-09-07T10:56:44.014000Z,7.030711174011231,2.2342982292175293,10.201201438903809
2026-09-07T10:56:44.026000Z,7.030711174011231,2.2342982292175293,10.201201438903809
2026-09-07T10:56:45.022000Z,3.0687949657440186,7.967501163482666,2.635095834732056
2026-09-07T10:56:45.029000Z,3.0687949657440186,7.967501163482666,2.635095834732056
2026-09-07T10:56:46.033000Z,-1.6654045581817627,6.646663188934326,5.527420520782471
2026-09-07T10:56:46.038000Z,-1.6654045581817627,6.646663188934326,5.527420520782471
2026-09-07T10:56:47.040000Z,-2.624328136444092,6.169294834136963,9.189635276794434
2026-09-07T10:56:47.047000Z,-2.624328136444092,6.169294834136963,9.189635276794434
2026-09-07T10:56:48.047000Z,-1.0295119285583496,4.046263217926025,9.436694145202637
2026-09-07T10:56:48.051000Z,-1.0295119285583496,4.046263217926025,9.436694145202637
2026-09-07T10:56:49.060000Z,-2.0829520225524902,4.485345840454102,8.557929992675781
2026-09-07T10:56:49.065000Z,-2.0829520225524902,4.485345840454102,8.557929992675781
2026-09-07T10:56:50.068000Z,0.0203389916568994,4.7030930519104,8.478368759155273
2026-09-07T10:56:50.074000Z,0.0203389916568994,4.7030930519104,8.478368759155273
2026-09-07T10:56:51.075000Z,-1.155135154724121,3.445664644241333,10.713863372802734
2026-09-07T10:56:51.083000Z,-1.155135154724121,3.445664644241333,10.713863372802734
2026-09-07T10:56:52.088000Z,0.1328016519546508,5.062016487121582,8.334799766540527
2026-09-07T10:56:52.096000Z,0.1328016519546508,5.062016487121582,8.334799766540527
2026-09-07T10:56:53.098000Z,-1.0271191596984863,4.660022258758545,8.199007034301758
2026-09-07T10:56:53.104000Z,-1.0271191596984863,4.660022258758545,8.199007034301758
2026-09-07T10:56:54.103000Z,0.2691925466060638,2.830111026763916,9.278169631958008
2026-09-07T10:56:54.110000Z,0.2691925466060638,2.830111026763916,9.278169631958008
2026-09-07T10:56:55.113000Z,-1.3369896411895752,3.2105698585510254,10.645668029785156
2026-09-07T10:56:55.119000Z,-1.3369896411895752,3.2105698585510254,10.645668029785156
2026-09-07T10:56:56.120000Z,-2.7224340438842773,3.483351469039917,8.922835350036621
2026-09-07T10:56:56.127000Z,-2.7224340438842773,3.483351469039917,8.922835350036621
2026-09-07T10:56:57.130000Z,-0.4055834412574768,4.388436794281006,7.742575645446777
2026-09-07T10:56:57.138000Z,-0.4055834412574768,4.388436794281006,7.742575645446777
2026-09-07T10:56:58.140000Z,0.7316055297851562,2.047059774398804,11.209775924682615
2026-09-07T10:56:58.147000Z,0.7316055297851562,2.047059774398804,11.209775924682615
2026-09-07T10:56:59.149000Z,1.0462616682052612,4.644468784332275,8.472386360168457
2026-09-07T10:56:59.156000Z,1.0462616682052612,4.644468784332275,8.472386360168457
2026-09-07T10:57:00.158000Z,-1.5433706045150757,4.618745803833008,7.599604606628418
2026-09-07T10:57:00.164000Z,-1.5433706045150757,4.618745803833008,7.599604606628418
2026-09-07T10:57:01.166000Z,-0.6047859191894531,5.037489891052246,9.053842544555664
2026-09-07T10:57:01.173000Z,-0.6047859191894531,5.037489891052246,9.053842544555664
2026-09-07T10:57:02.174000Z,-1.8185452222824097,5.106283664703369,7.849654674530029
2026-09-07T10:57:02.181000Z,-1.8185452222824097,5.106283664703369,7.849654674530029
2026-09-07T10:57:03.186000Z,-0.1495514214038849,5.119443893432617,8.781659126281738
2026-09-07T10:57:03.193000Z,-0.1495514214038849,5.119443893432617,8.781659126281738
2026-09-07T10:57:04.195000Z,-0.7028916478157043,5.766104221343994,7.849654674530029
2026-09-07T10:57:04.201000Z,-0.7028916478157043,5.766104221343994,7.849654674530029
2026-09-07T10:57:05.204000Z,4.092324733734131,3.719642877578736,11.12483024597168
2026-09-07T10:57:05.211000Z,4.092324733734131,3.719642877578736,11.12483024597168
2026-09-07T10:57:06.212000Z,-0.784247636795044,3.3858439922332764,7.34895658493042
2026-09-07T10:57:06.218000Z,-0.784247636795044,3.3858439922332764,7.34895658493042
2026-09-07T10:57:07.223000Z,1.908276081085205,5.175675392150879,7.287341594696045
2026-09-07T10:57:07.230000Z,1.908276081085205,5.175675392150879,7.287341594696045
2026-09-07T10:57:08.231000Z,-0.4983053207397461,5.635097503662109,8.816953659057617
2026-09-07T10:57:08.238000Z,-0.4983053207397461,5.635097503662109,8.816953659057617
2026-09-07T10:57:09.238000Z,0.1639083474874496,5.522634506225586,8.698508262634277
2026-09-07T10:57:09.244000Z,0.1639083474874496,5.522634506225586,8.698508262634277
2026-09-07T10:57:10.247000Z,-0.1818545162677765,6.117849349975586,8.00937557220459
2026-09-07T10:57:10.254000Z,-0.1818545162677765,6.117849349975586,8.00937557220459
2026-09-07T10:57:11.256000Z,1.0307083129882812,3.922434568405152,8.729615211486816
2026-09-07T10:57:11.264000Z,1.0307083129882812,3.922434568405152,8.729615211486816
2026-09-07T10:57:12.266000Z,0.0699900612235069,3.4683964252471924,8.444271087646484
2026-09-07T10:57:12.273000Z,0.0699900612235069,3.4683964252471924,8.444271087646484
2026-09-07T10:57:13.275000Z,0.9427721500396729,5.330610752105713,9.260822296142578
2026-09-07T10:57:13.282000Z,0.9427721500396729,5.330610752105713,9.260822296142578
2026-09-07T10:57:14.285000Z,0.3631108403205871,5.824728488922119,8.57468032836914
2026-09-07T10:57:14.291000Z,0.3631108403205871,5.824728488922119,8.57468032836914
2026-09-07T10:57:15.292000Z,-1.906481385231018,5.848058700561523,7.722835063934326
2026-09-07T10:57:15.299000Z,-1.906481385231018,5.848058700561523,7.722835063934326
2026-09-07T10:57:16.301000Z,0.5814558863639832,4.95493745803833,8.831310272216797
2026-09-07T10:57:16.307000Z,0.5814558863639832,4.95493745803833,8.831310272216797
2026-09-07T10:57:17.311000Z,-0.976869821548462,3.5162527561187744,9.830313682556152
2026-09-07T10:57:17.317000Z,-0.976869821548462,3.5162527561187744,9.830313682556152
2026-09-07T10:57:18.318000Z,-0.2691925466060638,5.544169902801514,8.299505233764648
2026-09-07T10:57:18.325000Z,-0.2691925466060638,5.544169902801514,8.299505233764648
2026-09-07T10:57:19.329000Z,0.3541377484798431,5.183452129364014,6.933801651000977
2026-09-07T10:57:19.337000Z,0.3541377484798431,5.183452129364014,6.933801651000977
2026-09-07T10:57:20.337000Z,0.3523431420326233,6.468397617340088,5.913861274719238
2026-09-07T10:57:20.344000Z,0.3523431420326233,6.468397617340088,5.913861274719238
2026-09-07T10:57:21.347000Z,0.3810569941997528,5.990431308746338,7.968697547912598
2026-09-07T10:57:21.354000Z,0.3810569941997528,5.990431308746338,7.968697547912598
2026-09-07T10:57:22.357000Z,0.3678964674472809,6.548557281494141,7.138986587524414
2026-09-07T10:57:22.364000Z,0.3678964674472809,6.548557281494141,7.138986587524414
2026-09-07T10:57:23.365000Z,-0.7908278703689575,6.282355785369873,11.422737121582031
2026-09-07T10:57:23.371000Z,-0.7908278703689575,6.282355785369873,11.422737121582031
2026-09-07T10:57:24.373000Z,0.0071784676983952,5.176273345947266,8.13380241394043
2026-09-07T10:57:24.382000Z,0.0071784676983952,5.176273345947266,8.13380241394043
2026-09-07T10:57:25.382000Z,0.9631111025810242,4.9190449714660645,5.591428279876709
2026-09-07T10:57:25.391000Z,0.9631111025810242,4.9190449714660645,5.591428279876709
2026-09-07T10:57:26.390000Z,-1.4997016191482544,6.64486837387085,6.441478729248047
2026-09-07T10:57:26.397000Z,-1.4997016191482544,6.64486837387085,6.441478729248047
2026-09-07T10:57:27.398000Z,0.0789631456136703,4.789234638214111,6.5282182693481445
2026-09-07T10:57:27.403000Z,0.0789631456136703,4.789234638214111,6.5282182693481445
2026-09-07T10:57:28.410000Z,-1.5726827383041382,6.842276573181152,6.803991317749023
2026-09-07T10:57:28.419000Z,-1.5726827383041382,6.842276573181152,6.803991317749023
2026-09-07T10:57:29.420000Z,-0.4145565330982208,6.522834300994873,7.6474609375
2026-09-07T10:57:29.443000Z,-0.4145565330982208,6.522834300994873,7.6474609375
2026-09-07T10:57:30.428000Z,3.495315790176392,7.304090976715088,6.390631198883057
2026-09-07T10:57:30.435000Z,3.495315790176392,7.304090976715088,6.390631198883057
2026-09-07T10:57:31.438000Z,-0.47796630859375,5.900102615356445,7.420143127441406
2026-09-07T10:57:31.445000Z,-0.47796630859375,5.900102615356445,7.420143127441406
2026-09-07T10:57:32.448000Z,-0.5318048596382141,5.643472194671631,8.25703239440918
2026-09-07T10:57:32.458000Z,-0.5318048596382141,5.643472194671631,8.25703239440918
2026-09-07T10:57:33.457000Z,-0.1489532142877578,6.060421466827393,7.904689788818359
2026-09-07T10:57:33.465000Z,-0.1489532142877578,6.060421466827393,7.904689788818359
2026-09-07T10:57:34.464000Z,-2.140379905700684,5.364708423614502,8.170292854309082
2026-09-07T10:57:34.472000Z,-2.140379905700684,5.364708423614502,8.170292854309082
2026-09-07T10:57:35.473000Z,3.441477060317993,5.400600910186768,6.953542709350586
2026-09-07T10:57:35.481000Z,3.441477060317993,5.400600910186768,6.953542709350586
2026-09-07T10:57:36.481000Z,1.1856436729431152,7.051648139953613,6.361319065093994
2026-09-07T10:57:36.489000Z,1.1856436729431152,7.051648139953613,6.361319065093994
2026-09-07T10:57:37.490000Z,-0.2973082065582275,6.162116527557373,6.8554368019104
2026-09-07T10:57:37.497000Z,-0.2973082065582275,6.162116527557373,6.8554368019104
2026-09-07T10:57:38.509000Z,-3.882354736328125,1.100698471069336,10.500304222106934
2026-09-07T10:57:38.516000Z,-3.882354736328125,1.100698471069336,10.500304222106934
2026-09-07T10:57:39.525000Z,0.7190431952476501,-0.5982056856155396,9.79262638092041
2026-09-07T10:57:39.532000Z,0.7190431952476501,-0.5982056856155396,9.79262638092041
2026-09-07T10:57:40.538000Z,-1.968694806098938,2.803191661834717,9.246464729309082
2026-09-07T10:57:40.545000Z,-1.968694806098938,2.803191661834717,9.246464729309082
2026-09-07T10:57:41.543000Z,-0.2165504544973373,2.4089741706848145,9.81356430053711
2026-09-07T10:57:41.550000Z,-0.2165504544973373,2.4089741706848145,9.81356430053711
2026-09-07T10:57:42.552000Z,-1.0552347898483276,0.4163511395454407,8.534002304077148
2026-09-07T10:57:42.560000Z,-1.0552347898483276,0.4163511395454407,8.534002304077148
2026-09-07T10:57:43.563000Z,-0.4061816334724426,1.905883193016052,9.86859893798828
2026-09-07T10:57:43.588000Z,-0.4061816334724426,1.905883193016052,9.86859893798828
2026-09-07T10:57:44.571000Z,0.48574298620224,3.094517946243286,9.475577354431152
2026-09-07T10:57:44.579000Z,0.48574298620224,3.094517946243286,9.475577354431152
2026-09-07T10:57:45.583000Z,-1.7623138427734375,4.450650215148926,7.579265594482422
2026-09-07T10:57:45.592000Z,-1.7623138427734375,4.450650215148926,7.579265594482422
2026-09-07T10:57:46.589000Z,-0.2201396822929382,6.489933013916016,7.5080790519714355
2026-09-07T10:57:46.599000Z,-0.2201396822929382,6.489933013916016,7.5080790519714355
2026-09-07T10:57:47.599000Z,-0.8111668825149536,6.74656343460083,7.614559650421143
2026-09-07T10:57:47.607000Z,-0.8111668825149536,6.74656343460083,7.614559650421143
2026-09-07T10:57:48.608000Z,2.444866418838501,4.460819721221924,9.495318412780762
2026-09-07T10:57:48.615000Z,2.444866418838501,4.460819721221924,9.495318412780762
2026-09-07T10:57:49.614000Z,-0.0149551415815949,3.994219303131104,8.14217758178711
2026-09-07T10:57:49.622000Z,-0.0149551415815949,3.994219303131104,8.14217758178711
2026-09-07T10:57:50.623000Z,2.888735055923462,4.7952165603637695,8.48734188079834
2026-09-07T10:57:50.631000Z,2.888735055923462,4.7952165603637695,8.48734188079834
2026-09-07T10:57:51.634000Z,2.63449764251709,4.346562385559082,9.370891571044922
2026-09-07T10:57:51.642000Z,2.63449764251709,4.346562385559082,9.370891571044922
2026-09-07T10:57:52.646000Z,2.6398816108703613,4.249652862548828,8.892327308654785
2026-09-07T10:57:52.653000Z,2.6398816108703613,4.249652862548828,8.892327308654785
2026-09-07T10:57:53.653000Z,-0.7794619798660278,5.272584915161133,7.683353424072266
2026-09-07T10:57:53.660000Z,-0.7794619798660278,5.272584915161133,7.683353424072266
2026-09-07T10:57:54.661000Z,-1.7234305143356323,4.338187217712402,10.296316146850586
2026-09-07T10:57:54.670000Z,-1.7234305143356323,4.338187217712402,10.296316146850586
2026-09-07T10:57:55.669000Z,2.6536402702331543,4.563711166381836,8.300103187561035
2026-09-07T10:57:55.676000Z,2.6536402702331543,4.563711166381836,8.300103187561035
2026-09-07T10:57:56.678000Z,1.7521443367004397,5.2109694480896,7.963912010192871
2026-09-07T10:57:56.686000Z,1.7521443367004397,5.2109694480896,7.963912010192871
2026-09-07T10:57:57.688000Z,-0.5934200286865234,6.096911907196045,7.855038642883301
2026-09-07T10:57:57.695000Z,-0.5934200286865234,6.096911907196045,7.855038642883301
2026-09-07T10:57:58.697000Z,-1.332802176475525,7.435696601867676,6.547360897064209
2026-09-07T10:57:58.705000Z,-1.332802176475525,7.435696601867676,6.547360897064209
2026-09-07T10:57:59.706000Z,1.6606189012527466,3.8775691986083984,7.121638298034668
2026-09-07T10:57:59.715000Z,1.6606189012527466,3.8775691986083984,7.121638298034668
2026-09-07T10:58:00.714000Z,0.0376869551837444,5.615954875946045,7.899305820465088
2026-09-07T10:58:00.721000Z,0.0376869551837444,5.615954875946045,7.899305820465088
2026-09-07T10:58:01.725000Z,-0.544965386390686,6.769893646240234,7.004390239715576
2026-09-07T10:58:01.732000Z,-0.544965386390686,6.769893646240234,7.004390239715576
2026-09-07T10:58:02.732000Z,0.0903290584683418,6.018547058105469,7.995018482208252
2026-09-07T10:58:02.739000Z,0.0903290584683418,6.018547058105469,7.995018482208252
2026-09-07T10:58:03.741000Z,0.5539384484291077,6.419344902038574,8.648259162902832
2026-09-07T10:58:03.748000Z,0.5539384484291077,6.419344902038574,8.648259162902832
2026-09-07T10:58:04.750000Z,2.7224340438842773,4.012763500213623,11.61535930633545
2026-09-07T10:58:04.757000Z,2.7224340438842773,4.012763500213623,11.61535930633545
2026-09-07T10:58:05.760000Z,1.4775680303573608,5.32403039932251,7.695915699005127
2026-09-07T10:58:05.770000Z,1.4775680303573608,5.32403039932251,7.695915699005127
2026-09-07T10:58:06.769000Z,-0.2578266263008117,5.087141036987305,7.274778842926025
2026-09-07T10:58:06.776000Z,-0.2578266263008117,5.087141036987305,7.274778842926025
2026-09-07T10:58:07.777000Z,-1.1258230209350586,6.170491218566895,9.184849739074709
2026-09-07T10:58:07.784000Z,-1.1258230209350586,6.170491218566895,9.184849739074709
2026-09-07T10:58:08.786000Z,0.1208375468850135,4.88554573059082,8.486145973205566
2026-09-07T10:58:08.794000Z,0.1208375468850135,4.88554573059082,8.486145973205566
2026-09-07T10:58:09.793000Z,0.8231309652328491,3.4474592208862305,12.05623722076416
2026-09-07T10:58:09.801000Z,0.8231309652328491,3.4474592208862305,12.05623722076416
2026-09-07T10:58:10.803000Z,1.5738791227340698,4.274777889251709,7.055835723876953
2026-09-07T10:58:10.811000Z,1.5738791227340698,4.274777889251709,7.055835723876953
2026-09-07T10:58:11.812000Z,-1.597209095954895,3.954737663269043,9.945767402648926
2026-09-07T10:58:11.821000Z,-1.597209095954895,3.954737663269043,9.945767402648926
2026-09-07T10:58:12.820000Z,0.9577272534370422,4.744369029998779,8.137392044067383
2026-09-07T10:58:12.828000Z,0.9577272534370422,4.744369029998779,8.137392044067383
2026-09-07T10:58:13.830000Z,-0.4199403822422027,5.13739013671875,8.396414756774902
2026-09-07T10:58:13.837000Z,-0.4199403822422027,5.13739013671875,8.396414756774902
2026-09-07T10:58:14.838000Z,0.5826523303985596,5.154139995574951,7.8765740394592285
2026-09-07T10:58:14.846000Z,0.5826523303985596,5.154139995574951,7.8765740394592285
2026-09-07T10:58:15.850000Z,0.4929214715957641,4.727619171142578,11.642278671264648
2026-09-07T10:58:15.858000Z,0.4929214715957641,4.727619171142578,11.642278671264648
2026-09-07T10:58:16.856000Z,-0.5982056856155396,4.093521118164063,8.519046783447266
2026-09-07T10:58:16.863000Z,-0.5982056856155396,4.093521118164063,8.519046783447266
2026-09-07T10:58:17.865000Z,1.550549030303955,3.892524242401123,9.186644554138184
2026-09-07T10:58:17.872000Z,1.550549030303955,3.892524242401123,9.186644554138184
2026-09-07T10:58:18.873000Z,-1.079761266708374,5.114060401916504,7.72104024887085
2026-09-07T10:58:18.881000Z,-1.079761266708374,5.114060401916504,7.72104024887085
2026-09-07T10:58:19.882000Z,2.191227436065674,3.790829181671143,9.79681396484375
2026-09-07T10:58:19.890000Z,2.191227436065674,3.790829181671143,9.79681396484375
2026-09-07T10:58:20.893000Z,-0.4977070987224579,4.353142738342285,7.040282249450684
2026-09-07T10:58:20.900000Z,-0.4977070987224579,4.353142738342285,7.040282249450684
2026-09-07T10:58:21.900000Z,1.3405789136886597,4.816154003143311,7.736593723297119
2026-09-07T10:58:21.909000Z,1.3405789136886597,4.816154003143311,7.736593723297119
2026-09-07T10:58:22.910000Z,0.0723828822374343,4.743172645568848,8.900103569030762
2026-09-07T10:58:22.919000Z,0.0723828822374343,4.743172645568848,8.900103569030762
2026-09-07T10:58:23.919000Z,-0.1579262912273407,5.055436134338379,7.801199913024902
2026-09-07T10:58:23.929000Z,-0.1579262912273407,5.055436134338379,7.801199913024902
2026-09-07T10:58:24.928000Z,-0.6879364848136902,5.375475883483887,8.319246292114258
2026-09-07T10:58:24.935000Z,-0.6879364848136902,5.375475883483887,8.319246292114258
2026-09-07T10:58:25.936000Z,0.0017946169245988,5.543571949005127,7.622934818267822
2026-09-07T10:58:25.946000Z,0.0017946169245988,5.543571949005127,7.622934818267822
2026-09-07T10:58:26.947000Z,-0.7926225066184998,3.1788649559021,8.478368759155273
2026-09-07T10:58:26.956000Z,-0.7926225066184998,3.1788649559021,8.478368759155273
2026-09-07T10:58:27.955000Z,-1.072582721710205,3.942773580551148,8.294121742248535
2026-09-07T10:58:27.963000Z,-1.072582721710205,3.942773580551148,8.294121742248535
2026-09-07T10:58:28.963000Z,1.550549030303955,3.266801118850708,9.596415519714355
2026-09-07T10:58:28.971000Z,1.550549030303955,3.266801118850708,9.596415519714355
2026-09-07T10:58:29.971000Z,-0.8027920126914978,4.353142738342285,9.164510726928713
2026-09-07T10:58:29.978000Z,-0.8027920126914978,4.353142738342285,9.164510726928713
2026-09-07T10:58:30.980000Z,-0.589830756187439,4.311866283416748,9.508479118347168
2026-09-07T10:58:30.987000Z,-0.589830756187439,4.311866283416748,9.508479118347168
2026-09-07T10:58:31.989000Z,0.4121637046337127,3.308077335357666,8.741579055786133
2026-09-07T10:58:31.996000Z,0.4121637046337127,3.308077335357666,8.741579055786133
2026-09-07T10:58:32.999000Z,-2.087737798690796,3.572484254837036,8.889934539794922
2026-09-07T10:58:33.008000Z,-2.087737798690796,3.572484254837036,8.889934539794922
2026-09-07T10:58:34.010000Z,1.3668999671936035,3.8081772327423096,8.34138011932373
2026-09-07T10:58:34.018000Z,1.3668999671936035,3.8081772327423096,8.34138011932373
2026-09-07T10:58:35.016000Z,-1.043868899345398,4.869992256164551,9.500701904296877
2026-09-07T10:58:35.025000Z,-1.043868899345398,4.869992256164551,9.500701904296877
2026-09-07T10:58:36.028000Z,0.131605252623558,5.269593715667725,8.683553695678711
2026-09-07T10:58:36.035000Z,0.131605252623558,5.269593715667725,8.683553695678711
2026-09-07T10:58:37.037000Z,-2.4299113750457764,5.410171985626221,9.394221305847168
2026-09-07T10:58:37.044000Z,-2.4299113750457764,5.410171985626221,9.394221305847168
2026-09-07T10:58:38.044000Z,-0.375074952840805,4.640281200408936,8.46879768371582
2026-09-07T10:58:38.055000Z,-0.375074952840805,4.640281200408936,8.46879768371582
2026-09-07T10:58:39.054000Z,0.5712863802909851,4.884947299957275,9.254839897155762
2026-09-07T10:58:39.061000Z,0.5712863802909851,4.884947299957275,9.254839897155762
2026-09-07T10:58:40.064000Z,1.9866410493850708,4.603192329406738,9.477970123291016
2026-09-07T10:58:40.073000Z,1.9866410493850708,4.603192329406738,9.477970123291016
2026-09-07T10:58:41.071000Z,0.3445664644241333,4.607379913330078,7.865208148956299
2026-09-07T10:58:41.080000Z,0.3445664644241333,4.607379913330078,7.865208148956299
2026-09-07T10:58:42.079000Z,0.6783652305603027,4.526023864746094,11.011171340942385
2026-09-07T10:58:42.088000Z,0.6783652305603027,4.526023864746094,11.011171340942385
2026-09-07T10:58:43.093000Z,-0.6203392744064331,4.560719966888428,7.762316703796387
2026-09-07T10:58:43.099000Z,-0.6203392744064331,4.560719966888428,7.762316703796387
2026-09-07T10:58:44.099000Z,-0.0759721174836158,1.074975609779358,8.199604988098145
2026-09-07T10:58:44.106000Z,-0.0759721174836158,1.074975609779358,8.199604988098145
2026-09-07T10:58:45.106000Z,2.03629207611084,2.66560435295105,11.45384407043457
2026-09-07T10:58:45.115000Z,2.03629207611084,2.66560435295105,11.45384407043457
2026-09-07T10:58:46.115000Z,2.132603168487549,4.814957141876221,6.111867427825928
2026-09-07T10:58:46.122000Z,2.132603168487549,4.814957141876221,6.111867427825928
2026-09-07T10:58:47.125000Z,2.2773690223693848,2.7080769538879395,9.099306106567385
2026-09-07T10:58:47.134000Z,2.2773690223693848,2.7080769538879395,9.099306106567385
2026-09-07T10:58:48.133000Z,0.4013960063457489,4.314259052276611,10.914860725402832
2026-09-07T10:58:48.141000Z,0.4013960063457489,4.314259052276611,10.914860725402832
2026-09-07T10:58:49.142000Z,0.2709871530532837,2.1882362365722656,8.769096374511719
2026-09-07T10:58:49.150000Z,0.2709871530532837,2.1882362365722656,8.769096374511719
2026-09-07T10:58:50.151000Z,0.8177471160888672,3.9020955562591553,8.363512992858887
2026-09-07T10:58:50.156000Z,0.8177471160888672,3.9020955562591553,8.363512992858887
2026-09-07T10:58:51.161000Z,0.8165507316589355,3.7387852668762207,8.163712501525879
2026-09-07T10:58:51.183000Z,0.8165507316589355,3.7387852668762207,8.163712501525879
2026-09-07T10:58:52.171000Z,-0.5335994362831116,5.274379253387451,7.931010723114014
2026-09-07T10:58:52.178000Z,-0.5335994362831116,5.274379253387451,7.931010723114014
2026-09-07T10:58:53.179000Z,2.003988981246948,3.809373617172241,9.683155059814451
2026-09-07T10:58:53.185000Z,2.003988981246948,3.809373617172241,9.683155059814451
2026-09-07T10:58:54.188000Z,0.1124626621603965,3.683152198791504,7.867600917816162
2026-09-07T10:58:54.194000Z,0.1124626621603965,3.683152198791504,7.867600917816162
2026-09-07T10:58:55.195000Z,1.2550355195999146,1.3381860256195068,8.206783294677734
2026-09-07T10:58:55.201000Z,1.2550355195999146,1.3381860256195068,8.206783294677734
2026-09-07T10:58:56.207000Z,-0.8620143532752991,2.243869543075561,9.614959716796877
2026-09-07T10:58:56.214000Z,-0.8620143532752991,2.243869543075561,9.614959716796877
2026-09-07T10:58:57.214000Z,-1.563111424446106,4.689932346343994,9.046664237976074
2026-09-07T10:58:57.222000Z,-1.563111424446106,4.689932346343994,9.046664237976074
2026-09-07T10:58:58.225000Z,1.7718851566314695,-1.695314884185791,11.4652099609375
2026-09-07T10:58:58.232000Z,1.7718851566314695,-1.695314884185791,11.4652099609375
2026-09-07T10:58:59.233000Z,3.412763357162476,-2.365903377532959,7.030711174011231
2026-09-07T10:58:59.239000Z,3.412763357162476,-2.365903377532959,7.030711174011231
2026-09-07T10:59:00.244000Z,1.3214362859725952,-0.028713870793581,10.525428771972656
2026-09-07T10:59:00.250000Z,1.3214362859725952,-0.028713870793581,10.525428771972656
2026-09-07T10:59:01.250000Z,-1.022931694984436,6.619743824005127,6.8518476486206055
2026-09-07T10:59:01.258000Z,-1.022931694984436,6.619743824005127,6.8518476486206055
2026-09-07T10:59:02.260000Z,0.747757077217102,5.5387864112854,8.283951759338379
2026-09-07T10:59:02.267000Z,0.747757077217102,5.5387864112854,8.283951759338379
2026-09-07T10:59:03.265000Z,-1.9334007501602173,5.108078002929688,8.258827209472656
2026-09-07T10:59:03.267000Z,-1.9334007501602173,5.108078002929688,8.258827209472656
2026-09-07T10:59:04.274000Z,1.3453645706176758,6.687341213226318,7.5673017501831055
2026-09-07T10:59:04.276000Z,1.3453645706176758,6.687341213226318,7.5673017501831055
2026-09-07T10:59:05.286000Z,-1.3962119817733765,6.316453456878662,6.68016242980957
2026-09-07T10:59:05.293000Z,-1.3962119817733765,6.316453456878662,6.68016242980957
2026-09-07T10:59:06.301000Z,-0.6795616149902344,3.82373046875,9.519247055053713
2026-09-07T10:59:06.308000Z,-0.6795616149902344,3.82373046875,9.519247055053713
2026-09-07T10:59:07.306000Z,1.688734531402588,3.0837502479553223,8.97966480255127
2026-09-07T10:59:07.311000Z,1.688734531402588,3.0837502479553223,8.97966480255127
2026-09-07T10:59:08.314000Z,-0.9248259663581848,2.6632115840911865,9.08853816986084
2026-09-07T10:59:08.320000Z,-0.9248259663581848,2.6632115840911865,9.08853816986084
2026-09-07T10:59:09.324000Z,-9.9140625,-6.737590312957764,4.243072986602783
2026-09-07T10:59:09.330000Z,-9.9140625,-6.737590312957764,4.243072986602783
2026-09-07T10:59:10.331000Z,-4.8568315505981445,-8.911469459533691,0.5485545992851257
2026-09-07T10:59:10.337000Z,-4.8568315505981445,-8.911469459533691,0.5485545992851257
2026-09-07T10:59:11.342000Z,-5.45563554763794,-2.44067907333374,5.204987525939941
2026-09-07T10:59:11.348000Z,-5.45563554763794,-2.44067907333374,5.204987525939941
2026-09-07T10:59:12.347000Z,-6.809374809265137,-1.901097536087036,6.559325218200684
2026-09-07T10:59:12.353000Z,-6.809374809265137,-1.901097536087036,6.559325218200684
2026-09-07T10:59:13.361000Z,-6.745965003967285,-2.2265214920043945,6.610172748565674
2026-09-07T10:59:13.366000Z,-6.745965003967285,-2.2265214920043945,6.610172748565674
2026-09-07T10:59:14.369000Z,-6.6490559577941895,-2.344966173171997,6.768697261810303
2026-09-07T10:59:14.375000Z,-6.6490559577941895,-2.344966173171997,6.768697261810303
2026-09-07T10:59:15.377000Z,-6.533602237701416,-2.4783661365509038,6.831508636474609
2026-09-07T10:59:15.384000Z,-6.533602237701416,-2.4783661365509038,6.831508636474609
2026-09-07T10:59:16.386000Z,-6.638886451721191,-2.3018953800201416,6.887740135192871
2026-09-07T10:59:16.402000Z,-6.638886451721191,-2.3018953800201416,6.887740135192871
2026-09-07T10:59:17.398000Z,-6.543173313140869,-2.425724029541016,6.845865726470947
2026-09-07T10:59:17.404000Z,-6.543173313140869,-2.425724029541016,6.845865726470947
2026-09-07T10:59:18.405000Z,-6.46959400177002,-2.5495524406433105,7.033103942871094
2026-09-07T10:59:18.411000Z,-6.46959400177002,-2.5495524406433105,7.033103942871094
2026-09-07T10:59:19.414000Z,-6.441478729248047,-2.5160529613494877,6.985247611999512
2026-09-07T10:59:19.420000Z,-6.441478729248047,-2.5160529613494877,6.985247611999512
2026-09-07T10:59:20.419000Z,-6.5042901039123535,-2.464009046554565,6.903293132781982
2026-09-07T10:59:20.423000Z,-6.5042901039123535,-2.464009046554565,6.903293132781982
2026-09-07T10:59:21.430000Z,-6.451648235321045,-2.5022943019866943,6.912864685058594
2026-09-07T10:59:21.438000Z,-6.451648235321045,-2.5022943019866943,6.912864685058594
2026-09-07T10:59:22.441000Z,-6.4666032791137695,-2.5022943019866943,6.8554368019104
2026-09-07T10:59:22.449000Z,-6.4666032791137695,-2.5022943019866943,6.8554368019104
2026-09-07T10:59:23.450000Z,-6.615556240081787,-2.4598217010498047,6.769893646240234
2026-09-07T10:59:23.457000Z,-6.615556240081787,-2.4598217010498047,6.769893646240234
2026-09-07T10:59:24.459000Z,-6.6107707023620605,-2.478964328765869,6.7316083908081055
2026-09-07T10:59:24.465000Z,-6.6107707023620605,-2.478964328765869,6.7316083908081055
2026-09-07T10:59:25.468000Z,-6.629913330078125,-2.5124638080596924,6.722635269165039
2026-09-07T10:59:25.474000Z,-6.629913330078125,-2.5124638080596924,6.722635269165039
2026-09-07T10:59:26.478000Z,-6.759125709533691,-2.536990165710449,6.675975322723389
2026-09-07T10:59:26.486000Z,-6.759125709533691,-2.536990165710449,6.675975322723389
2026-09-07T10:59:27.487000Z,-6.525825500488281,-2.531606435775757,6.6454668045043945
2026-09-07T10:59:27.494000Z,-6.525825500488281,-2.531606435775757,6.6454668045043945
2026-09-07T10:59:28.495000Z,-6.711269378662109,-2.551347255706787,6.738188743591309
2026-09-07T10:59:28.501000Z,-6.711269378662109,-2.551347255706787,6.738188743591309
2026-09-07T10:59:29.504000Z,-6.582056999206543,-2.5746772289276123,6.766304016113281
2026-09-07T10:59:29.510000Z,-6.582056999206543,-2.5746772289276123,6.766304016113281
2026-09-07T10:59:30.514000Z,-6.548557281494141,-2.517249345779419,6.779464721679688
2026-09-07T10:59:30.520000Z,-6.548557281494141,-2.517249345779419,6.779464721679688
2026-09-07T10:59:31.526000Z,-6.6352972984313965,-2.465205430984497,6.659823417663574
2026-09-07T10:59:31.531000Z,-6.6352972984313965,-2.465205430984497,6.659823417663574
2026-09-07T10:59:32.528000Z,-7.310671329498291,-2.9802606105804443,6.3014984130859375
2026-09-07T10:59:32.530000Z,-7.310671329498291,-2.9802606105804443,6.3014984130859375
2026-09-07T10:59:33.538000Z,-1.3549357652664185,-5.976672649383545,3.620938777923584
2026-09-07T10:59:33.545000Z,-1.3549357652664185,-5.976672649383545,3.620938777923584
2026-09-07T10:59:34.550000Z,-8.997013092041016,-4.758127689361572,0.4839483797550201
2026-09-07T10:59:34.558000Z,-8.997013092041016,-4.758127689361572,0.4839483797550201
2026-09-07T10:59:35.559000Z,-9.062217712402344,-5.708676815032959,-0.6263213157653809
2026-09-07T10:59:35.565000Z,-9.062217712402344,-5.708676815032959,-0.6263213157653809
2026-09-07T10:59:36.567000Z,-7.320840835571289,-5.356931686401367,1.5086746215820312
2026-09-07T10:59:36.575000Z,-7.320840835571289,-5.356931686401367,1.5086746215820312
2026-09-07T10:59:37.577000Z,-7.152745246887207,-5.605186939239502,1.6348960399627686
2026-09-07T10:59:37.584000Z,-7.152745246887207,-5.605186939239502,1.6348960399627686
2026-09-07T10:59:38.587000Z,-6.455835342407227,-5.263611793518066,-0.4097708761692047
2026-09-07T10:59:38.595000Z,-6.455835342407227,-5.263611793518066,-0.4097708761692047
2026-09-07T10:59:39.594000Z,-7.727620601654053,-3.809971809387207,0.6801598072052002
2026-09-07T10:59:39.603000Z,-7.727620601654053,-3.809971809387207,0.6801598072052002
2026-09-07T10:59:40.604000Z,-7.8664045333862305,-4.5786662101745605,-0.0532403029501438
2026-09-07T10:59:40.611000Z,-7.8664045333862305,-4.5786662101745605,-0.0532403029501438
2026-09-07T10:59:41.612000Z,-7.651050567626953,-5.146363258361816,1.9926230907440183
2026-09-07T10:59:41.616000Z,-7.651050567626953,-5.146363258361816,1.9926230907440183
2026-09-07T10:59:42.622000Z,-8.106285095214844,-4.11206579208374,-0.6556333899497986
2026-09-07T10:59:42.628000Z,-8.106285095214844,-4.11206579208374,-0.6556333899497986
2026-09-07T10:59:43.636000Z,-10.156933784484863,-3.2817561626434326,1.2179467678070068
2026-09-07T10:59:43.644000Z,-10.156933784484863,-3.2817561626434326,1.2179467678070068
2026-09-07T10:59:44.638000Z,-9.120841979980469,-2.65842604637146,1.9226330518722532
2026-09-07T10:59:44.654000Z,-9.120841979980469,-2.65842604637146,1.9226330518722532
2026-09-07T10:59:45.650000Z,-9.751948356628418,0.3140579760074615,2.9240293502807617
2026-09-07T10:59:45.656000Z,-9.751948356628418,0.3140579760074615,2.9240293502807617
2026-09-07T10:59:46.659000Z,-7.118647575378418,6.076572895050049,1.2711870670318604
2026-09-07T10:59:46.665000Z,-7.118647575378418,6.076572895050049,1.2711870670318604
2026-09-07T10:59:47.672000Z,-9.363713264465332,-0.1597209125757217,6.202794551849365
2026-09-07T10:59:47.680000Z,-9.363713264465332,-0.1597209125757217,6.202794551849365
2026-09-07T10:59:48.677000Z,-10.71446132659912,-1.256830096244812,3.8530426025390634
2026-09-07T10:59:48.683000Z,-10.71446132659912,-1.256830096244812,3.8530426025390634
2026-09-07T10:59:49.694000Z,-10.78086280822754,-1.7353945970535278,2.1774685382843018
2026-09-07T10:59:49.702000Z,-10.78086280822754,-1.7353945970535278,2.1774685382843018
2026-09-07T10:59:50.710000Z,-8.419146537780762,-2.9150562286376958,3.534797191619873
2026-09-07T10:59:50.717000Z,-8.419146537780762,-2.9150562286376958,3.534797191619873
2026-09-07T10:59:51.720000Z,-9.087342262268066,-3.6945180892944336,2.858226537704468
2026-09-07T10:59:51.727000Z,-9.087342262268066,-3.6945180892944336,2.858226537704468
2026-09-07T10:59:52.729000Z,-9.817750930786133,-2.7930221557617188,0.8321040868759155
2026-09-07T10:59:52.737000Z,-9.817750930786133,-2.7930221557617188,0.8321040868759155
2026-09-07T10:59:53.738000Z,-10.75992488861084,-2.018944025039673,3.4067811965942383
2026-09-07T10:59:53.745000Z,-10.75992488861084,-2.018944025039673,3.4067811965942383
2026-09-07T10:59:54.747000Z,-10.03549861907959,-1.0959128141403198,4.000201225280762
2026-09-07T10:59:54.755000Z,-10.03549861907959,-1.0959128141403198,4.000201225280762
2026-09-07T10:59:55.755000Z,-8.475378036499023,-2.4879374504089355,2.1122641563415527
2026-09-07T10:59:55.762000Z,-8.475378036499023,-2.4879374504089355,2.1122641563415527
2026-09-07T10:59:56.765000Z,-8.754739761352539,-2.892324447631836,1.755135416984558
2026-09-07T10:59:56.772000Z,-8.754739761352539,-2.892324447631836,1.755135416984558
2026-09-07T10:59:57.773000Z,-9.1986083984375,-1.594218134880066,0.9487541913986206
2026-09-07T10:59:57.779000Z,-9.1986083984375,-1.594218134880066,0.9487541913986206
2026-09-07T10:59:58.780000Z,-7.88076114654541,-1.8406788110733032,3.624528169631958
2026-09-07T10:59:58.786000Z,-7.88076114654541,-1.8406788110733032,3.624528169631958
2026-09-07T10:59:59.783000Z,-8.567501068115234,-1.088136076927185,3.252444267272949
2026-09-07T10:59:59.792000Z,-8.567501068115234,-1.088136076927185,3.252444267272949
2026-09-07T11:00:00.810000Z,-8.314460754394531,0.9236295223236084,5.259424209594727
2026-09-07T11:00:00.816000Z,-8.314460754394531,0.9236295223236084,5.259424209594727
2026-09-07T11:00:01.826000Z,-1.585843205451965,3.2039895057678223,6.198606967926025
2026-09-07T11:00:01.833000Z,-1.585843205451965,3.2039895057678223,6.198606967926025
2026-09-07T11:00:02.839000Z,-1.4009976387023926,3.934398651123047,8.85763168334961
2026-09-07T11:00:02.846000Z,-1.4009976387023926,3.934398651123047,8.85763168334961
2026-09-07T11:00:03.844000Z,-10.43629550933838,-2.33180570602417,5.908477306365967
2026-09-07T11:00:03.850000Z,-10.43629550933838,-2.33180570602417,5.908477306365967
2026-09-07T11:00:04.854000Z,-10.329814910888672,-2.438286304473877,1.7850457429885864
2026-09-07T11:00:04.862000Z,-10.329814910888672,-2.438286304473877,1.7850457429885864
2026-09-07T11:00:05.866000Z,-7.488338470458984,-4.064209461212158,3.833301782608032
2026-09-07T11:00:05.873000Z,-7.488338470458984,-4.064209461212158,3.833301782608032
2026-09-07T11:00:06.871000Z,-8.12662410736084,-3.117249727249145,2.557927370071411
2026-09-07T11:00:06.878000Z,-8.12662410736084,-3.117249727249145,2.557927370071411
2026-09-07T11:00:07.881000Z,-8.811569213867188,-3.5359935760498047,2.720639228820801
2026-09-07T11:00:07.889000Z,-8.811569213867188,-3.5359935760498047,2.720639228820801
2026-09-07T11:00:08.897000Z,-8.708678245544434,-3.610769271850586,1.456032633781433
2026-09-07T11:00:08.903000Z,-8.708678245544434,-3.610769271850586,1.456032633781433
2026-09-07T11:00:09.899000Z,-9.373284339904783,-3.228515863418579,3.981058597564697
2026-09-07T11:00:09.906000Z,-9.373284339904783,-3.228515863418579,3.981058597564697
2026-09-07T11:00:10.909000Z,-8.222336769104004,-2.5429723262786865,1.038485050201416
2026-09-07T11:00:10.917000Z,-8.222336769104004,-2.5429723262786865,1.038485050201416
2026-09-07T11:00:11.916000Z,-8.176275253295898,-6.211767673492432,3.358924865722656
2026-09-07T11:00:11.924000Z,-8.176275253295898,-6.211767673492432,3.358924865722656
2026-09-07T11:00:12.926000Z,-8.97966480255127,-3.61017107963562,3.671188116073608
2026-09-07T11:00:12.933000Z,-8.97966480255127,-3.61017107963562,3.671188116073608
2026-09-07T11:00:13.936000Z,-9.756733894348145,-3.421138286590576,2.199003934860229
2026-09-07T11:00:13.942000Z,-9.756733894348145,-3.421138286590576,2.199003934860229
2026-09-07T11:00:14.946000Z,-8.96829891204834,-2.688934564590454,2.970689296722412
2026-09-07T11:00:14.953000Z,-8.96829891204834,-2.688934564590454,2.970689296722412
2026-09-07T11:00:15.953000Z,-8.447860717773438,-3.050250768661499,2.942573547363281
2026-09-07T11:00:15.961000Z,-8.447860717773438,-3.050250768661499,2.942573547363281
2026-09-07T11:00:16.963000Z,-9.1112699508667,-0.5706881880760193,2.368894338607788
2026-09-07T11:00:16.970000Z,-9.1112699508667,-0.5706881880760193,2.368894338607788
2026-09-07T11:00:17.971000Z,-8.827122688293457,0.3296113312244415,3.842274904251098
2026-09-07T11:00:17.978000Z,-8.827122688293457,0.3296113312244415,3.842274904251098
2026-09-07T11:00:18.983000Z,-9.081958770751951,-1.201795220375061,4.435695171356201
2026-09-07T11:00:18.990000Z,-9.081958770751951,-1.201795220375061,4.435695171356201
2026-09-07T11:00:19.991000Z,-9.248857498168944,1.1670992374420166,2.7391836643218994
2026-09-07T11:00:19.995000Z,-9.248857498168944,1.1670992374420166,2.7391836643218994
2026-09-07T11:00:21.000000Z,-10.42612648010254,-1.1826525926589966,2.456830739974976
2026-09-07T11:00:21.006000Z,-10.42612648010254,-1.1826525926589966,2.456830739974976
2026-09-07T11:00:22.010000Z,-8.718249320983887,-1.7820546627044678,3.3379876613616943
2026-09-07T11:00:22.016000Z,-8.718249320983887,-1.7820546627044678,3.3379876613616943
2026-09-07T11:00:23.018000Z,-8.251648902893066,-1.5702898502349854,3.284149169921875
2026-09-07T11:00:23.024000Z,-8.251648902893066,-1.5702898502349854,3.284149169921875
2026-09-07T11:00:24.030000Z,-8.809176445007324,-1.1682956218719482,0.2709871530532837
2026-09-07T11:00:24.036000Z,-8.809176445007324,-1.1682956218719482,0.2709871530532837
2026-09-07T11:00:25.036000Z,-9.682557106018066,-2.668595552444458,0.4755735099315643
2026-09-07T11:00:25.043000Z,-9.682557106018066,-2.668595552444458,0.4755735099315643
2026-09-07T11:00:26.049000Z,-8.834300994873047,-2.167897224426269,0.4785645306110382
2026-09-07T11:00:26.056000Z,-8.834300994873047,-2.167897224426269,0.4785645306110382
2026-09-07T11:00:27.056000Z,-8.648259162902832,-2.063211441040039,-0.0508474819362163
2026-09-07T11:00:27.062000Z,-8.648259162902832,-2.063211441040039,-0.0508474819362163
2026-09-07T11:00:28.064000Z,-8.614161491394043,-2.225325107574463,2.0679969787597656
2026-09-07T11:00:28.070000Z,-8.614161491394043,-2.225325107574463,2.0679969787597656
2026-09-07T11:00:29.071000Z,-9.121439933776855,-1.6378871202468872,0.4600201547145843
2026-09-07T11:00:29.077000Z,-9.121439933776855,-1.6378871202468872,0.4600201547145843
2026-09-07T11:00:30.082000Z,-8.578269004821777,-2.937189817428589,0.6478567123413086
2026-09-07T11:00:30.089000Z,-8.578269004821777,-2.937189817428589,0.6478567123413086
2026-09-07T11:00:31.093000Z,-8.843274116516113,-4.825725078582764,1.6002001762390137
2026-09-07T11:00:31.099000Z,-8.843274116516113,-4.825725078582764,1.6002001762390137
2026-09-07T11:00:32.102000Z,-9.674181938171388,-3.3439695835113525,0.2338984161615371
2026-09-07T11:00:32.108000Z,-9.674181938171388,-3.3439695835113525,0.2338984161615371
2026-09-07T11:00:33.110000Z,-9.885348320007324,-2.966501951217652,-1.4261223077774048
2026-09-07T11:00:33.117000Z,-9.885348320007324,-2.966501951217652,-1.4261223077774048
2026-09-07T11:00:34.123000Z,-8.873783111572266,-3.833301782608032,0.5353940725326538
2026-09-07T11:00:34.129000Z,-8.873783111572266,-3.833301782608032,0.5353940725326538
2026-09-07T11:00:35.130000Z,-8.937790870666504,-5.056632518768311,-0.480359137058258
2026-09-07T11:00:35.135000Z,-8.937790870666504,-5.056632518768311,-0.480359137058258
2026-09-07T11:00:36.137000Z,-9.095118522644045,-3.1752755641937256,-0.12143574655056
2026-09-07T11:00:36.143000Z,-9.095118522644045,-3.1752755641937256,-0.12143574655056
2026-09-07T11:00:37.146000Z,-9.501898765563965,-1.5379867553710938,0.6245267391204834
2026-09-07T11:00:37.152000Z,-9.501898765563965,-1.5379867553710938,0.6245267391204834
2026-09-07T11:00:38.155000Z,-10.361519813537598,-1.1802598237991333,-0.4797609448432922
2026-09-07T11:00:38.162000Z,-10.361519813537598,-1.1802598237991333,-0.4797609448432922
2026-09-07T11:00:39.165000Z,-10.576874732971191,-1.073180913925171,0.5407779216766357
2026-09-07T11:00:39.171000Z,-10.576874732971191,-1.073180913925171,0.5407779216766357
2026-09-07T11:00:40.175000Z,-8.37966537475586,-3.4923245906829834,0.3320041298866272
2026-09-07T11:00:40.180000Z,-8.37966537475586,-3.4923245906829834,0.3320041298866272
2026-09-07T11:00:41.183000Z,-8.264211654663086,-3.2518460750579834,-1.1084750890731812
2026-09-07T11:00:41.189000Z,-8.264211654663086,-3.2518460750579834,-1.1084750890731812
2026-09-07T11:00:42.194000Z,-8.041678428649902,-3.250051259994507,-0.7986045479774475
2026-09-07T11:00:42.202000Z,-8.041678428649902,-3.250051259994507,-0.7986045479774475
2026-09-07T11:00:43.203000Z,-11.321640014648438,-3.644867181777954,-1.0163514614105225
2026-09-07T11:00:43.210000Z,-11.321640014648438,-3.644867181777954,-1.0163514614105225
2026-09-07T11:00:44.210000Z,-8.362317085266113,-3.490530014038086,-0.908674418926239
2026-09-07T11:00:44.216000Z,-8.362317085266113,-3.490530014038086,-0.908674418926239
2026-09-07T11:00:45.219000Z,-8.952147483825684,-5.042275428771973,-0.4899304509162903
2026-09-07T11:00:45.225000Z,-8.952147483825684,-5.042275428771973,-0.4899304509162903
2026-09-07T11:00:46.227000Z,-8.188239097595215,-3.642474174499512,-0.6927221417427063
2026-09-07T11:00:46.233000Z,-8.188239097595215,-3.642474174499512,-0.6927221417427063
2026-09-07T11:00:47.237000Z,-8.49152946472168,-3.2626137733459477,-1.4662020206451416
2026-09-07T11:00:47.245000Z,-8.49152946472168,-3.2626137733459477,-1.4662020206451416
2026-09-07T11:00:48.247000Z,-10.954341888427734,-1.3004990816116333,2.0404794216156006
2026-09-07T11:00:48.254000Z,-10.954341888427734,-1.3004990816116333,2.0404794216156006
2026-09-07T11:00:49.255000Z,-9.571290969848633,-2.6255247592926025,-1.456032633781433
2026-09-07T11:00:49.262000Z,-9.571290969848633,-2.6255247592926025,-1.456032633781433
2026-09-07T11:00:50.264000Z,-7.827520847320557,-4.589433670043945,1.0157532691955566
2026-09-07T11:00:50.271000Z,-7.827520847320557,-4.589433670043945,1.0157532691955566
2026-09-07T11:00:51.272000Z,-9.121439933776855,-3.370290756225586,-1.4745769500732422
2026-09-07T11:00:51.279000Z,-9.121439933776855,-3.370290756225586,-1.4745769500732422
2026-09-07T11:00:52.282000Z,-6.736992359161377,-5.907280921936035,0.5581258535385132
2026-09-07T11:00:52.286000Z,-6.736992359161377,-5.907280921936035,0.5581258535385132
2026-09-07T11:00:53.291000Z,-8.472386360168457,-4.810770034790039,1.4344971179962158
2026-09-07T11:00:53.297000Z,-8.472386360168457,-4.810770034790039,1.4344971179962158
2026-09-07T11:00:54.299000Z,-9.22433090209961,-3.680161237716675,-0.7519445419311523
2026-09-07T11:00:54.307000Z,-9.22433090209961,-3.680161237716675,-0.7519445419311523
2026-09-07T11:00:55.310000Z,-9.151350021362305,-3.537788391113281,0.4965106844902038
2026-09-07T11:00:55.317000Z,-9.151350021362305,-3.537788391113281,0.4965106844902038
2026-09-07T11:00:56.315000Z,-9.326624870300291,-4.377070903778076,-0.0873380228877067
2026-09-07T11:00:56.323000Z,-9.326624870300291,-4.377070903778076,-0.0873380228877067
2026-09-07T11:00:57.327000Z,-7.250850677490234,-4.526622295379639,0.4079762697219848
2026-09-07T11:00:57.334000Z,-7.250850677490234,-4.526622295379639,0.4079762697219848
2026-09-07T11:00:58.336000Z,-8.563912391662598,-4.475176334381104,-0.2063809484243393
2026-09-07T11:00:58.343000Z,-8.563912391662598,-4.475176334381104,-0.2063809484243393
2026-09-07T11:00:59.344000Z,-10.02592658996582,-3.963710784912109,-0.2644068896770477
2026-09-07T11:00:59.351000Z,-10.02592658996582,-3.963710784912109,-0.2644068896770477
2026-09-07T11:01:00.355000Z,-8.343772888183594,-5.340780258178711,-0.2991028428077698
2026-09-07T11:01:00.361000Z,-8.343772888183594,-5.340780258178711,-0.2991028428077698
2026-09-07T11:01:01.363000Z,-9.110074043273926,-5.410171985626221,-0.0819541737437248
2026-09-07T11:01:01.370000Z,-9.110074043273926,-5.410171985626221,-0.0819541737437248
2026-09-07T11:01:02.373000Z,-10.549955368041992,-3.51685118675232,-0.6299105882644653
2026-09-07T11:01:02.381000Z,-10.549955368041992,-3.51685118675232,-0.6299105882644653
2026-09-07T11:01:03.381000Z,-9.644869804382324,-3.814159393310547,-0.3547359704971313
2026-09-07T11:01:03.388000Z,-9.644869804382324,-3.814159393310547,-0.3547359704971313
2026-09-07T11:01:04.394000Z,-10.292726516723633,-0.0993021428585052,1.00259268283844
2026-09-07T11:01:04.400000Z,-10.292726516723633,-0.0993021428585052,1.00259268283844
2026-09-07T11:01:05.399000Z,-9.415757179260254,-3.080160856246948,-1.7772690057754517
2026-09-07T11:01:05.405000Z,-9.415757179260254,-3.080160856246948,-1.7772690057754517
2026-09-07T11:01:06.411000Z,-9.039485931396484,-4.350749969482422,0.5521438121795654
2026-09-07T11:01:06.417000Z,-9.039485931396484,-4.350749969482422,0.5521438121795654
2026-09-07T11:01:07.418000Z,-8.628518104553223,-4.166502475738525,-0.9278169870376588
2026-09-07T11:01:07.426000Z,-8.628518104553223,-4.166502475738525,-0.9278169870376588
2026-09-07T11:01:08.428000Z,-8.214560508728027,-5.334199905395508,0.2895315289497375
2026-09-07T11:01:08.435000Z,-8.214560508728027,-5.334199905395508,0.2895315289497375
2026-09-07T11:01:09.438000Z,-3.029911756515503,-1.3932210206985474,8.722436904907227
2026-09-07T11:01:09.445000Z,-3.029911756515503,-1.3932210206985474,8.722436904907227
2026-09-07T11:01:10.449000Z,1.089930772781372,5.000999450683594,6.870391845703125
2026-09-07T11:01:10.457000Z,1.089930772781372,5.000999450683594,6.870391845703125
2026-09-07T11:01:11.453000Z,-0.0711864754557609,5.563312530517578,7.389634609222412
2026-09-07T11:01:11.461000Z,-0.0711864754557609,5.563312530517578,7.389634609222412
2026-09-07T11:01:12.464000Z,-0.1016949638724327,4.359124660491943,10.10488986968994
2026-09-07T11:01:12.471000Z,-0.1016949638724327,4.359124660491943,10.10488986968994
2026-09-07T11:01:13.473000Z,-3.5132617950439453,6.555736064910889,11.086545944213867
2026-09-07T11:01:13.482000Z,-3.5132617950439453,6.555736064910889,11.086545944213867
2026-09-07T11:01:14.482000Z,-1.252044439315796,2.303091764450073,4.942973613739014
2026-09-07T11:01:14.490000Z,-1.252044439315796,2.303091764450073,4.942973613739014
2026-09-07T11:01:15.497000Z,4.169493675231934,2.894717216491699,6.120840549468994
2026-09-07T11:01:15.509000Z,4.169493675231934,2.894717216491699,6.120840549468994
2026-09-07T11:01:16.497000Z,6.781259536743164,3.1034910678863525,7.3986077308654785
2026-09-07T11:01:16.502000Z,6.781259536743164,3.1034910678863525,7.3986077308654785
2026-09-07T11:01:17.508000Z,-1.069591760635376,6.331408500671387,7.944170951843262
2026-09-07T11:01:17.532000Z,-1.069591760635376,6.331408500671387,7.944170951843262
2026-09-07T11:01:18.518000Z,0.5994020700454712,5.839085578918457,7.68395185470581
2026-09-07T11:01:18.524000Z,0.5994020700454712,5.839085578918457,7.68395185470581
2026-09-07T11:01:19.524000Z,1.8203397989273071,5.50648307800293,7.022934436798096
2026-09-07T11:01:19.530000Z,1.8203397989273071,5.50648307800293,7.022934436798096
2026-09-07T11:01:20.537000Z,-2.444268226623535,5.151747226715088,7.137789726257324
2026-09-07T11:01:20.543000Z,-2.444268226623535,5.151747226715088,7.137789726257324
2026-09-07T11:01:21.545000Z,2.0410776138305664,5.398806095123291,7.645666599273682
2026-09-07T11:01:21.554000Z,2.0410776138305664,5.398806095123291,7.645666599273682
2026-09-07T11:01:22.546000Z,-0.0299102831631898,4.980062007904053,7.597211837768555
2026-09-07T11:01:22.553000Z,-0.0299102831631898,4.980062007904053,7.597211837768555
2026-09-07T11:01:23.564000Z,1.3004990816116333,5.140979290008545,7.011568546295166
2026-09-07T11:01:23.571000Z,1.3004990816116333,5.140979290008545,7.011568546295166
2026-09-07T11:01:24.569000Z,-0.8243274092674255,6.620342254638672,8.212167739868164
2026-09-07T11:01:24.573000Z,-0.8243274092674255,6.620342254638672,8.212167739868164
2026-09-07T11:01:25.581000Z,1.4404792785644531,5.521438121795654,7.801199913024902
2026-09-07T11:01:25.590000Z,1.4404792785644531,5.521438121795654,7.801199913024902
2026-09-07T11:01:26.591000Z,0.0047856452874839,5.334797859191895,7.794021606445312
2026-09-07T11:01:26.599000Z,0.0047856452874839,5.334797859191895,7.794021606445312
2026-09-07T11:01:27.599000Z,0.836291491985321,5.398806095123291,7.452445983886719
2026-09-07T11:01:27.606000Z,0.836291491985321,5.398806095123291,7.452445983886719
2026-09-07T11:01:28.610000Z,-0.8488538265228271,4.749154567718506,8.309675216674805
2026-09-07T11:01:28.619000Z,-0.8488538265228271,4.749154567718506,8.309675216674805
2026-09-07T11:01:29.617000Z,-0.5174478888511658,5.333601474761963,8.109275817871094
2026-09-07T11:01:29.624000Z,-0.5174478888511658,5.333601474761963,8.109275817871094
2026-09-07T11:01:30.627000Z,0.9361918568611144,6.09033203125,8.076375007629395
2026-09-07T11:01:30.635000Z,0.9361918568611144,6.09033203125,8.076375007629395
2026-09-07T11:01:31.635000Z,-2.4819552898406982,6.471987247467041,6.926623344421387
2026-09-07T11:01:31.642000Z,-2.4819552898406982,6.471987247467041,6.926623344421387
2026-09-07T11:01:32.647000Z,-1.5702898502349854,7.334001541137695,7.658228874206543
2026-09-07T11:01:32.654000Z,-1.5702898502349854,7.334001541137695,7.658228874206543
2026-09-07T11:01:33.653000Z,0.0496510714292526,5.688337802886963,7.579265594482422
2026-09-07T11:01:33.659000Z,0.0496510714292526,5.688337802886963,7.579265594482422
2026-09-07T11:01:34.664000Z,0.0131605248898267,6.154339790344238,8.398209571838379
2026-09-07T11:01:34.671000Z,0.0131605248898267,6.154339790344238,8.398209571838379
2026-09-07T11:01:35.672000Z,-0.488135814666748,6.444469451904297,8.37428092956543
2026-09-07T11:01:35.681000Z,-0.488135814666748,6.444469451904297,8.37428092956543
2026-09-07T11:01:36.680000Z,-0.2811566591262817,3.842274904251098,10.26042366027832
2026-09-07T11:01:36.688000Z,-0.2811566591262817,3.842274904251098,10.26042366027832
2026-09-07T11:01:37.690000Z,1.9262222051620483,4.29033088684082,8.520841598510742
2026-09-07T11:01:37.698000Z,1.9262222051620483,4.29033088684082,8.520841598510742
2026-09-07T11:01:38.702000Z,-1.1264212131500244,5.857629776000977,6.306283950805664
2026-09-07T11:01:38.709000Z,-1.1264212131500244,5.857629776000977,6.306283950805664
2026-09-07T11:01:39.707000Z,-0.2183450609445572,6.344569206237793,8.153543472290039
2026-09-07T11:01:39.714000Z,-0.2183450609445572,6.344569206237793,8.153543472290039
2026-09-07T11:01:40.717000Z,-0.5874379873275757,6.371488571166992,7.978269100189209
2026-09-07T11:01:40.726000Z,-0.5874379873275757,6.371488571166992,7.978269100189209
2026-09-07T11:01:41.725000Z,0.706480860710144,6.63350248336792,7.526025295257568
2026-09-07T11:01:41.734000Z,0.706480860710144,6.63350248336792,7.526025295257568
2026-09-07T11:01:42.739000Z,-0.5653043389320374,5.562116146087647,5.989833354949951
2026-09-07T11:01:42.747000Z,-0.5653043389320374,5.562116146087647,5.989833354949951
2026-09-07T11:01:43.745000Z,-0.5575276613235474,5.577071189880371,7.919644832611084
2026-09-07T11:01:43.750000Z,-0.5575276613235474,5.577071189880371,7.919644832611084
2026-09-07T11:01:44.752000Z,1.3908281326293943,5.309075355529785,6.999604225158691
2026-09-07T11:01:44.760000Z,1.3908281326293943,5.309075355529785,6.999604225158691
2026-09-07T11:01:45.763000Z,-0.6095715761184692,5.486144065856934,7.993224143981934
2026-09-07T11:01:45.770000Z,-0.6095715761184692,5.486144065856934,7.993224143981934
2026-09-07T11:01:46.771000Z,0.8787640929222107,5.752943992614746,7.409973621368408
2026-09-07T11:01:46.779000Z,0.8787640929222107,5.752943992614746,7.409973621368408
2026-09-07T11:01:47.781000Z,2.255235433578491,3.937987804412842,6.7692952156066895
2026-09-07T11:01:47.787000Z,2.255235433578491,3.937987804412842,6.7692952156066895
2026-09-07T11:01:48.787000Z,-0.5084748268127441,6.015556335449219,7.134200572967529
2026-09-07T11:01:48.795000Z,-0.5084748268127441,6.015556335449219,7.134200572967529
2026-09-07T11:01:49.800000Z,1.0163514614105225,4.638486862182617,9.289535522460938
2026-09-07T11:01:49.807000Z,1.0163514614105225,4.638486862182617,9.289535522460938
2026-09-07T11:01:50.808000Z,-0.6604190468788147,6.052644729614258,8.782257080078125
2026-09-07T11:01:50.815000Z,-0.6604190468788147,6.052644729614258,8.782257080078125
2026-09-07T11:01:51.819000Z,0.3236292600631714,5.749952793121338,8.851051330566406
2026-09-07T11:01:51.827000Z,0.3236292600631714,5.749952793121338,8.851051330566406
2026-09-07T11:01:52.827000Z,-0.4600201547145843,6.897909641265869,9.476176261901855
2026-09-07T11:01:52.834000Z,-0.4600201547145843,6.897909641265869,9.476176261901855
2026-09-07T11:01:53.835000Z,-1.4524433612823486,5.376672267913818,7.602595806121826
2026-09-07T11:01:53.841000Z,-1.4524433612823486,5.376672267913818,7.602595806121826
2026-09-07T11:01:54.845000Z,1.5690934658050537,5.438287734985352,8.759525299072266
2026-09-07T11:01:54.853000Z,1.5690934658050537,5.438287734985352,8.759525299072266
2026-09-07T11:01:55.853000Z,0.0873380228877067,6.503692150115967,8.207381248474121
2026-09-07T11:01:55.859000Z,0.0873380228877067,6.503692150115967,8.207381248474121
2026-09-07T11:01:56.862000Z,-2.806781053543091,3.035893678665161,7.311867713928223
2026-09-07T11:01:56.868000Z,-2.806781053543091,3.035893678665161,7.311867713928223
2026-09-07T11:01:57.872000Z,2.2265214920043945,3.315255880355835,10.363913536071776
2026-09-07T11:01:57.878000Z,2.2265214920043945,3.315255880355835,10.363913536071776
2026-09-07T11:01:58.882000Z,-0.4917250573635101,6.212365627288818,7.423732280731201
2026-09-07T11:01:58.889000Z,-0.4917250573635101,6.212365627288818,7.423732280731201
2026-09-07T11:01:59.890000Z,0.2099701911211013,7.1856465339660645,7.0923261642456055
2026-09-07T11:01:59.897000Z,0.2099701911211013,7.1856465339660645,7.0923261642456055
2026-09-07T11:02:00.898000Z,1.1425727605819702,7.734200954437256,6.893123626708984
2026-09-07T11:02:00.905000Z,1.1425727605819702,7.734200954437256,6.893123626708984
2026-09-07T11:02:01.905000Z,-1.2137593030929563,5.356333255767822,8.659625053405762
2026-09-07T11:02:01.912000Z,-1.2137593030929563,5.356333255767822,8.659625053405762
2026-09-07T11:02:02.916000Z,-0.1728814393281936,4.817948341369629,8.088936805725098
2026-09-07T11:02:02.922000Z,-0.1728814393281936,4.817948341369629,8.088936805725098
2026-09-07T11:02:03.926000Z,0.4091726839542389,6.231508255004883,7.829315662384033
2026-09-07T11:02:03.933000Z,0.4091726839542389,6.231508255004883,7.829315662384033
2026-09-07T11:02:04.937000Z,-10.360921859741213,-3.1489546298980717,2.3880369663238525
2026-09-07T11:02:04.943000Z,-10.360921859741213,-3.1489546298980717,2.3880369663238525
2026-09-07T11:02:05.945000Z,-9.575477600097656,-4.314259052276611,0.3595215976238251
2026-09-07T11:02:05.954000Z,-9.575477600097656,-4.314259052276611,0.3595215976238251
2026-09-07T11:02:06.954000Z,-10.143773078918455,-3.7944185733795166,0.3960121572017669
2026-09-07T11:02:06.960000Z,-10.143773078918455,-3.7944185733795166,0.3960121572017669
2026-09-07T11:02:07.962000Z,-9.09392261505127,-5.101497650146484,0.7292127013206482
2026-09-07T11:02:07.968000Z,-9.09392261505127,-5.101497650146484,0.7292127013206482
2026-09-07T11:02:08.973000Z,-7.93998384475708,-4.342374801635742,0.1956132501363754
2026-09-07T11:02:08.979000Z,-7.93998384475708,-4.342374801635742,0.1956132501363754
2026-09-07T11:02:09.981000Z,-9.759127616882324,-6.525227546691895,0.735194742679596
2026-09-07T11:02:09.989000Z,-9.759127616882324,-6.525227546691895,0.735194742679596
2026-09-07T11:02:10.991000Z,-8.937192916870117,-4.523033142089844,0.1944168359041214
2026-09-07T11:02:10.997000Z,-8.937192916870117,-4.523033142089844,0.1944168359041214
2026-09-07T11:02:11.998000Z,-9.301499366760254,-3.070589542388916,-0.2213360965251922
2026-09-07T11:02:12.004000Z,-9.301499366760254,-3.070589542388916,-0.2213360965251922
2026-09-07T11:02:13.008000Z,-10.528419494628906,-5.3078789710998535,-1.246660590171814
2026-09-07T11:02:13.016000Z,-10.528419494628906,-5.3078789710998535,-1.246660590171814
2026-09-07T11:02:14.017000Z,-9.443872451782228,-4.855635166168213,0.0197407864034175
2026-09-07T11:02:14.024000Z,-9.443872451782228,-4.855635166168213,0.0197407864034175
2026-09-07T11:02:15.025000Z,-9.144171714782717,-4.211368083953857,-1.0241280794143677
2026-09-07T11:02:15.031000Z,-9.144171714782717,-4.211368083953857,-1.0241280794143677
2026-09-07T11:02:16.037000Z,-8.799605369567871,-1.1778669357299805,1.7665013074874878
2026-09-07T11:02:16.047000Z,-8.799605369567871,-1.1778669357299805,1.7665013074874878
2026-09-07T11:02:17.043000Z,-9.251849174499512,-2.222334146499634,0.1190429255366325
2026-09-07T11:02:17.049000Z,-9.251849174499512,-2.222334146499634,0.1190429255366325
2026-09-07T11:02:18.053000Z,-9.142376899719238,-0.3343969583511352,2.602792739868164
2026-09-07T11:02:18.059000Z,-9.142376899719238,-0.3343969583511352,2.602792739868164
2026-09-07T11:02:19.064000Z,-10.185050010681152,-0.0376869551837444,2.3431715965271
2026-09-07T11:02:19.070000Z,-10.185050010681152,-0.0376869551837444,2.3431715965271
2026-09-07T11:02:20.070000Z,-9.82373332977295,-1.0474581718444824,-0.0819541737437248
2026-09-07T11:02:20.076000Z,-9.82373332977295,-1.0474581718444824,-0.0819541737437248
2026-09-07T11:02:21.078000Z,-12.828520774841309,-5.091328144073486,0.3714857101440429
2026-09-07T11:02:21.085000Z,-12.828520774841309,-5.091328144073486,0.3714857101440429
2026-09-07T11:02:22.090000Z,-9.7064847946167,-3.2955150604248047,0.3254238665103912
2026-09-07T11:02:22.096000Z,-9.7064847946167,-3.2955150604248047,0.3254238665103912
2026-09-07T11:02:23.098000Z,-9.000003814697266,-4.8813581466674805,0.5539384484291077
2026-09-07T11:02:23.105000Z,-9.000003814697266,-4.8813581466674805,0.5539384484291077
2026-09-07T11:02:24.108000Z,-7.632505893707275,-3.649054527282715,-0.5180460810661316
2026-09-07T11:02:24.114000Z,-7.632505893707275,-3.649054527282715,-0.5180460810661316
2026-09-07T11:02:25.116000Z,-7.854440212249756,-3.755535125732422,1.3525429964065552
2026-09-07T11:02:25.139000Z,-7.854440212249756,-3.755535125732422,1.3525429964065552
2026-09-07T11:02:26.124000Z,-8.682954788208008,-3.183650493621826,-0.4540380835533142
2026-09-07T11:02:26.130000Z,-8.682954788208008,-3.183650493621826,-0.4540380835533142
2026-09-07T11:02:27.134000Z,-11.09073257446289,-3.925425529479981,2.8139593601226807
2026-09-07T11:02:27.140000Z,-11.09073257446289,-3.925425529479981,2.8139593601226807
2026-09-07T11:02:28.141000Z,-7.246065139770508,-4.060021877288818,1.0307083129882812
2026-09-07T11:02:28.150000Z,-7.246065139770508,-4.060021877288818,1.0307083129882812
2026-09-07T11:02:29.152000Z,-8.422736167907715,-4.813760757446289,0.0508474819362163
2026-09-07T11:02:29.159000Z,-8.422736167907715,-4.813760757446289,0.0508474819362163
2026-09-07T11:02:30.161000Z,-8.45324420928955,-4.402195453643799,3.644268989562988
2026-09-07T11:02:30.169000Z,-8.45324420928955,-4.402195453643799,3.644268989562988
2026-09-07T11:02:31.167000Z,-10.701899528503418,-4.7575297355651855,0.7459624409675598
2026-09-07T11:02:31.174000Z,-10.701899528503418,-4.7575297355651855,0.7459624409675598
2026-09-07T11:02:32.176000Z,-9.68913745880127,-4.646263599395752,-0.1579262912273407
2026-09-07T11:02:32.184000Z,-9.68913745880127,-4.646263599395752,-0.1579262912273407
2026-09-07T11:02:33.189000Z,-9.312865257263184,-3.497110366821289,-0.537188708782196
2026-09-07T11:02:33.197000Z,-9.312865257263184,-3.497110366821289,-0.537188708782196
2026-09-07T11:02:34.197000Z,-10.42612648010254,-1.8472590446472168,2.2402801513671875
2026-09-07T11:02:34.203000Z,-10.42612648010254,-1.8472590446472168,2.2402801513671875
2026-09-07T11:02:35.206000Z,-10.951351165771484,-3.351148128509521,0.9002995491027832
2026-09-07T11:02:35.214000Z,-10.951351165771484,-3.351148128509521,0.9002995491027832
2026-09-07T11:02:36.213000Z,-8.529814720153809,-0.4755735099315643,2.729612350463867
2026-09-07T11:02:36.215000Z,-8.529814720153809,-0.4755735099315643,2.729612350463867
2026-09-07T11:02:37.224000Z,-7.850851058959961,-3.5126636028289795,0.7465606927871704
2026-09-07T11:02:37.231000Z,-7.850851058959961,-3.5126636028289795,0.7465606927871704
2026-09-07T11:02:38.238000Z,-8.475378036499023,-3.440878868103028,-0.260817676782608
2026-09-07T11:02:38.245000Z,-8.475378036499023,-3.440878868103028,-0.260817676782608
2026-09-07T11:02:39.242000Z,-9.049654960632324,-3.6921253204345694,-0.4887340366840362
2026-09-07T11:02:39.249000Z,-9.049654960632324,-3.6921253204345694,-0.4887340366840362
2026-09-07T11:02:40.250000Z,-12.352947235107422,-4.878366947174072,0.7495517134666443
2026-09-07T11:02:40.258000Z,-12.352947235107422,-4.878366947174072,0.7495517134666443
2026-09-07T11:02:41.261000Z,-9.36012363433838,-4.705485820770264,-1.2658032178878784
2026-09-07T11:02:41.268000Z,-9.36012363433838,-4.705485820770264,-1.2658032178878784
2026-09-07T11:02:42.271000Z,-9.396016120910645,-5.995217323303223,-0.1980060786008834
2026-09-07T11:02:42.277000Z,-9.396016120910645,-5.995217323303223,-0.1980060786008834
2026-09-07T11:02:43.280000Z,-9.759725570678713,-3.284747362136841,0.771087110042572
2026-09-07T11:02:43.286000Z,-9.759725570678713,-3.284747362136841,0.771087110042572
2026-09-07T11:02:44.289000Z,-9.45763111114502,-3.1304101943969727,0.9493523836135864
2026-09-07T11:02:44.300000Z,-9.45763111114502,-3.1304101943969727,0.9493523836135864
2026-09-07T11:02:45.296000Z,-9.762118339538574,-3.422334671020508,-0.5730810165405273
2026-09-07T11:02:45.302000Z,-9.762118339538574,-3.422334671020508,-0.5730810165405273
2026-09-07T11:02:46.306000Z,-9.445069313049316,-4.032504558563232,0.0634097978472709
2026-09-07T11:02:46.313000Z,-9.445069313049316,-4.032504558563232,0.0634097978472709
2026-09-07T11:02:47.314000Z,-10.697711944580078,-2.441875457763672,0.5958128571510315
2026-09-07T11:02:47.321000Z,-10.697711944580078,-2.441875457763672,0.5958128571510315
2026-09-07T11:02:48.324000Z,-9.598209381103516,-3.716651678085327,0.065802626311779
2026-09-07T11:02:48.331000Z,-9.598209381103516,-3.716651678085327,0.065802626311779
2026-09-07T11:02:49.331000Z,-9.03709316253662,-2.0997018814086914,2.8277182579040527
2026-09-07T11:02:49.337000Z,-9.03709316253662,-2.0997018814086914,2.8277182579040527
2026-09-07T11:02:50.345000Z,-7.8113694190979,-2.93001127243042,2.0518453121185303
2026-09-07T11:02:50.350000Z,-7.8113694190979,-2.93001127243042,2.0518453121185303
2026-09-07T11:02:51.351000Z,-8.801998138427734,-4.0905303955078125,2.541177749633789
2026-09-07T11:02:51.358000Z,-8.801998138427734,-4.0905303955078125,2.541177749633789
2026-09-07T11:02:52.362000Z,-9.168100357055664,-3.5497524738311768,1.2538390159606934
2026-09-07T11:02:52.369000Z,-9.168100357055664,-3.5497524738311768,1.2538390159606934
2026-09-07T11:02:53.371000Z,-8.473583221435547,-5.230112075805664,1.7084753513336182
2026-09-07T11:02:53.378000Z,-8.473583221435547,-5.230112075805664,1.7084753513336182
2026-09-07T11:02:54.388000Z,-7.669594764709473,-5.499902725219727,1.954936146736145
2026-09-07T11:02:54.393000Z,-7.669594764709473,-5.499902725219727,1.954936146736145
2026-09-07T11:02:55.389000Z,-8.324629783630371,-4.456034183502197,-0.6478567123413086
2026-09-07T11:02:55.397000Z,-8.324629783630371,-4.456034183502197,-0.6478567123413086
2026-09-07T11:02:56.398000Z,-10.265209197998049,-4.796412944793701,0.0011964113218709
2026-09-07T11:02:56.404000Z,-10.265209197998049,-4.796412944793701,0.0011964113218709
2026-09-07T11:02:57.407000Z,-7.17069149017334,-5.894718647003174,2.166700839996338
2026-09-07T11:02:57.413000Z,-7.17069149017334,-5.894718647003174,2.166700839996338
2026-09-07T11:02:58.416000Z,-7.430910587310791,-4.814957141876221,-0.0705882683396339
2026-09-07T11:02:58.423000Z,-7.430910587310791,-4.814957141876221,-0.0705882683396339
2026-09-07T11:02:59.426000Z,-7.75334358215332,-5.829514026641846,2.1272194385528564
2026-09-07T11:02:59.431000Z,-7.75334358215332,-5.829514026641846,2.1272194385528564
2026-09-07T11:03:00.435000Z,-8.6907320022583,-4.7126641273498535,0.4923232495784759
2026-09-07T11:03:00.443000Z,-8.6907320022583,-4.7126641273498535,0.4923232495784759
2026-09-07T11:03:01.443000Z,-7.932805061340332,-5.943771362304688,0.7262216806411743
2026-09-07T11:03:01.450000Z,-7.932805061340332,-5.943771362304688,0.7262216806411743
2026-09-07T11:03:02.452000Z,-8.61057186126709,-3.7322051525115967,0.0215354040265083
2026-09-07T11:03:02.459000Z,-8.61057186126709,-3.7322051525115967,0.0215354040265083
2026-09-07T11:03:03.466000Z,-9.056833267211914,-4.36091947555542,1.784447431564331
2026-09-07T11:03:03.472000Z,-9.056833267211914,-4.36091947555542,1.784447431564331
2026-09-07T11:03:04.470000Z,-9.072985649108888,-4.192225456237793,0.5563312768936157
2026-09-07T11:03:04.476000Z,-9.072985649108888,-4.192225456237793,0.5563312768936157
2026-09-07T11:03:05.481000Z,-7.628318786621094,-4.506881237030029,0.8470591902732849
2026-09-07T11:03:05.490000Z,-7.628318786621094,-4.506881237030029,0.8470591902732849
2026-09-07T11:03:06.491000Z,-9.150752067565918,-4.566103935241699,0.2835494875907898
2026-09-07T11:03:06.497000Z,-9.150752067565918,-4.566103935241699,0.2835494875907898
2026-09-07T11:03:07.497000Z,-7.5702924728393555,-4.354339122772217,0.4570291340351105
2026-09-07T11:03:07.504000Z,-7.5702924728393555,-4.354339122772217,0.4570291340351105
2026-09-07T11:03:08.505000Z,-7.408178806304932,-5.066203594207764,0.8135597109794617
2026-09-07T11:03:08.511000Z,-7.408178806304932,-5.066203594207764,0.8135597109794617
2026-09-07T11:03:09.516000Z,-8.082356452941895,-4.576273441314697,-1.3525429964065552
2026-09-07T11:03:09.522000Z,-8.082356452941895,-4.576273441314697,-1.3525429964065552
2026-09-07T11:03:10.525000Z,-8.484949111938477,-4.749752998352051,0.5395814776420593
2026-09-07T11:03:10.531000Z,-8.484949111938477,-4.749752998352051,0.5395814776420593
2026-09-07T11:03:11.536000Z,-8.48734188079834,-5.170889854431152,0.711864709854126
2026-09-07T11:03:11.543000Z,-8.48734188079834,-5.170889854431152,0.711864709854126
2026-09-07T11:03:12.543000Z,-10.204790115356444,-3.503690481185913,0.0538385100662708
2026-09-07T11:03:12.550000Z,-10.204790115356444,-3.503690481185913,0.0538385100662708
2026-09-07T11:03:13.551000Z,-8.271987915039062,-6.254838466644287,-0.4941178858280182
2026-09-07T11:03:13.558000Z,-8.271987915039062,-6.254838466644287,-0.4941178858280182
2026-09-07T11:03:14.559000Z,-7.231110095977783,-6.117250919342041,1.1784651279449463
2026-09-07T11:03:14.566000Z,-7.231110095977783,-6.117250919342041,1.1784651279449463
2026-09-07T11:03:15.572000Z,-8.02492904663086,-4.564309120178223,1.296311616897583
2026-09-07T11:03:15.578000Z,-8.02492904663086,-4.564309120178223,1.296311616897583
2026-09-07T11:03:16.579000Z,-10.67079257965088,-4.151547431945801,1.6737794876098633
2026-09-07T11:03:16.586000Z,-10.67079257965088,-4.151547431945801,1.6737794876098633
2026-09-07T11:03:17.586000Z,-8.781061172485352,-4.49970293045044,-0.495912492275238
2026-09-07T11:03:17.593000Z,-8.781061172485352,-4.49970293045044,-0.495912492275238
2026-09-07T11:03:18.598000Z,-10.331011772155762,-6.737590312957764,-1.332203984260559
2026-09-07T11:03:18.617000Z,-10.331011772155762,-6.737590312957764,-1.332203984260559
2026-09-07T11:03:19.607000Z,-7.598408222198486,-5.134997367858887,0.3655036687850952
2026-09-07T11:03:19.617000Z,-7.598408222198486,-5.134997367858887,0.3655036687850952
2026-09-07T11:03:20.614000Z,-7.69531774520874,-4.788636207580566,-0.8207381963729858
2026-09-07T11:03:20.621000Z,-7.69531774520874,-4.788636207580566,-0.8207381963729858
2026-09-07T11:03:21.624000Z,-7.464410305023193,-5.935396671295166,-0.2781656384468078
2026-09-07T11:03:21.631000Z,-7.464410305023193,-5.935396671295166,-0.2781656384468078
2026-09-07T11:03:22.632000Z,-9.03290557861328,-4.914857864379883,-1.5050854682922363
2026-09-07T11:03:22.639000Z,-9.03290557861328,-4.914857864379883,-1.5050854682922363
2026-09-07T11:03:23.645000Z,-8.809176445007324,-4.247260093688965,-0.9098708033561708
2026-09-07T11:03:23.653000Z,-8.809176445007324,-4.247260093688965,-0.9098708033561708
2026-09-07T11:03:24.651000Z,-8.309675216674805,-4.95493745803833,-1.2269197702407837
2026-09-07T11:03:24.658000Z,-8.309675216674805,-4.95493745803833,-1.2269197702407837
2026-09-07T11:03:25.661000Z,-8.24267578125,-5.056034088134766,0.3451646566390991
2026-09-07T11:03:25.669000Z,-8.24267578125,-5.056034088134766,0.3451646566390991
2026-09-07T11:03:26.669000Z,-8.147561073303223,-4.517050743103027,-0.672383189201355
2026-09-07T11:03:26.676000Z,-8.147561073303223,-4.517050743103027,-0.672383189201355
2026-09-07T11:03:27.677000Z,-7.769495010375977,-6.246463298797607,0.1776670813560485
2026-09-07T11:03:27.684000Z,-7.769495010375977,-6.246463298797607,0.1776670813560485
2026-09-07T11:03:28.691000Z,-7.694719314575195,-5.850451469421387,-0.397208571434021
2026-09-07T11:03:28.699000Z,-7.694719314575195,-5.850451469421387,-0.397208571434021
2026-09-07T11:03:29.696000Z,-8.871988296508789,-5.216951370239258,-0.1519442349672317
2026-09-07T11:03:29.702000Z,-8.871988296508789,-5.216951370239258,-0.1519442349672317
2026-09-07T11:03:30.706000Z,-7.889734268188477,-5.173282623291016,-1.2652050256729126
2026-09-07T11:03:30.713000Z,-7.889734268188477,-5.173282623291016,-1.2652050256729126
2026-09-07T11:03:31.714000Z,-7.8765740394592285,-4.811367988586426,1.839482426643372
2026-09-07T11:03:31.721000Z,-7.8765740394592285,-4.811367988586426,1.839482426643372
2026-09-07T11:03:32.725000Z,-8.105088233947754,-5.427519798278809,0.7076773047447205
2026-09-07T11:03:32.731000Z,-8.105088233947754,-5.427519798278809,0.7076773047447205
2026-09-07T11:03:33.734000Z,-7.759923934936523,-6.482754707336426,1.243669509887695
2026-09-07T11:03:33.740000Z,-7.759923934936523,-6.482754707336426,1.243669509887695
2026-09-07T11:03:34.742000Z,-7.179664134979248,-5.939583778381348,-0.5000999569892883
2026-09-07T11:03:34.749000Z,-7.179664134979248,-5.939583778381348,-0.5000999569892883
2026-09-07T11:03:35.750000Z,-9.883553504943848,-5.450251579284668,-0.1854437589645385
2026-09-07T11:03:35.756000Z,-9.883553504943848,-5.450251579284668,-0.1854437589645385
2026-09-07T11:03:36.758000Z,-7.854440212249756,-5.508277893066406,0.4767699241638183
2026-09-07T11:03:36.766000Z,-7.854440212249756,-5.508277893066406,0.4767699241638183
2026-09-07T11:03:37.767000Z,-7.074379920959473,-5.822933673858643,1.7204394340515137
2026-09-07T11:03:37.775000Z,-7.074379920959473,-5.822933673858643,1.7204394340515137
2026-09-07T11:03:38.777000Z,-8.459824562072754,-4.148556232452393,-0.262014091014862
2026-09-07T11:03:38.783000Z,-8.459824562072754,-4.148556232452393,-0.262014091014862
2026-09-07T11:03:39.786000Z,-8.116454124450684,-5.533402442932129,0.5126622319221497
2026-09-07T11:03:39.793000Z,-8.116454124450684,-5.533402442932129,0.5126622319221497
2026-09-07T11:03:40.797000Z,-9.142376899719238,-4.06121826171875,-0.8039883971214294
2026-09-07T11:03:40.803000Z,-9.142376899719238,-4.06121826171875,-0.8039883971214294
2026-09-07T11:03:41.809000Z,-10.2478609085083,-4.627718925476074,1.9351953268051147
2026-09-07T11:03:41.816000Z,-10.2478609085083,-4.627718925476074,1.9351953268051147
2026-09-07T11:03:42.813000Z,-9.473783493041992,-3.360121250152588,0.6610172390937805
2026-09-07T11:03:42.819000Z,-9.473783493041992,-3.360121250152588,0.6610172390937805
2026-09-07T11:03:43.822000Z,-5.661418437957764,0.7968099117279053,5.657230854034424
2026-09-07T11:03:43.831000Z,-5.661418437957764,0.7968099117279053,5.657230854034424
2026-09-07T11:03:44.833000Z,-5.991029739379883,-0.8255237936973572,-1.072582721710205
2026-09-07T11:03:44.840000Z,-5.991029739379883,-0.8255237936973572,-1.072582721710205
2026-09-07T11:03:45.845000Z,-6.63769006729126,7.48056173324585,0.7758727669715881
2026-09-07T11:03:45.851000Z,-6.63769006729126,7.48056173324585,0.7758727669715881
2026-09-07T11:03:46.855000Z,-5.947958946228027,7.628318786621094,-0.5479564070701599
2026-09-07T11:03:46.860000Z,-5.947958946228027,7.628318786621094,-0.5479564070701599
2026-09-07T11:03:47.859000Z,-7.511668682098389,-4.763511657714844,3.1345977783203125
2026-09-07T11:03:47.866000Z,-7.511668682098389,-4.763511657714844,3.1345977783203125
2026-09-07T11:03:48.868000Z,-10.756336212158203,0.8638089895248413,5.274379253387451
2026-09-07T11:03:48.874000Z,-10.756336212158203,0.8638089895248413,5.274379253387451
2026-09-07T11:03:49.877000Z,-3.851248025894165,-1.8735800981521609,6.924230575561523
2026-09-07T11:03:49.885000Z,-3.851248025894165,-1.8735800981521609,6.924230575561523
2026-09-07T11:03:50.887000Z,2.0279171466827397,-0.0101694958284497,10.441679954528809
2026-09-07T11:03:50.894000Z,2.0279171466827397,-0.0101694958284497,10.441679954528809
2026-09-07T11:03:51.896000Z,1.770688772201538,5.394618511199951,7.777870178222656
2026-09-07T11:03:51.902000Z,1.770688772201538,5.394618511199951,7.777870178222656
2026-09-07T11:03:52.904000Z,2.606980323791504,7.787441253662109,6.754340171813965
2026-09-07T11:03:52.911000Z,2.606980323791504,7.787441253662109,6.754340171813965
2026-09-07T11:03:53.915000Z,1.552343726158142,5.542375564575195,7.93579626083374
2026-09-07T11:03:53.923000Z,1.552343726158142,5.542375564575195,7.93579626083374
2026-09-07T11:03:54.921000Z,0.0083748791366815,5.591428279876709,8.71226692199707
2026-09-07T11:03:54.928000Z,0.0083748791366815,5.591428279876709,8.71226692199707
2026-09-07T11:03:55.931000Z,1.3561322689056396,5.928217887878418,7.415955543518066
2026-09-07T11:03:55.939000Z,1.3561322689056396,5.928217887878418,7.415955543518066
2026-09-07T11:03:56.939000Z,3.0586254596710205,5.9784674644470215,7.825128078460693
2026-09-07T11:03:56.948000Z,3.0586254596710205,5.9784674644470215,7.825128078460693
2026-09-07T11:03:57.950000Z,-1.2550355195999146,5.385047435760498,8.306683540344238
2026-09-07T11:03:57.958000Z,-1.2550355195999146,5.385047435760498,8.306683540344238
2026-09-07T11:03:58.959000Z,1.9722840785980225,5.92223596572876,8.00100040435791
2026-09-07T11:03:58.966000Z,1.9722840785980225,5.92223596572876,8.00100040435791
2026-09-07T11:03:59.970000Z,0.0711864754557609,5.276174068450928,8.754141807556152
2026-09-07T11:03:59.978000Z,0.0711864754557609,5.276174068450928,8.754141807556152
2026-09-07T11:04:00.977000Z,2.546561479568481,4.941776752471924,7.475776195526123
2026-09-07T11:04:00.984000Z,2.546561479568481,4.941776752471924,7.475776195526123
2026-09-07T11:04:01.985000Z,1.3920245170593262,4.76829719543457,8.520243644714355
2026-09-07T11:04:01.993000Z,1.3920245170593262,4.76829719543457,8.520243644714355
2026-09-07T11:04:02.994000Z,2.695514678955078,4.84606409072876,9.166903495788574
2026-09-07T11:04:03.003000Z,2.695514678955078,4.84606409072876,9.166903495788574
2026-09-07T11:04:04.003000Z,0.4085744619369507,5.227719306945801,8.067401885986328
2026-09-07T11:04:04.011000Z,0.4085744619369507,5.227719306945801,8.067401885986328
2026-09-07T11:04:05.011000Z,1.036690354347229,4.533202648162842,8.784051895141602
2026-09-07T11:04:05.021000Z,1.036690354347229,4.533202648162842,8.784051895141602
2026-09-07T11:04:06.026000Z,4.560719966888428,4.716253280639648,8.029714584350586
2026-09-07T11:04:06.037000Z,4.560719966888428,4.716253280639648,8.029714584350586
2026-09-07T11:04:07.033000Z,5.938985824584961,4.597808837890625,8.45743179321289
2026-09-07T11:04:07.042000Z,5.938985824584961,4.597808837890625,8.45743179321289
2026-09-07T11:04:08.039000Z,0.7100701332092285,5.949155330657959,7.2089762687683105
2026-09-07T11:04:08.049000Z,0.7100701332092285,5.949155330657959,7.2089762687683105
2026-09-07T11:04:09.048000Z,1.9112670421600344,4.817948341369629,8.425726890563965
2026-09-07T11:04:09.056000Z,1.9112670421600344,4.817948341369629,8.425726890563965
2026-09-07T11:04:10.057000Z,0.3188436031341553,5.660820007324219,10.879566192626951
2026-09-07T11:04:10.065000Z,0.3188436031341553,5.660820007324219,10.879566192626951
2026-09-07T11:04:11.065000Z,0.9308080077171326,4.965106964111328,7.6737823486328125
2026-09-07T11:04:11.073000Z,0.9308080077171326,4.965106964111328,7.6737823486328125
2026-09-07T11:04:12.094000Z,-0.9020941257476808,1.7599210739135742,12.391830444335938
2026-09-07T11:04:12.096000Z,-0.9020941257476808,1.7599210739135742,12.391830444335938
2026-09-07T11:04:13.088000Z,0.2829512655735016,2.3150558471679688,8.919246673583984
2026-09-07T11:04:13.095000Z,0.2829512655735016,2.3150558471679688,8.919246673583984
2026-09-07T11:04:14.103000Z,1.4883357286453247,2.9629125595092773,9.900303840637209
2026-09-07T11:04:14.110000Z,1.4883357286453247,2.9629125595092773,9.900303840637209
2026-09-07T11:04:15.104000Z,0.7208378314971924,2.921038150787353,9.40797996520996
2026-09-07T11:04:15.108000Z,0.7208378314971924,2.921038150787353,9.40797996520996
2026-09-07T11:04:16.110000Z,2.466402053833008,5.359922885894775,8.200202941894531
2026-09-07T11:04:16.118000Z,2.466402053833008,5.359922885894775,8.200202941894531
2026-09-07T11:04:17.119000Z,0.9182456731796264,6.623332977294922,6.620940208435059
2026-09-07T11:04:17.128000Z,0.9182456731796264,6.623332977294922,6.620940208435059
2026-09-07T11:04:18.129000Z,1.9202401638031008,8.13380241394043,6.333801746368408
2026-09-07T11:04:18.136000Z,1.9202401638031008,8.13380241394043,6.333801746368408
2026-09-07T11:04:19.139000Z,-2.71645188331604,7.555935859680176,5.883352756500244
2026-09-07T11:04:19.146000Z,-2.71645188331604,7.555935859680176,5.883352756500244
2026-09-07T11:04:20.146000Z,0.5018945336341858,5.361717224121094,7.840083599090576
2026-09-07T11:04:20.154000Z,0.5018945336341858,5.361717224121094,7.840083599090576
2026-09-07T11:04:21.157000Z,-0.9361918568611144,5.911468505859375,7.75753116607666
2026-09-07T11:04:21.165000Z,-0.9361918568611144,5.911468505859375,7.75753116607666
2026-09-07T11:04:22.165000Z,3.899104595184326,5.014758110046387,7.734200954437256
2026-09-07T11:04:22.174000Z,3.899104595184326,5.014758110046387,7.734200954437256
2026-09-07T11:04:23.175000Z,-0.1956132501363754,5.400600910186768,7.221538543701172
2026-09-07T11:04:23.186000Z,-0.1956132501363754,5.400600910186768,7.221538543701172
2026-09-07T11:04:24.184000Z,-0.503689169883728,5.947360515594482,8.099106788635254
2026-09-07T11:04:24.193000Z,-0.503689169883728,5.947360515594482,8.099106788635254
2026-09-07T11:04:25.192000Z,-0.0735792964696884,6.482754707336426,7.218547821044922
2026-09-07T11:04:25.215000Z,-0.0735792964696884,6.482754707336426,7.218547821044922
2026-09-07T11:04:26.201000Z,-0.7914260625839233,4.450650215148926,7.130611419677734
2026-09-07T11:04:26.209000Z,-0.7914260625839233,4.450650215148926,7.130611419677734
2026-09-07T11:04:27.209000Z,1.1096714735031128,3.882952928543091,8.786444664001465
2026-09-07T11:04:27.217000Z,1.1096714735031128,3.882952928543091,8.786444664001465
2026-09-07T11:04:28.220000Z,-0.7519445419311523,2.7762725353240967,9.103493690490724
2026-09-07T11:04:28.230000Z,-0.7519445419311523,2.7762725353240967,9.103493690490724
2026-09-07T11:04:29.227000Z,1.624128341674805,1.6660027503967283,7.724629878997803
2026-09-07T11:04:29.234000Z,1.624128341674805,1.6660027503967283,7.724629878997803
2026-09-07T11:04:30.234000Z,-7.276573657989502,-4.2556352615356445,6.524031162261963
2026-09-07T11:04:30.244000Z,-7.276573657989502,-4.2556352615356445,6.524031162261963
2026-09-07T11:04:31.244000Z,-5.57587480545044,-5.521438121795654,3.3026933670043945
2026-09-07T11:04:31.256000Z,-5.57587480545044,-5.521438121795654,3.3026933670043945
2026-09-07T11:04:32.253000Z,-7.823931694030762,-5.130809783935547,0.1710868179798126
2026-09-07T11:04:32.260000Z,-7.823931694030762,-5.130809783935547,0.1710868179798126
2026-09-07T11:04:33.265000Z,-7.921439170837402,-6.436094760894775,0.7519445419311523
2026-09-07T11:04:33.272000Z,-7.921439170837402,-6.436094760894775,0.7519445419311523
2026-09-07T11:04:34.271000Z,-7.339385032653809,-5.067399978637695,-0.0915254652500152
2026-09-07T11:04:34.279000Z,-7.339385032653809,-5.067399978637695,-0.0915254652500152
2026-09-07T11:04:35.279000Z,-8.164909362792969,-4.43330192565918,0.0891326442360878
2026-09-07T11:04:35.286000Z,-8.164909362792969,-4.43330192565918,0.0891326442360878
2026-09-07T11:04:36.287000Z,-8.432307243347168,-5.219344615936279,2.0207388401031494
2026-09-07T11:04:36.295000Z,-8.432307243347168,-5.219344615936279,2.0207388401031494
2026-09-07T11:04:37.296000Z,-7.417750358581543,-3.617947816848755,1.6079767942428589
2026-09-07T11:04:37.304000Z,-7.417750358581543,-3.617947816848755,1.6079767942428589
2026-09-07T11:04:38.305000Z,-9.206384658813477,-1.816750645637512,4.661218643188477
2026-09-07T11:04:38.313000Z,-9.206384658813477,-1.816750645637512,4.661218643188477
2026-09-07T11:04:39.317000Z,-10.173684120178224,-5.774479389190674,2.5178475379943848
2026-09-07T11:04:39.324000Z,-10.173684120178224,-5.774479389190674,2.5178475379943848
2026-09-07T11:04:40.323000Z,-8.120641708374023,-3.9840497970581055,3.4612178802490234
2026-09-07T11:04:40.332000Z,-8.120641708374023,-3.9840497970581055,3.4612178802490234
2026-09-07T11:04:41.333000Z,-10.966904640197754,-1.8807586431503296,1.0097711086273191
2026-09-07T11:04:41.341000Z,-10.966904640197754,-1.8807586431503296,1.0097711086273191
2026-09-07T11:04:42.342000Z,-9.385248184204102,-0.5341976284980774,3.0580272674560547
2026-09-07T11:04:42.350000Z,-9.385248184204102,-0.5341976284980774,3.0580272674560547
2026-09-07T11:04:43.352000Z,-7.992625713348389,1.862214207649231,0.7758727669715881
2026-09-07T11:04:43.358000Z,-7.992625713348389,1.862214207649231,0.7758727669715881
2026-09-07T11:04:44.361000Z,-9.134002685546877,-0.6999006271362305,3.384049415588379
2026-09-07T11:04:44.370000Z,-9.134002685546877,-0.6999006271362305,3.384049415588379
2026-09-07T11:04:45.370000Z,-9.206384658813477,-0.900897741317749,1.624128341674805
2026-09-07T11:04:45.377000Z,-9.206384658813477,-0.900897741317749,1.624128341674805
2026-09-07T11:04:46.377000Z,-9.803394317626951,-1.2795618772506714,0.4923232495784759
2026-09-07T11:04:46.386000Z,-9.803394317626951,-1.2795618772506714,0.4923232495784759
2026-09-07T11:04:47.386000Z,-8.304888725280762,-2.16071891784668,1.8616160154342647
2026-09-07T11:04:47.411000Z,-8.304888725280762,-2.16071891784668,1.8616160154342647
2026-09-07T11:04:48.397000Z,-9.19980525970459,-3.0245277881622314,0.4211367964744568
2026-09-07T11:04:48.406000Z,-9.19980525970459,-3.0245277881622314,0.4211367964744568
2026-09-07T11:04:49.403000Z,-7.547560691833496,-3.7507495880126953,0.3888336718082428
2026-09-07T11:04:49.410000Z,-7.547560691833496,-3.7507495880126953,0.3888336718082428
2026-09-07T11:04:50.412000Z,-8.94975471496582,-3.20279312133789,-0.4743770956993103
2026-09-07T11:04:50.420000Z,-8.94975471496582,-3.20279312133789,-0.4743770956993103
2026-09-07T11:04:51.424000Z,-10.448858261108398,-1.7569299936294556,1.8047864437103271
2026-09-07T11:04:51.431000Z,-10.448858261108398,-1.7569299936294556,1.8047864437103271
2026-09-07T11:04:52.431000Z,-10.401599884033203,-2.0883359909057617,1.1856436729431152
2026-09-07T11:04:52.438000Z,-10.401599884033203,-2.0883359909057617,1.1856436729431152
2026-09-07T11:04:53.439000Z,-10.575677871704102,-2.338385820388794,-0.7459624409675598
2026-09-07T11:04:53.447000Z,-10.575677871704102,-2.338385820388794,-0.7459624409675598
2026-09-07T11:04:54.447000Z,-11.526226997375488,-2.11405873298645,0.2548356056213379
2026-09-07T11:04:54.455000Z,-11.526226997375488,-2.11405873298645,0.2548356056213379
2026-09-07T11:04:55.460000Z,-9.224929809570312,0.3535395562648773,1.922034740447998
2026-09-07T11:04:55.466000Z,-9.224929809570312,0.3535395562648773,1.922034740447998
2026-09-07T11:04:56.466000Z,-9.18305492401123,1.3986048698425293,2.528017044067383
2026-09-07T11:04:56.475000Z,-9.18305492401123,1.3986048698425293,2.528017044067383
2026-09-07T11:04:57.475000Z,-9.320642471313477,0.0831505879759788,2.92163634300232
2026-09-07T11:04:57.482000Z,-9.320642471313477,0.0831505879759788,2.92163634300232
2026-09-07T11:04:58.485000Z,-9.32183837890625,0.131007045507431,1.1874382495880127
2026-09-07T11:04:58.493000Z,-9.32183837890625,0.131007045507431,1.1874382495880127
2026-09-07T11:04:59.494000Z,-9.27757167816162,-1.3615161180496216,-0.5497509837150574
2026-09-07T11:04:59.501000Z,-9.27757167816162,-1.3615161180496216,-0.5497509837150574
2026-09-07T11:05:00.503000Z,-9.231510162353516,-2.978466033935547,3.266202926635742
2026-09-07T11:05:00.511000Z,-9.231510162353516,-2.978466033935547,3.266202926635742
2026-09-07T11:05:01.511000Z,-11.277373313903809,-3.360121250152588,1.2011969089508057
2026-09-07T11:05:01.519000Z,-11.277373313903809,-3.360121250152588,1.2011969089508057
2026-09-07T11:05:02.520000Z,-10.823334693908691,-1.368694543838501,0.5868397355079651
2026-09-07T11:05:02.527000Z,-10.823334693908691,-1.368694543838501,0.5868397355079651
2026-09-07T11:05:03.531000Z,-10.83290672302246,-2.0333011150360107,0.9535398483276368
2026-09-07T11:05:03.538000Z,-10.83290672302246,-2.0333011150360107,0.9535398483276368
2026-09-07T11:05:04.539000Z,-8.24147891998291,-3.065205812454224,1.8472590446472168
2026-09-07T11:05:04.547000Z,-8.24147891998291,-3.065205812454224,1.8472590446472168
2026-09-07T11:05:05.549000Z,-7.847261905670166,-4.872385025024414,1.8741782903671265
2026-09-07T11:05:05.556000Z,-7.847261905670166,-4.872385025024414,1.8741782903671265
2026-09-07T11:05:06.557000Z,-8.644071578979492,-3.280559778213501,0.5784648656845093
2026-09-07T11:05:06.566000Z,-8.644071578979492,-3.280559778213501,0.5784648656845093
2026-09-07T11:05:07.564000Z,-7.625327587127685,-4.872983455657959,3.1615169048309326
2026-09-07T11:05:07.571000Z,-7.625327587127685,-4.872983455657959,3.1615169048309326
2026-09-07T11:05:08.574000Z,-13.823934555053713,-1.4662020206451416,2.2612173557281494
2026-09-07T11:05:08.582000Z,-13.823934555053713,-1.4662020206451416,2.2612173557281494
2026-09-07T11:05:09.582000Z,-4.925625324249268,3.796213150024414,5.729613780975342
2026-09-07T11:05:09.590000Z,-4.925625324249268,3.796213150024414,5.729613780975342
2026-09-07T11:05:10.589000Z,-4.114458560943604,-0.8967102766036987,9.11964511871338
2026-09-07T11:05:10.594000Z,-4.114458560943604,-0.8967102766036987,9.11964511871338
2026-09-07T11:05:11.601000Z,-5.032105922698975,0.1848455518484115,8.587242126464844
2026-09-07T11:05:11.608000Z,-5.032105922698975,0.1848455518484115,8.587242126464844
2026-09-07T11:05:12.609000Z,-4.450650215148926,0.7256234884262085,9.66939640045166
2026-09-07T11:05:12.616000Z,-4.450650215148926,0.7256234884262085,9.66939640045166
2026-09-07T11:05:13.619000Z,-4.073780536651611,-0.7872386574745178,8.878568649291992
2026-09-07T11:05:13.626000Z,-4.073780536651611,-0.7872386574745178,8.878568649291992
2026-09-07T11:05:14.630000Z,-3.67657208442688,-0.981655478477478,8.954540252685547
2026-09-07T11:05:14.639000Z,-3.67657208442688,-0.981655478477478,8.954540252685547
2026-09-07T11:05:15.637000Z,-3.7770705223083496,-0.6472585201263428,8.999405860900879
2026-09-07T11:05:15.644000Z,-3.7770705223083496,-0.6472585201263428,8.999405860900879
2026-09-07T11:05:16.647000Z,-4.531407833099365,0.0861416161060333,8.565707206726074
2026-09-07T11:05:16.654000Z,-4.531407833099365,0.0861416161060333,8.565707206726074
2026-09-07T11:05:17.658000Z,-2.026720762252808,5.85703182220459,8.484949111938477
2026-09-07T11:05:17.664000Z,-2.026720762252808,5.85703182220459,8.484949111938477
2026-09-07T11:05:18.666000Z,0.5641079545021057,5.2145586013793945,6.21774959564209
2026-09-07T11:05:18.673000Z,0.5641079545021057,5.2145586013793945,6.21774959564209
2026-09-07T11:05:19.675000Z,-1.591825246810913,5.351547718048096,8.482556343078613
2026-09-07T11:05:19.683000Z,-1.591825246810913,5.351547718048096,8.482556343078613
2026-09-07T11:05:20.684000Z,2.4574289321899414,5.402993679046631,6.135795593261719
2026-09-07T11:05:20.707000Z,2.4574289321899414,5.402993679046631,6.135795593261719
2026-09-07T11:05:21.694000Z,-0.0723828822374343,6.556334018707275,7.850253105163574
2026-09-07T11:05:21.700000Z,-0.0723828822374343,6.556334018707275,7.850253105163574
2026-09-07T11:05:22.704000Z,2.2259232997894287,5.670989513397217,6.45523738861084
2026-09-07T11:05:22.711000Z,2.2259232997894287,5.670989513397217,6.45523738861084
2026-09-07T11:05:23.712000Z,2.2432711124420166,-0.4253242313861847,13.676177978515623
2026-09-07T11:05:23.718000Z,2.2432711124420166,-0.4253242313861847,13.676177978515623
2026-09-07T11:05:24.720000Z,-0.349352091550827,3.996612071990967,6.481558322906494
2026-09-07T11:05:24.726000Z,-0.349352091550827,3.996612071990967,6.481558322906494
2026-09-07T11:05:25.725000Z,-1.689931035041809,7.269395351409912,6.39721155166626
2026-09-07T11:05:25.726000Z,-1.689931035041809,7.269395351409912,6.39721155166626
2026-09-07T11:05:26.720000Z,1.2562319040298462,7.089335441589356,6.580262184143066
2026-09-07T11:05:26.721000Z,1.2562319040298462,7.089335441589356,6.580262184143066
2026-09-07T11:05:27.728000Z,0.3218346536159515,7.641479015350342,3.0933215618133545
2026-09-07T11:05:28.736000Z,1.0929217338562012,6.588038921356201,7.415955543518066
2026-09-07T11:05:28.737000Z,1.0929217338562012,6.588038921356201,7.415955543518066
2026-09-07T11:05:29.759000Z,0.0161515530198812,6.5419769287109375,7.581658363342285
2026-09-07T11:05:29.760000Z,0.0161515530198812,6.5419769287109375,7.581658363342285
2026-09-07T11:05:30.764000Z,1.1330015659332275,7.203592777252197,6.666403770446777
2026-09-07T11:05:30.765000Z,1.1330015659332275,7.203592777252197,6.666403770446777
2026-09-07T11:05:31.769000Z,-0.6323033571243286,6.772884368896484,7.16231632232666
2026-09-07T11:05:31.770000Z,-0.6323033571243286,6.772884368896484,7.16231632232666
2026-09-07T11:05:32.773000Z,1.7880367040634155,5.430510997772217,8.616554260253906
2026-09-07T11:05:32.774000Z,1.7880367040634155,5.430510997772217,8.616554260253906
2026-09-07T11:05:33.781000Z,-0.4223332107067108,6.396613121032715,7.6390862464904785
2026-09-07T11:05:33.790000Z,-0.4223332107067108,6.396613121032715,7.6390862464904785
2026-09-07T11:05:34.791000Z,0.47796630859375,6.4666032791137695,7.502695560455322
2026-09-07T11:05:34.792000Z,0.47796630859375,6.4666032791137695,7.502695560455322
2026-09-07T11:05:35.802000Z,-1.326221942901611,7.2089762687683105,6.510272026062012
2026-09-07T11:05:35.807000Z,-1.326221942901611,7.2089762687683105,6.510272026062012
2026-09-07T11:05:36.812000Z,0.5198407173156738,7.013961315155029,6.4085774421691895
2026-09-07T11:05:36.819000Z,0.5198407173156738,7.013961315155029,6.4085774421691895
2026-09-07T11:05:37.822000Z,-3.2931220531463623,6.677769660949707,7.430312633514404
2026-09-07T11:05:37.830000Z,-3.2931220531463623,6.677769660949707,7.430312633514404
2026-09-07T11:05:38.827000Z,1.5469598770141602,6.759724140167236,8.598010063171387
2026-09-07T11:05:38.828000Z,1.5469598770141602,6.759724140167236,8.598010063171387
2026-09-07T11:05:39.835000Z,-0.246460735797882,6.829713821411133,6.592824459075928
2026-09-07T11:05:39.836000Z,-0.246460735797882,6.829713821411133,6.592824459075928
2026-09-07T11:05:40.847000Z,-0.2009970992803573,6.911668300628662,6.908079147338867
2026-09-07T11:05:40.856000Z,-0.2009970992803573,6.911668300628662,6.908079147338867
2026-09-07T11:05:41.853000Z,1.007378339767456,6.335596084594727,6.398407936096191
2026-09-07T11:05:41.854000Z,1.007378339767456,6.335596084594727,6.398407936096191
2026-09-07T11:05:42.865000Z,0.4043870270252228,7.244270324707031,6.909275531768799
2026-09-07T11:05:42.871000Z,0.4043870270252228,7.244270324707031,6.909275531768799
2026-09-07T11:05:43.870000Z,0.0735792964696884,7.328617572784424,6.786045074462891
2026-09-07T11:05:43.871000Z,0.0735792964696884,7.328617572784424,6.786045074462891
2026-09-07T11:05:44.882000Z,0.6634100675582886,7.738986492156982,7.18504810333252
2026-09-07T11:05:44.884000Z,0.6634100675582886,7.738986492156982,7.18504810333252
2026-09-07T11:05:45.889000Z,-0.0317048989236354,7.069594383239746,6.679564476013184
2026-09-07T11:05:45.890000Z,-0.0317048989236354,7.069594383239746,6.679564476013184
2026-09-07T11:05:46.900000Z,1.9471594095230105,6.234499454498291,6.86680269241333
2026-09-07T11:05:46.903000Z,1.9471594095230105,6.234499454498291,6.86680269241333
2026-09-07T11:05:47.906000Z,0.2901297509670257,6.780661106109619,7.408178806304932
2026-09-07T11:05:47.907000Z,0.2901297509670257,6.780661106109619,7.408178806304932
2026-09-07T11:05:48.919000Z,1.5355939865112305,5.873781204223633,6.725028038024902
2026-09-07T11:05:48.926000Z,1.5355939865112305,5.873781204223633,6.725028038024902
2026-09-07T11:05:49.928000Z,0.597607433795929,5.962316036224365,6.955337047576904
2026-09-07T11:05:49.936000Z,0.597607433795929,5.962316036224365,6.955337047576904
2026-09-07T11:05:50.939000Z,2.223530530929565,6.417550563812256,6.876972198486328
2026-09-07T11:05:50.946000Z,2.223530530929565,6.417550563812256,6.876972198486328
2026-09-07T11:05:51.947000Z,-1.3914263248443604,6.68435001373291,7.713263988494873
2026-09-07T11:05:51.953000Z,-1.3914263248443604,6.68435001373291,7.713263988494873
2026-09-07T11:05:52.954000Z,0.8835497498512268,7.381259441375732,5.60099983215332
2026-09-07T11:05:52.960000Z,0.8835497498512268,7.381259441375732,5.60099983215332
2026-09-07T11:05:53.962000Z,0.1944168359041214,7.453044414520264,4.814957141876221
2026-09-07T11:05:53.965000Z,0.1944168359041214,7.453044414520264,4.814957141876221
2026-09-07T11:05:54.969000Z,1.1353943347930908,7.3986077308654785,6.533602237701416
2026-09-07T11:05:54.970000Z,1.1353943347930908,7.3986077308654785,6.533602237701416
2026-09-07T11:05:55.979000Z,0.0017946169245988,7.256234645843506,6.720242500305176
2026-09-07T11:05:55.980000Z,0.0017946169245988,7.256234645843506,6.720242500305176
2026-09-07T11:05:56.994000Z,0.9655039310455322,7.055237770080566,7.237690448760986
2026-09-07T11:05:56.995000Z,0.9655039310455322,7.055237770080566,7.237690448760986
2026-09-07T11:05:57.999000Z,-0.0634097978472709,7.250252723693848,6.380461692810059
2026-09-07T11:05:58.006000Z,-0.0634097978472709,7.250252723693848,6.380461692810059
2026-09-07T11:05:59.011000Z,-0.5318048596382141,7.912466049194336,5.892325878143311
2026-09-07T11:05:59.019000Z,-0.5318048596382141,7.912466049194336,5.892325878143311
2026-09-07T11:06:00.019000Z,0.2590230405330658,7.616354465484619,6.738188743591309
2026-09-07T11:06:00.026000Z,0.2590230405330658,7.616354465484619,6.738188743591309
2026-09-07T11:06:01.027000Z,-1.0564311742782593,7.676175117492676,5.894120216369629
2026-09-07T11:06:01.033000Z,-1.0564311742782593,7.676175117492676,5.894120216369629
2026-09-07T11:06:02.035000Z,1.1395817995071411,6.811169624328613,6.894320011138916
2026-09-07T11:06:02.042000Z,1.1395817995071411,6.811169624328613,6.894320011138916
2026-09-07T11:06:03.045000Z,-0.6765705943107605,7.720442295074463,5.68474817276001
2026-09-07T11:06:03.051000Z,-0.6765705943107605,7.720442295074463,5.68474817276001
2026-09-07T11:06:04.053000Z,1.940579175949097,7.136593341827393,5.831308841705322
2026-09-07T11:06:04.057000Z,1.940579175949097,7.136593341827393,5.831308841705322
2026-09-07T11:06:05.063000Z,-0.1639083474874496,7.944170951843262,6.516852378845215
2026-09-07T11:06:05.070000Z,-0.1639083474874496,7.944170951843262,6.516852378845215
2026-09-07T11:06:06.073000Z,-0.5006981492042542,7.827520847320557,6.17108964920044
2026-09-07T11:06:06.079000Z,-0.5006981492042542,7.827520847320557,6.17108964920044
2026-09-07T11:06:07.081000Z,0.3996013700962066,7.755138397216797,6.496513366699219
2026-09-07T11:06:07.088000Z,0.3996013700962066,7.755138397216797,6.496513366699219
2026-09-07T11:06:08.089000Z,-1.2634103298187256,7.545766353607178,5.690730571746826
2026-09-07T11:06:08.095000Z,-1.2634103298187256,7.545766353607178,5.690730571746826
2026-09-07T11:06:09.099000Z,0.0376869551837444,7.3645100593566895,5.966503143310547
2026-09-07T11:06:09.123000Z,0.0376869551837444,7.3645100593566895,5.966503143310547
2026-09-07T11:06:10.108000Z,-1.311864972114563,6.304489612579346,6.926623344421387
2026-09-07T11:06:10.115000Z,-1.311864972114563,6.304489612579346,6.926623344421387
2026-09-07T11:06:11.117000Z,0.9541380405426024,6.564708709716797,6.376274108886719
2026-09-07T11:06:11.123000Z,0.9541380405426024,6.564708709716797,6.376274108886719
2026-09-07T11:06:12.126000Z,0.3367897868156433,6.081358909606934,7.133004188537598
2026-09-07T11:06:12.133000Z,0.3367897868156433,6.081358909606934,7.133004188537598
2026-09-07T11:06:13.135000Z,-1.0474581718444824,6.685546398162842,7.758727550506592
2026-09-07T11:06:13.141000Z,-1.0474581718444824,6.685546398162842,7.758727550506592
2026-09-07T11:06:14.147000Z,0.3984049558639526,7.515257835388184,6.340980052947998
2026-09-07T11:06:14.154000Z,0.3984049558639526,7.515257835388184,6.340980052947998
2026-09-07T11:06:15.154000Z,-2.255833625793457,7.665407180786133,5.198407173156738
2026-09-07T11:06:15.159000Z,-2.255833625793457,7.665407180786133,5.198407173156738
2026-09-07T11:06:16.166000Z,-0.0526420995593071,7.360920429229736,6.5419769287109375
2026-09-07T11:06:16.173000Z,-0.0526420995593071,7.360920429229736,6.5419769287109375
2026-09-07T11:06:17.168000Z,-0.3643072545528412,7.189833641052246,7.422535896301269
2026-09-07T11:06:17.169000Z,-0.3643072545528412,7.189833641052246,7.422535896301269
2026-09-07T11:06:18.181000Z,-0.1543370634317398,7.53559684753418,7.494320392608643
2026-09-07T11:06:18.187000Z,-0.1543370634317398,7.53559684753418,7.494320392608643
2026-09-07T11:06:19.189000Z,-2.0231316089630127,7.545766353607178,6.58265495300293
2026-09-07T11:06:19.196000Z,-2.0231316089630127,7.545766353607178,6.58265495300293
2026-09-07T11:06:20.197000Z,-0.0759721174836158,6.711867332458496,5.380859851837158
2026-09-07T11:06:20.198000Z,-0.0759721174836158,6.711867332458496,5.380859851837158
2026-09-07T11:06:21.207000Z,1.82273268699646,5.826523303985596,8.380861282348633
2026-09-07T11:06:21.215000Z,1.82273268699646,5.826523303985596,8.380861282348633
2026-09-07T11:06:22.219000Z,0.5904290080070496,5.624329566955566,7.687541007995605
2026-09-07T11:06:22.227000Z,0.5904290080070496,5.624329566955566,7.687541007995605
2026-09-07T11:06:23.228000Z,-1.2735798358917236,6.153741836547852,5.845067501068115
2026-09-07T11:06:23.235000Z,-1.2735798358917236,6.153741836547852,5.845067501068115
2026-09-07T11:06:24.235000Z,-0.2859423160552978,6.284748554229736,6.939185619354248
2026-09-07T11:06:24.242000Z,-0.2859423160552978,6.284748554229736,6.939185619354248
2026-09-07T11:06:25.246000Z,-0.0466600432991981,7.081558704376221,7.704290866851807
2026-09-07T11:06:25.251000Z,-0.0466600432991981,7.081558704376221,7.704290866851807
2026-09-07T11:06:26.253000Z,-0.5623133182525635,7.211369037628174,6.61914587020874
2026-09-07T11:06:26.259000Z,-0.5623133182525635,7.211369037628174,6.61914587020874
2026-09-07T11:06:27.262000Z,-0.8859425783157349,5.539982795715332,8.541778564453125
2026-09-07T11:06:27.267000Z,-0.8859425783157349,5.539982795715332,8.541778564453125
2026-09-07T11:06:28.293000Z,-1.542174220085144,5.4765729904174805,7.200601577758789
2026-09-07T11:06:28.295000Z,-1.542174220085144,5.4765729904174805,7.200601577758789
2026-09-07T11:06:29.281000Z,0.7339983582496643,4.968098163604736,9.18843936920166
2026-09-07T11:06:29.287000Z,0.7339983582496643,4.968098163604736,9.18843936920166
2026-09-07T11:06:30.293000Z,-1.1120643615722656,6.38584566116333,8.49571704864502
2026-09-07T11:06:30.299000Z,-1.1120643615722656,6.38584566116333,8.49571704864502
2026-09-07T11:06:31.299000Z,0.8584251403808594,5.359324455261231,6.629913330078125
2026-09-07T11:06:31.304000Z,0.8584251403808594,5.359324455261231,6.629913330078125
2026-09-07T11:06:32.307000Z,-0.844068169593811,5.737988471984863,7.346563816070557
2026-09-07T11:06:32.313000Z,-0.844068169593811,5.737988471984863,7.346563816070557
2026-09-07T11:06:33.314000Z,1.3202399015426636,5.642275810241699,8.166105270385742
2026-09-07T11:06:33.320000Z,1.3202399015426636,5.642275810241699,8.166105270385742
2026-09-07T11:06:34.325000Z,-0.4648058116436004,3.805186271667481,8.888139724731445
2026-09-07T11:06:34.331000Z,-0.4648058116436004,3.805186271667481,8.888139724731445
2026-09-07T11:06:35.333000Z,2.8354947566986084,2.372483730316162,11.008180618286133
2026-09-07T11:06:35.340000Z,2.8354947566986084,2.372483730316162,11.008180618286133
2026-09-07T11:06:36.342000Z,0.8159525394439697,3.9463627338409424,8.02074146270752
2026-09-07T11:06:36.349000Z,0.8159525394439697,3.9463627338409424,8.02074146270752
2026-09-07T11:06:37.354000Z,0.7597211599349976,3.5084762573242188,9.10827922821045
2026-09-07T11:06:37.360000Z,0.7597211599349976,3.5084762573242188,9.10827922821045
2026-09-07T11:06:38.361000Z,0.7645068168640137,3.503690481185913,9.10409164428711
2026-09-07T11:06:38.368000Z,0.7645068168640137,3.503690481185913,9.10409164428711
2026-09-07T11:06:39.370000Z,0.8374879360198975,3.518645763397217,9.256035804748535
2026-09-07T11:06:39.378000Z,0.8374879360198975,3.518645763397217,9.256035804748535
2026-09-07T11:06:40.379000Z,0.7884350419044495,3.5084762573242188,9.103493690490724
2026-09-07T11:06:40.385000Z,0.7884350419044495,3.5084762573242188,9.103493690490724
2026-09-07T11:06:41.387000Z,0.7597211599349976,3.494119167327881,9.10409164428711
2026-09-07T11:06:41.394000Z,0.7597211599349976,3.494119167327881,9.10409164428711
2026-09-07T11:06:42.396000Z,0.7836494445800781,3.4989049434661865,9.089137077331545
2026-09-07T11:06:42.399000Z,0.7836494445800781,3.4989049434661865,9.089137077331545
2026-09-07T11:06:43.406000Z,0.7405785918235779,3.484548091888428,9.094520568847656
2026-09-07T11:06:43.411000Z,0.7405785918235779,3.484548091888428,9.094520568847656
2026-09-07T11:06:44.414000Z,0.7836494445800781,3.4947173595428467,9.11366367340088
2026-09-07T11:06:44.420000Z,0.7836494445800781,3.4947173595428467,9.11366367340088
2026-09-07T11:06:45.422000Z,0.7405785918235779,3.484548091888428,9.10409164428711
2026-09-07T11:06:45.430000Z,0.7405785918235779,3.484548091888428,9.10409164428711
2026-09-07T11:06:46.435000Z,0.778863787651062,3.4947173595428467,9.118449211120604
2026-09-07T11:06:46.440000Z,0.778863787651062,3.4947173595428467,9.118449211120604
2026-09-07T11:06:47.442000Z,0.7836494445800781,3.4989049434661865,9.103493690490724
2026-09-07T11:06:47.448000Z,0.7836494445800781,3.4989049434661865,9.103493690490724
2026-09-07T11:06:48.452000Z,0.778863787651062,3.504288673400879,9.127422332763672
2026-09-07T11:06:48.458000Z,0.778863787651062,3.504288673400879,9.127422332763672
2026-09-07T11:06:49.460000Z,0.7836494445800781,3.4947173595428467,9.118449211120604
2026-09-07T11:06:49.466000Z,0.7836494445800781,3.4947173595428467,9.118449211120604
2026-09-07T11:06:50.467000Z,0.7884350419044495,3.479762315750122,9.084949493408203
2026-09-07T11:06:50.474000Z,0.7884350419044495,3.479762315750122,9.084949493408203
2026-09-07T11:06:51.478000Z,0.7740781307220459,3.48993182182312,9.11366367340088
2026-09-07T11:06:51.484000Z,0.7740781307220459,3.48993182182312,9.11366367340088
2026-09-07T11:06:52.486000Z,0.7740781307220459,3.484548091888428,9.099306106567385
2026-09-07T11:06:52.493000Z,0.7740781307220459,3.484548091888428,9.099306106567385
2026-09-07T11:06:53.496000Z,0.7884350419044495,3.48993182182312,9.11366367340088
2026-09-07T11:06:53.503000Z,0.7884350419044495,3.48993182182312,9.11366367340088
2026-09-07T11:06:54.505000Z,0.778863787651062,3.48993182182312,9.118449211120604
2026-09-07T11:06:54.512000Z,0.778863787651062,3.48993182182312,9.118449211120604
2026-09-07T11:06:55.513000Z,0.778863787651062,3.4947173595428467,9.108877182006836
2026-09-07T11:06:55.521000Z,0.778863787651062,3.4947173595428467,9.108877182006836
2026-09-07T11:06:56.522000Z,0.7836494445800781,3.4947173595428467,9.099306106567385
2026-09-07T11:06:56.547000Z,0.7836494445800781,3.4947173595428467,9.099306106567385
2026-09-07T11:06:57.531000Z,0.778863787651062,3.4851462841033936,9.10409164428711
2026-09-07T11:06:57.538000Z,0.778863787651062,3.4851462841033936,9.10409164428711
2026-09-07T11:06:58.541000Z,-5.952146530151367,2.0967109203338623,21.83091735839844
2026-09-07T11:06:58.550000Z,-5.952146530151367,2.0967109203338623,21.83091735839844
2026-09-07T11:06:59.549000Z,3.747160196304321,2.958127021789551,8.481359481811523
2026-09-07T11:06:59.556000Z,3.747160196304321,2.958127021789551,8.481359481811523
2026-09-07T11:07:00.559000Z,-0.2775674164295196,6.387639999389648,7.83410120010376
2026-09-07T11:07:00.567000Z,-0.2775674164295196,6.387639999389648,7.83410120010376
2026-09-07T11:07:01.566000Z,-0.771087110042572,8.062616348266602,4.7336015701293945
2026-09-07T11:07:01.572000Z,-0.771087110042572,8.062616348266602,4.7336015701293945
2026-09-07T11:07:02.573000Z,1.7180466651916504,7.336394309997559,5.481956481933594
2026-09-07T11:07:02.581000Z,1.7180466651916504,7.336394309997559,5.481956481933594
2026-09-07T11:07:03.585000Z,0.8069794178009033,7.844869136810303,7.201797962188721
2026-09-07T11:07:03.590000Z,0.8069794178009033,7.844869136810303,7.201797962188721
2026-09-07T11:07:04.595000Z,-0.9978070259094238,7.186244487762451,4.84606409072876
2026-09-07T11:07:04.602000Z,-0.9978070259094238,7.186244487762451,4.84606409072876
2026-09-07T11:07:05.602000Z,-0.7046862840652466,6.87099027633667,6.595815658569336
2026-09-07T11:07:05.609000Z,-0.7046862840652466,6.87099027633667,6.595815658569336
2026-09-07T11:07:06.612000Z,-1.2873386144638062,8.636893272399902,3.720241069793701
2026-09-07T11:07:06.618000Z,-1.2873386144638062,8.636893272399902,3.720241069793701
2026-09-07T11:07:07.622000Z,-0.2823530733585357,7.0408806800842285,6.882954120635986
2026-09-07T11:07:07.628000Z,-0.2823530733585357,7.0408806800842285,6.882954120635986
2026-09-07T11:07:08.633000Z,-0.9248259663581848,5.455037593841553,8.950352668762207
2026-09-07T11:07:08.641000Z,-0.9248259663581848,5.455037593841553,8.950352668762207
2026-09-07T11:07:09.640000Z,0.994217813014984,4.898108005523682,9.441479682922363
2026-09-07T11:07:09.659000Z,0.994217813014984,4.898108005523682,9.441479682922363
2026-09-07T11:07:10.651000Z,-0.4378865361213684,7.031309127807617,7.104888439178467
2026-09-07T11:07:10.675000Z,-0.4378865361213684,7.031309127807617,7.104888439178467
2026-09-07T11:07:11.656000Z,-0.8733802437782288,6.881159782409668,6.989434719085693
2026-09-07T11:07:11.662000Z,-0.8733802437782288,6.881159782409668,6.989434719085693
2026-09-07T11:07:12.667000Z,0.0364905446767807,6.664609432220459,7.2681989669799805
2026-09-07T11:07:12.675000Z,0.0364905446767807,6.664609432220459,7.2681989669799805
2026-09-07T11:07:13.676000Z,-0.3158525824546814,7.021738052368164,6.931408882141113
2026-09-07T11:07:13.683000Z,-0.3158525824546814,7.021738052368164,6.931408882141113
2026-09-07T11:07:14.685000Z,0.5934200286865234,7.741379261016846,6.289534091949463
2026-09-07T11:07:14.691000Z,0.5934200286865234,7.741379261016846,6.289534091949463
2026-09-07T11:07:15.693000Z,-0.2117647975683212,7.828119277954102,5.867799282073975
2026-09-07T11:07:15.700000Z,-0.2117647975683212,7.828119277954102,5.867799282073975
2026-09-07T11:07:16.701000Z,0.7010970115661621,6.897311210632324,7.447660446166992
2026-09-07T11:07:16.709000Z,0.7010970115661621,6.897311210632324,7.447660446166992
2026-09-07T11:07:17.711000Z,-9.48455047607422,-3.433700561523437,3.680161237716675
2026-09-07T11:07:17.718000Z,-9.48455047607422,-3.433700561523437,3.680161237716675
2026-09-07T11:07:18.721000Z,-9.129815101623535,-4.433900356292725,3.142374277114868
2026-09-07T11:07:18.728000Z,-9.129815101623535,-4.433900356292725,3.142374277114868
2026-09-07T11:07:19.728000Z,-8.236693382263184,-4.018745422363281,3.3373894691467285
2026-09-07T11:07:19.734000Z,-8.236693382263184,-4.018745422363281,3.3373894691467285
2026-09-07T11:07:20.738000Z,-8.565108299255371,-3.2727832794189453,3.566502094268799
2026-09-07T11:07:20.747000Z,-8.565108299255371,-3.2727832794189453,3.566502094268799
2026-09-07T11:07:21.746000Z,-7.17786979675293,-3.032902717590332,5.523232936859131
2026-09-07T11:07:21.754000Z,-7.17786979675293,-3.032902717590332,5.523232936859131
2026-09-07T11:07:22.756000Z,-8.210970878601074,-3.200400352478028,3.13220477104187
2026-09-07T11:07:22.764000Z,-8.210970878601074,-3.200400352478028,3.13220477104187
2026-09-07T11:07:23.766000Z,-8.405985832214355,-3.3960134983062744,3.7058839797973633
2026-09-07T11:07:23.774000Z,-8.405985832214355,-3.3960134983062744,3.7058839797973633
2026-09-07T11:07:24.775000Z,-8.260622024536133,-3.259622573852539,4.536791801452637
2026-09-07T11:07:24.782000Z,-8.260622024536133,-3.259622573852539,4.536791801452637
2026-09-07T11:07:25.783000Z,-7.717451095581055,-3.05443811416626,3.414557933807373
2026-09-07T11:07:25.791000Z,-7.717451095581055,-3.05443811416626,3.414557933807373
2026-09-07T11:07:26.790000Z,-8.561519622802734,-4.341776847839356,2.667997360229492
2026-09-07T11:07:26.797000Z,-8.561519622802734,-4.341776847839356,2.667997360229492
2026-09-07T11:07:27.802000Z,-9.713065147399902,-1.949552297592163,4.048057556152344
2026-09-07T11:07:27.809000Z,-9.713065147399902,-1.949552297592163,4.048057556152344
2026-09-07T11:07:28.814000Z,-9.112466812133787,-2.7768707275390625,1.6342978477478027
2026-09-07T11:07:28.822000Z,-9.112466812133787,-2.7768707275390625,1.6342978477478027
2026-09-07T11:07:29.819000Z,-7.917252063751221,-3.6364922523498535,4.414159774780273
2026-09-07T11:07:29.826000Z,-7.917252063751221,-3.6364922523498535,4.414159774780273
2026-09-07T11:07:30.828000Z,-8.803194046020508,-1.9980069398880005,4.383052825927734
2026-09-07T11:07:30.836000Z,-8.803194046020508,-1.9980069398880005,4.383052825927734
2026-09-07T11:07:31.838000Z,-8.965906143188477,-2.6315066814422607,2.0865414142608643
2026-09-07T11:07:31.845000Z,-8.965906143188477,-2.6315066814422607,2.0865414142608643
2026-09-07T11:07:32.846000Z,-9.29312515258789,-2.562114953994751,1.781456470489502
2026-09-07T11:07:32.856000Z,-9.29312515258789,-2.562114953994751,1.781456470489502
2026-09-07T11:07:33.855000Z,-10.249655723571776,-4.456034183502197,1.698904037475586
2026-09-07T11:07:33.863000Z,-10.249655723571776,-4.456034183502197,1.698904037475586
2026-09-07T11:07:34.865000Z,-9.311071395874023,-3.007179975509644,1.8059829473495483
2026-09-07T11:07:34.873000Z,-9.311071395874023,-3.007179975509644,1.8059829473495483
2026-09-07T11:07:35.875000Z,-9.376275062561035,-1.95852530002594,0.0993021428585052
2026-09-07T11:07:35.882000Z,-9.376275062561035,-1.95852530002594,0.0993021428585052
2026-09-07T11:07:36.883000Z,-7.949554920196533,-4.144967079162598,2.2785654067993164
2026-09-07T11:07:36.891000Z,-7.949554920196533,-4.144967079162598,2.2785654067993164
2026-09-07T11:07:37.892000Z,-8.965906143188477,-4.147359848022461,0.7046862840652466
2026-09-07T11:07:37.901000Z,-8.965906143188477,-4.147359848022461,0.7046862840652466
2026-09-07T11:07:38.903000Z,-8.4771728515625,-3.896711587905884,2.6051857471466064
2026-09-07T11:07:38.911000Z,-8.4771728515625,-3.896711587905884,2.6051857471466064
2026-09-07T11:07:39.910000Z,-13.314263343811035,-4.084548473358154,6.966104984283447
2026-09-07T11:07:39.918000Z,-13.314263343811035,-4.084548473358154,6.966104984283447
2026-09-07T11:07:40.918000Z,-12.539587020874023,-1.074377417564392,7.761120319366455
2026-09-07T11:07:40.925000Z,-12.539587020874023,-1.074377417564392,7.761120319366455
2026-09-07T11:07:41.929000Z,-9.476774215698242,0.2829512655735016,0.966102123260498
2026-09-07T11:07:41.937000Z,-9.476774215698242,0.2829512655735016,0.966102123260498
2026-09-07T11:07:42.937000Z,-8.94137954711914,5.334199905395508,0.9786644577980042
2026-09-07T11:07:42.944000Z,-8.94137954711914,5.334199905395508,0.9786644577980042
2026-09-07T11:07:43.946000Z,-7.127620220184326,5.74696159362793,2.685943365097046
2026-09-07T11:07:43.955000Z,-7.127620220184326,5.74696159362793,2.685943365097046
2026-09-07T11:07:44.955000Z,-1.323829174041748,8.81515884399414,2.3395824432373047
2026-09-07T11:07:44.967000Z,-1.323829174041748,8.81515884399414,2.3395824432373047
2026-09-07T11:07:45.962000Z,-2.870789051055908,9.620343208312988,2.944368362426758
2026-09-07T11:07:45.971000Z,-2.870789051055908,9.620343208312988,2.944368362426758
2026-09-07T11:07:46.972000Z,-3.232703447341919,9.628718376159668,-0.6981059908866882
2026-09-07T11:07:46.980000Z,-3.232703447341919,9.628718376159668,-0.6981059908866882
2026-09-07T11:07:47.983000Z,-0.6340979933738708,9.77408218383789,3.89013147354126
2026-09-07T11:07:47.992000Z,-0.6340979933738708,9.77408218383789,3.89013147354126
2026-09-07T11:07:48.992000Z,-1.9226330518722532,6.577869415283203,5.927021503448486
2026-09-07T11:07:48.999000Z,-1.9226330518722532,6.577869415283203,5.927021503448486
2026-09-07T11:07:50.002000Z,-1.6875381469726562,9.405587196350098,3.370290756225586
2026-09-07T11:07:50.023000Z,-1.6875381469726562,9.405587196350098,3.370290756225586
2026-09-07T11:07:51.012000Z,0.123828575015068,8.079365730285645,4.512265205383301
2026-09-07T11:07:51.018000Z,0.123828575015068,8.079365730285645,4.512265205383301
2026-09-07T11:07:52.019000Z,-1.01814603805542,7.46919584274292,6.873981475830078
2026-09-07T11:07:52.025000Z,-1.01814603805542,7.46919584274292,6.873981475830078
2026-09-07T11:07:53.027000Z,-1.8299111127853396,8.057231903076172,5.886343479156494
2026-09-07T11:07:53.036000Z,-1.8299111127853396,8.057231903076172,5.886343479156494
2026-09-07T11:07:54.037000Z,1.4967105388641355,6.596413612365723,8.322834968566895
2026-09-07T11:07:54.044000Z,1.4967105388641355,6.596413612365723,8.322834968566895
2026-09-07T11:07:55.048000Z,-1.4883357286453247,6.759125709533691,6.966702938079834
2026-09-07T11:07:55.053000Z,-1.4883357286453247,6.759125709533691,6.966702938079834
2026-09-07T11:07:56.055000Z,-3.1244282722473145,1.207179069519043,14.492728233337402
2026-09-07T11:07:56.060000Z,-3.1244282722473145,1.207179069519043,14.492728233337402
2026-09-07T11:07:57.063000Z,-1.2400803565979004,3.626920938491821,7.464410305023193
2026-09-07T11:07:57.070000Z,-1.2400803565979004,3.626920938491821,7.464410305023193
2026-09-07T11:07:58.073000Z,1.0456634759902954,5.981458187103272,7.882555961608887
2026-09-07T11:07:58.080000Z,1.0456634759902954,5.981458187103272,7.882555961608887
2026-09-07T11:07:59.081000Z,-0.3008974492549896,5.792425632476807,8.813364028930664
2026-09-07T11:07:59.087000Z,-0.3008974492549896,5.792425632476807,8.813364028930664
2026-09-07T11:08:00.087000Z,0.2554338276386261,4.955535888671875,8.455039024353027
2026-09-07T11:08:00.093000Z,0.2554338276386261,4.955535888671875,8.455039024353027
2026-09-07T11:08:01.099000Z,-0.9194421172142028,5.002195835113525,9.449256896972656
2026-09-07T11:08:01.107000Z,-0.9194421172142028,5.002195835113525,9.449256896972656
2026-09-07T11:08:02.108000Z,1.690529227256775,5.974878311157227,6.412166595458984
2026-09-07T11:08:02.114000Z,1.690529227256775,5.974878311157227,6.412166595458984
2026-09-07T11:08:03.117000Z,-0.3577269911766052,5.128417015075684,7.69531774520874
2026-09-07T11:08:03.124000Z,-0.3577269911766052,5.128417015075684,7.69531774520874
2026-09-07T11:08:04.123000Z,1.1198409795761108,3.8638103008270255,8.8438720703125
2026-09-07T11:08:04.124000Z,1.1198409795761108,3.8638103008270255,8.8438720703125
2026-09-07T11:08:05.135000Z,-1.3573286533355713,4.31306266784668,8.391629219055176
2026-09-07T11:08:05.141000Z,-1.3573286533355713,4.31306266784668,8.391629219055176
2026-09-07T11:08:06.144000Z,1.5176477432250977,3.33858585357666,10.528419494628906
2026-09-07T11:08:06.149000Z,1.5176477432250977,3.33858585357666,10.528419494628906
2026-09-07T11:08:07.153000Z,0.2973082065582275,4.487739086151123,8.761320114135742
2026-09-07T11:08:07.159000Z,0.2973082065582275,4.487739086151123,8.761320114135742
2026-09-07T11:08:08.163000Z,-0.3403790295124054,2.561516523361206,7.024130821228027
2026-09-07T11:08:08.170000Z,-0.3403790295124054,2.561516523361206,7.024130821228027
2026-09-07T11:08:09.172000Z,0.3589234054088592,3.961916208267212,10.768898010253906
2026-09-07T11:08:09.179000Z,0.3589234054088592,3.961916208267212,10.768898010253906
2026-09-07T11:08:10.178000Z,1.0342975854873655,5.139184951782227,8.054839134216309
2026-09-07T11:08:10.183000Z,1.0342975854873655,5.139184951782227,8.054839134216309
2026-09-07T11:08:11.193000Z,0.589830756187439,5.6548380851745605,8.081160545349121
2026-09-07T11:08:11.199000Z,0.589830756187439,5.6548380851745605,8.081160545349121
2026-09-07T11:08:12.201000Z,-0.841675341129303,2.401795625686645,6.967301368713379
2026-09-07T11:08:12.207000Z,-0.841675341129303,2.401795625686645,6.967301368713379
2026-09-07T11:08:13.206000Z,1.817348837852478,1.8323038816452024,-4.600201606750488
2026-09-07T11:08:13.216000Z,1.817348837852478,1.8323038816452024,-4.600201606750488
2026-09-07T11:08:14.217000Z,-0.5653043389320374,3.1585259437561035,-6.214160442352295
2026-09-07T11:08:14.223000Z,-0.5653043389320374,3.1585259437561035,-6.214160442352295
2026-09-07T11:08:15.225000Z,-6.401997089385986,-3.3852458000183105,6.844070911407471
2026-09-07T11:08:15.230000Z,-6.401997089385986,-3.3852458000183105,6.844070911407471
2026-09-07T11:08:16.231000Z,-7.562515735626221,-4.89990234375,3.7884364128112793
2026-09-07T11:08:16.238000Z,-7.562515735626221,-4.89990234375,3.7884364128112793
2026-09-07T11:08:17.242000Z,-9.410971641540527,-3.611367464065552,1.1910275220870972
2026-09-07T11:08:17.248000Z,-9.410971641540527,-3.611367464065552,1.1910275220870972
2026-09-07T11:08:18.252000Z,-6.9104719161987305,-5.091328144073486,3.0484559535980225
2026-09-07T11:08:18.258000Z,-6.9104719161987305,-5.091328144073486,3.0484559535980225
2026-09-07T11:08:19.262000Z,-7.980661869049072,-4.922634601593018,2.9246275424957275
2026-09-07T11:08:19.268000Z,-7.980661869049072,-4.922634601593018,2.9246275424957275
2026-09-07T11:08:20.270000Z,-7.469794273376465,-5.223531723022461,4.5338006019592285
2026-09-07T11:08:20.276000Z,-7.469794273376465,-5.223531723022461,4.5338006019592285
2026-09-07T11:08:21.278000Z,-9.641879081726074,-3.4947173595428467,0.4630111753940582
2026-09-07T11:08:21.286000Z,-9.641879081726074,-3.4947173595428467,0.4630111753940582
2026-09-07T11:08:22.288000Z,-9.375079154968262,-3.849453449249268,-0.1429711580276489
2026-09-07T11:08:22.296000Z,-9.375079154968262,-3.849453449249268,-0.1429711580276489
2026-09-07T11:08:23.296000Z,-9.90269660949707,-3.2793633937835693,0.7310073375701904
2026-09-07T11:08:23.304000Z,-9.90269660949707,-3.2793633937835693,0.7310073375701904
2026-09-07T11:08:24.307000Z,-9.960722923278809,-3.193819999694824,0.6203392744064331
2026-09-07T11:08:24.313000Z,-9.960722923278809,-3.193819999694824,0.6203392744064331
2026-09-07T11:08:25.314000Z,-9.035298347473145,-4.569094657897949,2.496910333633423
2026-09-07T11:08:25.321000Z,-9.035298347473145,-4.569094657897949,2.496910333633423
2026-09-07T11:08:26.323000Z,-9.290133476257324,-2.812164783477783,-0.6245267391204834
2026-09-07T11:08:26.329000Z,-9.290133476257324,-2.812164783477783,-0.6245267391204834
2026-09-07T11:08:27.334000Z,-9.528818130493164,-2.765504837036133,1.0145567655563354
2026-09-07T11:08:27.340000Z,-9.528818130493164,-2.765504837036133,1.0145567655563354
2026-09-07T11:08:28.342000Z,-8.234899520874023,-4.067798614501953,0.8045865893363953
2026-09-07T11:08:28.349000Z,-8.234899520874023,-4.067798614501953,0.8045865893363953
2026-09-07T11:08:29.351000Z,-8.715258598327637,-3.576073408126831,1.0660024881362915
2026-09-07T11:08:29.358000Z,-8.715258598327637,-3.576073408126831,1.0660024881362915
2026-09-07T11:08:30.357000Z,-8.95513916015625,-4.051048755645752,0.8859425783157349
2026-09-07T11:08:30.364000Z,-8.95513916015625,-4.051048755645752,0.8859425783157349
2026-09-07T11:08:31.368000Z,-9.23988437652588,-3.741776466369629,0.5252245664596558
2026-09-07T11:08:31.374000Z,-9.23988437652588,-3.741776466369629,0.5252245664596558
2026-09-07T11:08:32.377000Z,-8.615358352661133,-3.891926050186157,0.96370929479599
2026-09-07T11:08:32.385000Z,-8.615358352661133,-3.891926050186157,0.96370929479599
2026-09-07T11:08:33.386000Z,-9.852447509765623,-3.351148128509521,2.551945447921753
2026-09-07T11:08:33.394000Z,-9.852447509765623,-3.351148128509521,2.551945447921753
2026-09-07T11:08:34.395000Z,-8.46161937713623,-3.4205398559570312,-0.364905446767807
2026-09-07T11:08:34.402000Z,-8.46161937713623,-3.4205398559570312,-0.364905446767807
2026-09-07T11:08:35.403000Z,-10.29332447052002,-2.894717216491699,1.9076778888702397
2026-09-07T11:08:35.410000Z,-10.29332447052002,-2.894717216491699,1.9076778888702397
2026-09-07T11:08:36.415000Z,-10.331609725952148,-3.3242287635803223,0.7393822073936462
2026-09-07T11:08:36.423000Z,-10.331609725952148,-3.3242287635803223,0.7393822073936462
2026-09-07T11:08:37.424000Z,-8.999405860900879,-5.718846321105957,1.9824535846710205
2026-09-07T11:08:37.431000Z,-8.999405860900879,-5.718846321105957,1.9824535846710205
2026-09-07T11:08:38.432000Z,-11.112268447875977,-4.512265205383301,1.241276741027832
2026-09-07T11:08:38.439000Z,-11.112268447875977,-4.512265205383301,1.241276741027832
2026-09-07T11:08:39.442000Z,-9.80399227142334,-3.4157543182373047,1.5415760278701782
2026-09-07T11:08:39.448000Z,-9.80399227142334,-3.4157543182373047,1.5415760278701782
2026-09-07T11:08:40.452000Z,-11.032109260559082,-3.510869026184082,-0.2691925466060638
2026-09-07T11:08:40.460000Z,-11.032109260559082,-3.510869026184082,-0.2691925466060638
2026-09-07T11:08:41.459000Z,-8.326424598693848,-3.1334011554718018,1.4177473783493042
2026-09-07T11:08:41.466000Z,-8.326424598693848,-3.1334011554718018,1.4177473783493042
2026-09-07T11:08:42.469000Z,-10.711470603942873,-3.1890344619750977,-0.1028913706541061
2026-09-07T11:08:42.476000Z,-10.711470603942873,-3.1890344619750977,-0.1028913706541061
2026-09-07T11:08:43.476000Z,-10.398609161376951,-3.786043643951416,1.7126628160476685
2026-09-07T11:08:43.483000Z,-10.398609161376951,-3.786043643951416,1.7126628160476685
2026-09-07T11:08:44.488000Z,-11.291729927062988,0.6586244106292725,-1.2526426315307615
2026-09-07T11:08:44.494000Z,-11.291729927062988,0.6586244106292725,-1.2526426315307615
2026-09-07T11:08:45.494000Z,-10.347761154174805,-1.3202399015426636,-1.7497515678405762
2026-09-07T11:08:45.500000Z,-10.347761154174805,-1.3202399015426636,-1.7497515678405762
2026-09-07T11:08:46.504000Z,-10.24487018585205,-1.6803597211837769,-0.4289134442806244
2026-09-07T11:08:46.511000Z,-10.24487018585205,-1.6803597211837769,-0.4289134442806244
2026-09-07T11:08:47.515000Z,-9.512666702270508,-1.584048628807068,-1.2687941789627075
2026-09-07T11:08:47.524000Z,-9.512666702270508,-1.584048628807068,-1.2687941789627075
2026-09-07T11:08:48.522000Z,-9.498309135437012,-2.1206390857696533,-1.3154542446136477
2026-09-07T11:08:48.530000Z,-9.498309135437012,-2.1206390857696533,-1.3154542446136477
2026-09-07T11:08:49.530000Z,-10.563714027404783,-2.822932481765747,0.5198407173156738
2026-09-07T11:08:49.537000Z,-10.563714027404783,-2.822932481765747,0.5198407173156738
2026-09-07T11:08:50.538000Z,-8.827720642089844,-2.963510751724243,-0.7214360237121582
2026-09-07T11:08:50.544000Z,-8.827720642089844,-2.963510751724243,-0.7214360237121582
2026-09-07T11:08:51.548000Z,-8.565108299255371,-3.462414264678955,0.2877369225025177
2026-09-07T11:08:51.553000Z,-8.565108299255371,-3.462414264678955,0.2877369225025177
2026-09-07T11:08:52.559000Z,-10.762916564941406,-2.1206390857696533,0.2356930375099182
2026-09-07T11:08:52.580000Z,-10.762916564941406,-2.1206390857696533,0.2356930375099182
2026-09-07T11:08:53.565000Z,-11.56271743774414,-3.565903902053833,-0.3463610708713531
2026-09-07T11:08:53.573000Z,-11.56271743774414,-3.565903902053833,-0.3463610708713531
2026-09-07T11:08:54.575000Z,-9.00778102874756,-2.1816561222076416,0.1477568000555038
2026-09-07T11:08:54.581000Z,-9.00778102874756,-2.1816561222076416,0.1477568000555038
2026-09-07T11:08:55.582000Z,-9.622138023376465,-2.7320053577423096,-0.9104689955711364
2026-09-07T11:08:55.587000Z,-9.622138023376465,-2.7320053577423096,-0.9104689955711364
2026-09-07T11:08:56.592000Z,-8.809774398803711,-2.7146573066711426,-0.7627122402191162
2026-09-07T11:08:56.598000Z,-8.809774398803711,-2.7146573066711426,-0.7627122402191162
2026-09-07T11:08:57.603000Z,-9.436694145202637,-3.452244758605957,-0.0317048989236354
2026-09-07T11:08:57.611000Z,-9.436694145202637,-3.452244758605957,-0.0317048989236354
2026-09-07T11:08:58.612000Z,-8.743971824645996,-3.4474592208862305,-1.0378868579864502
2026-09-07T11:08:58.618000Z,-8.743971824645996,-3.4474592208862305,-1.0378868579864502
2026-09-07T11:08:59.619000Z,-9.296713829040527,0.1495514214038849,0.7992027401924133
2026-09-07T11:08:59.627000Z,-9.296713829040527,0.1495514214038849,0.7992027401924133
2026-09-07T11:09:00.627000Z,-4.49970293045044,2.6392834186553955,5.648856163024902
2026-09-07T11:09:00.634000Z,-4.49970293045044,2.6392834186553955,5.648856163024902
2026-09-07T11:09:01.637000Z,-5.468197822570801,6.9344000816345215,5.962913990020752
2026-09-07T11:09:01.644000Z,-5.468197822570801,6.9344000816345215,5.962913990020752
2026-09-07T11:09:02.647000Z,-5.647659778594971,6.482754707336426,5.551946640014648
2026-09-07T11:09:02.653000Z,-5.647659778594971,6.482754707336426,5.551946640014648
2026-09-07T11:09:03.657000Z,-4.145565032958984,6.990033149719238,3.3613176345825195
2026-09-07T11:09:03.663000Z,-4.145565032958984,6.990033149719238,3.3613176345825195
2026-09-07T11:09:04.664000Z,-2.619542598724365,6.61914587020874,5.846263885498047
2026-09-07T11:09:04.670000Z,-2.619542598724365,6.61914587020874,5.846263885498047
2026-09-07T11:09:05.674000Z,-1.420140266418457,5.551348686218262,9.57188892364502
2026-09-07T11:09:05.681000Z,-1.420140266418457,5.551348686218262,9.57188892364502
2026-09-07T11:09:06.681000Z,3.119044303894043,6.403193473815918,3.452244758605957
2026-09-07T11:09:06.687000Z,3.119044303894043,6.403193473815918,3.452244758605957
2026-09-07T11:09:07.695000Z,-1.3387842178344729,6.398407936096191,7.612166881561279
2026-09-07T11:09:07.701000Z,-1.3387842178344729,6.398407936096191,7.612166881561279
2026-09-07T11:09:08.703000Z,1.1102696657180786,8.58604621887207,8.151150703430176
2026-09-07T11:09:08.709000Z,1.1102696657180786,8.58604621887207,8.151150703430176
2026-09-07T11:09:09.709000Z,3.593421459197998,3.7124643325805664,4.197608947753906
2026-09-07T11:09:09.715000Z,3.593421459197998,3.7124643325805664,4.197608947753906
2026-09-07T11:09:10.718000Z,-0.8979067206382751,5.821139335632324,11.400005340576172
2026-09-07T11:09:10.723000Z,-0.8979067206382751,5.821139335632324,11.400005340576172
2026-09-07T11:09:11.728000Z,-0.7250252366065979,2.635694026947021,8.286344528198242
2026-09-07T11:09:11.735000Z,-0.7250252366065979,2.635694026947021,8.286344528198242
2026-09-07T11:09:12.736000Z,1.9722840785980225,1.588834285736084,8.773283958435059
2026-09-07T11:09:12.744000Z,1.9722840785980225,1.588834285736084,8.773283958435059
2026-09-07T11:09:13.742000Z,-4.706682205200195,3.9260237216949454,10.98724365234375
2026-09-07T11:09:13.746000Z,-4.706682205200195,3.9260237216949454,10.98724365234375
2026-09-07T11:09:14.755000Z,-0.6610172390937805,3.8865420818328857,8.756534576416016
2026-09-07T11:09:14.760000Z,-0.6610172390937805,3.8865420818328857,8.756534576416016
2026-09-07T11:09:15.762000Z,-3.968496322631836,1.724626898765564,11.973684310913086
2026-09-07T11:09:15.769000Z,-3.968496322631836,1.724626898765564,11.973684310913086
2026-09-07T11:09:16.772000Z,-3.6023945808410645,3.269792079925537,5.799005508422852
2026-09-07T11:09:16.780000Z,-3.6023945808410645,3.269792079925537,5.799005508422852
2026-09-07T11:09:17.781000Z,-2.521436929702759,4.159324169158936,13.110873222351074
2026-09-07T11:09:17.804000Z,-2.521436929702759,4.159324169158936,13.110873222351074
2026-09-07T11:09:18.791000Z,-2.462812662124634,3.5162527561187744,8.887541770935059
2026-09-07T11:09:18.797000Z,-2.462812662124634,3.5162527561187744,8.887541770935059
2026-09-07T11:09:19.801000Z,-0.8590233325958252,1.970489501953125,10.258628845214844
2026-09-07T11:09:19.808000Z,-0.8590233325958252,1.970489501953125,10.258628845214844
2026-09-07T11:09:20.806000Z,1.284945726394653,3.8368911743164062,9.169296264648438
2026-09-07T11:09:20.814000Z,1.284945726394653,3.8368911743164062,9.169296264648438
2026-09-07T11:09:21.814000Z,-0.8961120843887329,6.40438985824585,7.475177764892578
2026-09-07T11:09:21.819000Z,-0.8961120843887329,6.40438985824585,7.475177764892578
2026-09-07T11:09:22.824000Z,0.4809573590755462,4.804189682006836,8.556135177612305
2026-09-07T11:09:22.831000Z,0.4809573590755462,4.804189682006836,8.556135177612305
2026-09-07T11:09:23.832000Z,-0.6664010882377625,4.546961307525635,8.830113410949707
2026-09-07T11:09:23.840000Z,-0.6664010882377625,4.546961307525635,8.830113410949707
2026-09-07T11:09:24.840000Z,-0.6813562512397766,2.9174489974975586,11.58843994140625
2026-09-07T11:09:24.846000Z,-0.6813562512397766,2.9174489974975586,11.58843994140625
2026-09-07T11:09:25.850000Z,2.000998020172119,3.838685750961304,7.0857462882995605
2026-09-07T11:09:25.858000Z,2.000998020172119,3.838685750961304,7.0857462882995605
2026-09-07T11:09:26.860000Z,-0.5359922647476196,5.590830326080322,7.06480884552002
2026-09-07T11:09:26.867000Z,-0.5359922647476196,5.590830326080322,7.06480884552002
2026-09-07T11:09:27.869000Z,-1.0893324613571167,4.9740800857543945,8.00937557220459
2026-09-07T11:09:27.875000Z,-1.0893324613571167,4.9740800857543945,8.00937557220459
2026-09-07T11:09:28.878000Z,-2.140379905700684,4.259822368621826,7.219744205474853
2026-09-07T11:09:28.885000Z,-2.140379905700684,4.259822368621826,7.219744205474853
2026-09-07T11:09:29.888000Z,-1.521237015724182,4.339384078979492,7.612166881561279
2026-09-07T11:09:29.898000Z,-1.521237015724182,4.339384078979492,7.612166881561279
2026-09-07T11:09:30.895000Z,1.1389836072921753,4.527220249176025,7.907680511474609
2026-09-07T11:09:30.902000Z,1.1389836072921753,4.527220249176025,7.907680511474609
2026-09-07T11:09:31.905000Z,-1.855035781860352,4.475774765014648,8.762516975402832
2026-09-07T11:09:31.911000Z,-1.855035781860352,4.475774765014648,8.762516975402832
2026-09-07T11:09:32.914000Z,-0.9774680733680724,3.439682483673096,8.504690170288086
2026-09-07T11:09:32.922000Z,-0.9774680733680724,3.439682483673096,8.504690170288086
2026-09-07T11:09:33.926000Z,-1.0929217338562012,8.742177963256836,1.4482558965682983
2026-09-07T11:09:33.932000Z,-1.0929217338562012,8.742177963256836,1.4482558965682983
2026-09-07T11:09:34.931000Z,1.8789639472961424,3.252444267272949,13.526028633117676
2026-09-07T11:09:34.939000Z,1.8789639472961424,3.252444267272949,13.526028633117676
2026-09-07T11:09:35.939000Z,-3.569493293762207,4.789832592010498,8.636893272399902
2026-09-07T11:09:35.947000Z,-3.569493293762207,4.789832592010498,8.636893272399902
2026-09-07T11:09:36.951000Z,-1.244267821311951,6.669992923736572,7.014559745788574
2026-09-07T11:09:36.957000Z,-1.244267821311951,6.669992923736572,7.014559745788574
2026-09-07T11:09:37.959000Z,-0.382851630449295,5.721837043762207,9.265607833862305
2026-09-07T11:09:37.965000Z,-0.382851630449295,5.721837043762207,9.265607833862305
2026-09-07T11:09:38.969000Z,0.9014959335327148,4.993820667266846,9.154939651489258
2026-09-07T11:09:38.975000Z,0.9014959335327148,4.993820667266846,9.154939651489258
2026-09-07T11:09:39.978000Z,0.503689169883728,6.123831272125244,8.139185905456543
2026-09-07T11:09:39.984000Z,0.503689169883728,6.123831272125244,8.139185905456543
2026-09-07T11:09:40.986000Z,0.0801595598459243,4.643272399902344,8.000402450561523
2026-09-07T11:09:40.993000Z,0.0801595598459243,4.643272399902344,8.000402450561523
2026-09-07T11:09:41.994000Z,6.38584566116333,8.624929428100586,6.80159854888916
2026-09-07T11:09:41.999000Z,6.38584566116333,8.624929428100586,6.80159854888916
2026-09-07T11:09:43.006000Z,-2.255235433578491,5.450251579284668,6.900900363922119
2026-09-07T11:09:43.015000Z,-2.255235433578491,5.450251579284668,6.900900363922119
2026-09-07T11:09:44.013000Z,0.0693918541073799,2.8187451362609863,7.503293514251709
2026-09-07T11:09:44.020000Z,0.0693918541073799,2.8187451362609863,7.503293514251709
2026-09-07T11:09:45.022000Z,-0.1489532142877578,2.848655462265014,10.296914100646973
2026-09-07T11:09:45.029000Z,-0.1489532142877578,2.848655462265014,10.296914100646973
2026-09-07T11:09:46.032000Z,-0.1369891017675399,4.1623148918151855,9.233304023742676
2026-09-07T11:09:46.040000Z,-0.1369891017675399,4.1623148918151855,9.233304023742676
2026-09-07T11:09:47.040000Z,0.3535395562648773,7.7832536697387695,11.359925270080566
2026-09-07T11:09:47.048000Z,0.3535395562648773,7.7832536697387695,11.359925270080566
2026-09-07T11:09:48.050000Z,-0.1076770201325416,8.080561637878418,3.101696252822876
2026-09-07T11:09:48.057000Z,-0.1076770201325416,8.080561637878418,3.101696252822876
2026-09-07T11:09:49.060000Z,1.2544373273849487,9.697511672973633,-2.688336133956909
2026-09-07T11:09:49.067000Z,1.2544373273849487,9.697511672973633,-2.688336133956909
2026-09-07T11:09:50.067000Z,-0.4265206456184387,8.514261245727539,6.509674072265625
2026-09-07T11:09:50.075000Z,-0.4265206456184387,8.514261245727539,6.509674072265625
2026-09-07T11:09:51.076000Z,-2.5094728469848637,12.556336402893066,-4.131208419799805
2026-09-07T11:09:51.083000Z,-2.5094728469848637,12.556336402893066,-4.131208419799805
2026-09-07T11:09:52.086000Z,-8.290532112121582,7.965706348419189,-5.764907836914063
2026-09-07T11:09:52.093000Z,-8.290532112121582,7.965706348419189,-5.764907836914063
2026-09-07T11:09:53.095000Z,-0.5312066078186035,6.318846225738525,7.205387115478516
2026-09-07T11:09:53.104000Z,-0.5312066078186035,6.318846225738525,7.205387115478516
2026-09-07T11:09:54.103000Z,-0.8291130661964417,5.877968788146973,7.384849071502685
2026-09-07T11:09:54.111000Z,-0.8291130661964417,5.877968788146973,7.384849071502685
2026-09-07T11:09:55.111000Z,-12.618550300598145,-10.870593070983888,3.961916208267212
2026-09-07T11:09:55.119000Z,-12.618550300598145,-10.870593070983888,3.961916208267212
2026-09-07T11:09:56.122000Z,-4.125226020812988,-4.719244480133057,-1.3573286533355713
2026-09-07T11:09:56.129000Z,-4.125226020812988,-4.719244480133057,-1.3573286533355713
2026-09-07T11:09:57.130000Z,-7.981259822845459,-5.804987907409668,2.169093608856201
2026-09-07T11:09:57.139000Z,-7.981259822845459,-5.804987907409668,2.169093608856201
2026-09-07T11:09:58.141000Z,-8.934800148010254,-2.998805046081543,-1.4578272104263306
2026-09-07T11:09:58.148000Z,-8.934800148010254,-2.998805046081543,-1.4578272104263306
2026-09-07T11:09:59.149000Z,-9.599406242370604,-0.6819544434547424,1.4482558965682983
2026-09-07T11:09:59.158000Z,-9.599406242370604,-0.6819544434547424,1.4482558965682983
2026-09-07T11:10:00.156000Z,-9.958928108215332,-3.301496982574463,1.2975081205368042
2026-09-07T11:10:00.167000Z,-9.958928108215332,-3.301496982574463,1.2975081205368042
2026-09-07T11:10:01.170000Z,-9.008378982543944,-5.335994720458984,3.684348583221436
2026-09-07T11:10:01.178000Z,-9.008378982543944,-5.335994720458984,3.684348583221436
2026-09-07T11:10:02.176000Z,-7.407580852508545,-3.008974552154541,1.7413766384124756
2026-09-07T11:10:02.181000Z,-7.407580852508545,-3.008974552154541,1.7413766384124756
2026-09-07T11:10:03.186000Z,-11.745768547058104,-2.048256158828736,-1.8418751955032349
2026-09-07T11:10:03.194000Z,-11.745768547058104,-2.048256158828736,-1.8418751955032349
2026-09-07T11:10:04.193000Z,-9.626325607299805,-3.3003005981445312,-0.4199403822422027
2026-09-07T11:10:04.201000Z,-9.626325607299805,-3.3003005981445312,-0.4199403822422027
2026-09-07T11:10:05.203000Z,-7.718647480010986,-5.543571949005127,1.1581261157989502
2026-09-07T11:10:05.206000Z,-7.718647480010986,-5.543571949005127,1.1581261157989502
2026-09-07T11:10:06.212000Z,-8.126026153564453,-4.622933387756348,0.5856433510780334
2026-09-07T11:10:06.220000Z,-8.126026153564453,-4.622933387756348,0.5856433510780334
2026-09-07T11:10:07.222000Z,-10.16889762878418,-4.931009292602539,-1.1359925270080566
2026-09-07T11:10:07.229000Z,-10.16889762878418,-4.931009292602539,-1.1359925270080566
2026-09-07T11:10:08.230000Z,-10.135398864746094,-3.1441688537597656,1.3304094076156616
2026-09-07T11:10:08.238000Z,-10.135398864746094,-3.1441688537597656,1.3304094076156616
2026-09-07T11:10:09.241000Z,-10.88136100769043,-5.577071189880371,1.7647067308425903
2026-09-07T11:10:09.249000Z,-10.88136100769043,-5.577071189880371,1.7647067308425903
2026-09-07T11:10:10.247000Z,-11.33360481262207,-5.483152866363525,-0.1639083474874496
2026-09-07T11:10:10.255000Z,-11.33360481262207,-5.483152866363525,-0.1639083474874496
2026-09-07T11:10:11.256000Z,-7.605587005615234,-4.518247127532959,-0.4301098585128784
2026-09-07T11:10:11.263000Z,-7.605587005615234,-4.518247127532959,-0.4301098585128784
2026-09-07T11:10:12.265000Z,-8.419146537780762,-4.653441905975342,1.953141450881958
2026-09-07T11:10:12.272000Z,-8.419146537780762,-4.653441905975342,1.953141450881958
2026-09-07T11:10:13.272000Z,-8.339585304260254,-3.620340585708618,-0.1854437589645385
2026-09-07T11:10:13.281000Z,-8.339585304260254,-3.620340585708618,-0.1854437589645385
2026-09-07T11:10:14.283000Z,-9.20159912109375,-3.9152560234069824,-0.0137587301433086
2026-09-07T11:10:14.295000Z,-9.20159912109375,-3.9152560234069824,-0.0137587301433086
2026-09-07T11:10:15.293000Z,-10.202995300292969,-4.033102512359619,0.0568295381963253
2026-09-07T11:10:15.304000Z,-10.202995300292969,-4.033102512359619,0.0568295381963253
2026-09-07T11:10:16.299000Z,-8.598608016967773,-4.542773723602295,0.5688936114311218
2026-09-07T11:10:16.306000Z,-8.598608016967773,-4.542773723602295,0.5688936114311218
2026-09-07T11:10:17.311000Z,-7.968697547912598,-4.576273441314697,1.642672777175903
2026-09-07T11:10:17.317000Z,-7.968697547912598,-4.576273441314697,1.642672777175903
2026-09-07T11:10:18.319000Z,-9.329615592956545,-3.873979806900024,1.146162033081055
2026-09-07T11:10:18.327000Z,-9.329615592956545,-3.873979806900024,1.146162033081055
2026-09-07T11:10:19.328000Z,-8.207381248474121,-3.881158351898194,0.6735795736312866
2026-09-07T11:10:19.335000Z,-8.207381248474121,-3.881158351898194,0.6735795736312866
2026-09-07T11:10:20.336000Z,-8.86062240600586,-4.545166492462158,0.125024989247322
2026-09-07T11:10:20.346000Z,-8.86062240600586,-4.545166492462158,0.125024989247322
2026-09-07T11:10:21.346000Z,-9.36012363433838,-3.449253797531128,-1.1001001596450806
2026-09-07T11:10:21.353000Z,-9.36012363433838,-3.449253797531128,-1.1001001596450806
2026-09-07T11:10:22.355000Z,-7.453044414520264,-5.096114158630371,1.544566988945007
2026-09-07T11:10:22.378000Z,-7.453044414520264,-5.096114158630371,1.544566988945007
2026-09-07T11:10:23.365000Z,-7.7180495262146,-5.405984401702881,0.7016952633857727
2026-09-07T11:10:23.374000Z,-7.7180495262146,-5.405984401702881,0.7016952633857727
2026-09-07T11:10:24.373000Z,-8.785846710205078,-4.743771076202393,0.960718274116516
2026-09-07T11:10:24.380000Z,-8.785846710205078,-4.743771076202393,0.960718274116516
2026-09-07T11:10:25.383000Z,-8.083553314208984,-4.852046012878418,-1.1270195245742798
2026-09-07T11:10:25.390000Z,-8.083553314208984,-4.852046012878418,-1.1270195245742798
2026-09-07T11:10:26.391000Z,-8.263612747192383,-5.151747226715088,1.5936198234558103
2026-09-07T11:10:26.400000Z,-8.263612747192383,-5.151747226715088,1.5936198234558103
2026-09-07T11:10:27.400000Z,-9.742975234985352,-5.740381717681885,-0.0951147004961967
2026-09-07T11:10:27.407000Z,-9.742975234985352,-5.740381717681885,-0.0951147004961967
2026-09-07T11:10:28.410000Z,-9.521040916442873,-3.5359935760498047,-1.0211371183395386
2026-09-07T11:10:28.418000Z,-9.521040916442873,-3.5359935760498047,-1.0211371183395386
2026-09-07T11:10:29.417000Z,-8.94377326965332,-3.802793502807617,2.1535403728485107
2026-09-07T11:10:29.425000Z,-8.94377326965332,-3.802793502807617,2.1535403728485107
2026-09-07T11:10:30.427000Z,-9.46301555633545,-3.5581271648406982,-0.3798605799674988
2026-09-07T11:10:30.434000Z,-9.46301555633545,-3.5581271648406982,-0.3798605799674988
2026-09-07T11:10:31.436000Z,-8.595019340515137,-4.479363918304443,1.0043872594833374
2026-09-07T11:10:31.444000Z,-8.595019340515137,-4.479363918304443,1.0043872594833374
2026-09-07T11:10:32.447000Z,-8.144570350646973,-4.936991214752197,1.0923235416412354
2026-09-07T11:10:32.454000Z,-8.144570350646973,-4.936991214752197,1.0923235416412354
2026-09-07T11:10:33.455000Z,-9.038289070129396,-5.12602424621582,1.4793626070022583
2026-09-07T11:10:33.464000Z,-9.038289070129396,-5.12602424621582,1.4793626070022583
2026-09-07T11:10:34.462000Z,-10.211968421936035,-3.2793633937835693,-0.8087740540504456
2026-09-07T11:10:34.469000Z,-10.211968421936035,-3.2793633937835693,-0.8087740540504456
2026-09-07T11:10:35.472000Z,-9.001798629760742,-3.9260237216949454,0.9720842242240906
2026-09-07T11:10:35.480000Z,-9.001798629760742,-3.9260237216949454,0.9720842242240906
2026-09-07T11:10:36.479000Z,-7.557132244110107,-5.332405090332031,1.1072787046432495
2026-09-07T11:10:36.485000Z,-7.557132244110107,-5.332405090332031,1.1072787046432495
2026-09-07T11:10:37.490000Z,-8.7445707321167,-5.2492547035217285,-0.4133601188659668
2026-09-07T11:10:37.498000Z,-8.7445707321167,-5.2492547035217285,-0.4133601188659668
2026-09-07T11:10:38.500000Z,-8.799007415771484,-4.990231513977051,-0.05204389244318
2026-09-07T11:10:38.510000Z,-8.799007415771484,-4.990231513977051,-0.05204389244318
2026-09-07T11:10:39.506000Z,-8.09671401977539,-6.034698486328125,0.390628308057785
2026-09-07T11:10:39.514000Z,-8.09671401977539,-6.034698486328125,0.390628308057785
2026-09-07T11:10:40.518000Z,-8.534600257873535,-4.548157691955566,0.2524427771568298
2026-09-07T11:10:40.527000Z,-8.534600257873535,-4.548157691955566,0.2524427771568298
2026-09-07T11:10:41.527000Z,-8.517850875854492,-5.008177757263184,-0.0634097978472709
2026-09-07T11:10:41.535000Z,-8.517850875854492,-5.008177757263184,-0.0634097978472709
2026-09-07T11:10:42.534000Z,-8.756534576416016,-5.400600910186768,0.373878538608551
2026-09-07T11:10:42.542000Z,-8.756534576416016,-5.400600910186768,0.373878538608551
2026-09-07T11:10:43.547000Z,-8.423334121704102,-5.185844898223877,-0.2153540402650833
2026-09-07T11:10:43.554000Z,-8.423334121704102,-5.185844898223877,-0.2153540402650833
2026-09-07T11:10:44.551000Z,-8.437092781066895,-5.0225348472595215,-0.1645065546035766
2026-09-07T11:10:44.558000Z,-8.437092781066895,-5.0225348472595215,-0.1645065546035766
2026-09-07T11:10:45.561000Z,-8.49452018737793,-4.826921463012695,-0.0993021428585052
2026-09-07T11:10:45.568000Z,-8.49452018737793,-4.826921463012695,-0.0993021428585052
2026-09-07T11:10:46.571000Z,-8.47477912902832,-4.960321426391602,-0.0640080049633979
2026-09-07T11:10:46.576000Z,-8.47477912902832,-4.960321426391602,-0.0640080049633979
2026-09-07T11:10:47.580000Z,-8.35453987121582,-5.151148796081543,-0.0101694958284497
2026-09-07T11:10:47.589000Z,-8.35453987121582,-5.151148796081543,-0.0101694958284497
2026-09-07T11:10:48.588000Z,-8.026723861694336,-5.178068161010742,0.3900300860404968
2026-09-07T11:10:48.597000Z,-8.026723861694336,-5.178068161010742,0.3900300860404968
2026-09-07T11:10:49.594000Z,-8.34138011932373,-5.112265586853027,0.3822534084320068
2026-09-07T11:10:49.601000Z,-8.34138011932373,-5.112265586853027,0.3822534084320068
2026-09-07T11:10:50.607000Z,-8.25404167175293,-5.002195835113525,0.0783649384975433
2026-09-07T11:10:50.611000Z,-8.25404167175293,-5.002195835113525,0.0783649384975433
2026-09-07T11:10:51.614000Z,-8.339585304260254,-5.117649555206299,0.0903290584683418
2026-09-07T11:10:51.624000Z,-8.339585304260254,-5.117649555206299,0.0903290584683418
2026-09-07T11:10:52.626000Z,-8.420941352844238,-5.026721954345703,0.0849452018737793
2026-09-07T11:10:52.633000Z,-8.420941352844238,-5.026721954345703,0.0849452018737793
2026-09-07T11:10:53.635000Z,-8.448458671569824,-4.9740800857543945,0.1800599098205566
2026-09-07T11:10:53.645000Z,-8.448458671569824,-4.9740800857543945,0.1800599098205566
2026-09-07T11:10:54.641000Z,-7.670193195343018,-5.464010715484619,0.1657029688358307
2026-09-07T11:10:54.649000Z,-7.670193195343018,-5.464010715484619,0.1657029688358307
2026-09-07T11:10:55.651000Z,-8.360522270202637,-5.414957523345947,-0.1555334776639938
2026-09-07T11:10:55.658000Z,-8.360522270202637,-5.414957523345947,-0.1555334776639938
2026-09-07T11:10:56.659000Z,-8.745766639709473,-4.264608383178711,-0.8889335989952087
2026-09-07T11:10:56.666000Z,-8.745766639709473,-4.264608383178711,-0.8889335989952087
2026-09-07T11:10:57.671000Z,-9.510273933410645,-3.960719585418701,1.1820544004440308
2026-09-07T11:10:57.678000Z,-9.510273933410645,-3.960719585418701,1.1820544004440308
2026-09-07T11:10:58.678000Z,-10.53918743133545,-2.9012975692749023,-0.537188708782196
2026-09-07T11:10:58.687000Z,-10.53918743133545,-2.9012975692749023,-0.537188708782196
2026-09-07T11:10:59.685000Z,-8.682356834411621,-4.411168575286865,-0.2267199456691742
2026-09-07T11:10:59.692000Z,-8.682356834411621,-4.411168575286865,-0.2267199456691742
2026-09-07T11:11:00.694000Z,-8.938986778259277,-3.390629768371582,0.6017948985099792
2026-09-07T11:11:00.701000Z,-8.938986778259277,-3.390629768371582,0.6017948985099792
2026-09-07T11:11:01.703000Z,-9.32004451751709,-3.455235958099365,0.1357926875352859
2026-09-07T11:11:01.712000Z,-9.32004451751709,-3.455235958099365,0.1357926875352859
2026-09-07T11:11:02.713000Z,-7.134200572967529,-3.604787349700928,-1.439282774925232
2026-09-07T11:11:02.720000Z,-7.134200572967529,-3.604787349700928,-1.439282774925232
2026-09-07T11:11:03.722000Z,-8.733802795410156,-5.565107345581055,-0.3523431420326233
2026-09-07T11:11:03.730000Z,-8.733802795410156,-5.565107345581055,-0.3523431420326233
2026-09-07T11:11:04.729000Z,-11.365309715270996,-3.426522016525269,-0.7316055297851562
2026-09-07T11:11:04.738000Z,-11.365309715270996,-3.426522016525269,-0.7316055297851562
2026-09-07T11:11:05.742000Z,-10.261619567871094,-2.1547367572784424,2.8725836277008057
2026-09-07T11:11:05.748000Z,-10.261619567871094,-2.1547367572784424,2.8725836277008057
2026-09-07T11:11:06.751000Z,-9.597013473510742,-5.163113117218018,0.8464609980583191
2026-09-07T11:11:06.757000Z,-9.597013473510742,-5.163113117218018,0.8464609980583191
2026-09-07T11:11:07.759000Z,-6.872784614562988,-5.586642742156982,-1.9316060543060305
2026-09-07T11:11:07.767000Z,-6.872784614562988,-5.586642742156982,-1.9316060543060305
2026-09-07T11:11:08.769000Z,-7.593024253845215,-5.097310543060303,1.3591232299804688
2026-09-07T11:11:08.777000Z,-7.593024253845215,-5.097310543060303,1.3591232299804688
2026-09-07T11:11:09.785000Z,-10.341180801391602,-5.2181477546691895,0.9002995491027832
2026-09-07T11:11:09.791000Z,-10.341180801391602,-5.2181477546691895,0.9002995491027832
2026-09-07T11:11:10.802000Z,-8.252845764160156,-4.115654945373535,-1.2340983152389526
2026-09-07T11:11:10.809000Z,-8.252845764160156,-4.115654945373535,-1.2340983152389526
2026-09-07T11:11:11.811000Z,-7.48056173324585,-4.724030017852783,1.2340983152389526
2026-09-07T11:11:11.819000Z,-7.48056173324585,-4.724030017852783,1.2340983152389526
2026-09-07T11:11:12.844000Z,-8.293522834777832,-4.253840446472168,-1.0456634759902954
2026-09-07T11:11:12.846000Z,-8.293522834777832,-4.253840446472168,-1.0456634759902954
2026-09-07T11:11:13.829000Z,-9.270991325378418,-3.507279872894287,0.2799602448940277
2026-09-07T11:11:13.836000Z,-9.270991325378418,-3.507279872894287,0.2799602448940277
2026-09-07T11:11:14.839000Z,-9.498309135437012,-2.516651153564453,0.6634100675582886
2026-09-07T11:11:14.846000Z,-9.498309135437012,-2.516651153564453,0.6634100675582886
2026-09-07T11:11:15.849000Z,-10.284351348876951,-1.0390832424163818,1.0929217338562012
2026-09-07T11:11:15.857000Z,-10.284351348876951,-1.0390832424163818,1.0929217338562012
2026-09-07T11:11:16.857000Z,-7.314858913421631,5.712863922119141,0.3852444589138031
2026-09-07T11:11:16.865000Z,-7.314858913421631,5.712863922119141,0.3852444589138031
2026-09-07T11:11:17.868000Z,-1.6773686408996582,7.528418064117432,6.203990936279297
2026-09-07T11:11:17.878000Z,-1.6773686408996582,7.528418064117432,6.203990936279297
2026-09-07T11:11:18.876000Z,1.2759727239608765,6.230910301208496,7.486543655395508
2026-09-07T11:11:18.887000Z,1.2759727239608765,6.230910301208496,7.486543655395508
2026-09-07T11:11:19.883000Z,-1.0618150234222412,5.362315654754639,7.929215908050537
2026-09-07T11:11:19.892000Z,-1.0618150234222412,5.362315654754639,7.929215908050537
2026-09-07T11:11:20.897000Z,3.6430723667144775,3.8398821353912354,8.660821914672852
2026-09-07T11:11:20.930000Z,3.6430723667144775,3.8398821353912354,8.660821914672852
2026-09-07T11:11:21.903000Z,2.301297187805176,3.6059837341308594,9.026923179626465
2026-09-07T11:11:21.909000Z,2.301297187805176,3.6059837341308594,9.026923179626465
2026-09-07T11:11:22.912000Z,-0.051445685327053,6.180062770843506,6.361319065093994
2026-09-07T11:11:22.918000Z,-0.051445685327053,6.180062770843506,6.361319065093994
2026-09-07T11:11:23.928000Z,0.0681954473257064,6.234499454498291,6.939185619354248
2026-09-07T11:11:23.935000Z,0.0681954473257064,6.234499454498291,6.939185619354248
2026-09-07T11:11:24.931000Z,1.412961721420288,4.764110088348389,6.558128833770752
2026-09-07T11:11:24.938000Z,1.412961721420288,4.764110088348389,6.558128833770752
2026-09-07T11:11:25.944000Z,-0.2225325107574463,5.547161102294922,7.926225185394287
2026-09-07T11:11:25.950000Z,-0.2225325107574463,5.547161102294922,7.926225185394287
2026-09-07T11:11:26.948000Z,0.5527420043945312,6.131608009338379,7.186244487762451
2026-09-07T11:11:26.955000Z,0.5527420043945312,6.131608009338379,7.186244487762451
2026-09-07T11:11:27.958000Z,0.1908276081085205,6.206982135772705,7.274180889129639
2026-09-07T11:11:27.964000Z,0.1908276081085205,6.206982135772705,7.274180889129639
2026-09-07T11:11:28.967000Z,1.0516455173492432,5.136193752288818,8.333602905273438
2026-09-07T11:11:28.974000Z,1.0516455173492432,5.136193752288818,8.333602905273438
2026-09-07T11:11:29.976000Z,-0.5258227586746216,5.08654260635376,8.0291166305542
2026-09-07T11:11:29.982000Z,-0.5258227586746216,5.08654260635376,8.0291166305542
2026-09-07T11:11:30.988000Z,0.7423732280731201,5.533402442932129,6.957131862640381
2026-09-07T11:11:30.993000Z,0.7423732280731201,5.533402442932129,6.957131862640381
2026-09-07T11:11:31.993000Z,-1.0582258701324463,6.881757736206055,7.045068264007568
2026-09-07T11:11:32.000000Z,-1.0582258701324463,6.881757736206055,7.045068264007568
2026-09-07T11:11:33.002000Z,0.6221339106559753,7.456633567810059,6.663413047790527
2026-09-07T11:11:33.008000Z,0.6221339106559753,7.456633567810059,6.663413047790527
2026-09-07T11:11:34.011000Z,0.3014956414699554,6.640681266784668,8.02074146270752
2026-09-07T11:11:34.018000Z,0.3014956414699554,6.640681266784668,8.02074146270752
2026-09-07T11:11:35.022000Z,0.1686939895153045,5.950351715087891,7.952546119689941
2026-09-07T11:11:35.029000Z,0.1686939895153045,5.950351715087891,7.952546119689941
2026-09-07T11:11:36.031000Z,0.7316055297851562,4.835296154022217,7.194619655609131
2026-09-07T11:11:36.038000Z,0.7316055297851562,4.835296154022217,7.194619655609131
2026-09-07T11:11:37.039000Z,-1.441077470779419,5.955137252807617,8.327621459960938
2026-09-07T11:11:37.046000Z,-1.441077470779419,5.955137252807617,8.327621459960938
2026-09-07T11:11:38.049000Z,1.303490161895752,5.325226783752441,8.809176445007324
2026-09-07T11:11:38.055000Z,1.303490161895752,5.325226783752441,8.809176445007324
2026-09-07T11:11:39.057000Z,0.0197407864034175,5.950950145721436,8.374878883361816
2026-09-07T11:11:39.063000Z,0.0197407864034175,5.950950145721436,8.374878883361816
2026-09-07T11:11:40.068000Z,1.0241280794143677,5.813961029052734,7.526623725891113
2026-09-07T11:11:40.078000Z,1.0241280794143677,5.813961029052734,7.526623725891113
2026-09-07T11:11:41.074000Z,-1.222732424736023,5.706881999969482,8.146963119506836
2026-09-07T11:11:41.081000Z,-1.222732424736023,5.706881999969482,8.146963119506836
2026-09-07T11:11:42.082000Z,1.4398809671401978,5.741578102111816,8.650053977966309
2026-09-07T11:11:42.089000Z,1.4398809671401978,5.741578102111816,8.650053977966309
2026-09-07T11:11:43.093000Z,-1.4195420742034912,4.444668292999268,8.851649284362793
2026-09-07T11:11:43.098000Z,-1.4195420742034912,4.444668292999268,8.851649284362793
2026-09-07T11:11:44.107000Z,0.3756731450557709,5.344967365264893,8.556734085083008
2026-09-07T11:11:44.113000Z,0.3756731450557709,5.344967365264893,8.556734085083008
2026-09-07T11:11:45.111000Z,0.023330021649599,3.7435710430145264,7.858029365539551
2026-09-07T11:11:45.117000Z,0.023330021649599,3.7435710430145264,7.858029365539551
2026-09-07T11:11:46.122000Z,-1.3848460912704468,4.878965377807617,8.496912956237793
2026-09-07T11:11:46.128000Z,-1.3848460912704468,4.878965377807617,8.496912956237793
2026-09-07T11:11:47.130000Z,0.7417750358581543,4.9154558181762695,8.347960472106934
2026-09-07T11:11:47.135000Z,0.7417750358581543,4.9154558181762695,8.347960472106934
2026-09-07T11:11:48.138000Z,-0.122033953666687,5.614758491516113,7.948956966400146
2026-09-07T11:11:48.145000Z,-0.122033953666687,5.614758491516113,7.948956966400146
2026-09-07T11:11:49.147000Z,-1.877767562866211,4.010969161987305,6.57966423034668
2026-09-07T11:11:49.153000Z,-1.877767562866211,4.010969161987305,6.57966423034668
2026-09-07T11:11:50.157000Z,-0.6095715761184692,3.55214524269104,6.897311210632324
2026-09-07T11:11:50.163000Z,-0.6095715761184692,3.55214524269104,6.897311210632324
2026-09-07T11:11:51.165000Z,2.4951157569885254,-0.1471585929393768,11.826525688171388
2026-09-07T11:11:51.172000Z,2.4951157569885254,-0.1471585929393768,11.826525688171388
2026-09-07T11:11:52.175000Z,1.5284154415130615,-0.2656033039093017,9.923035621643066
2026-09-07T11:11:52.182000Z,1.5284154415130615,-0.2656033039093017,9.923035621643066
2026-09-07T11:11:53.185000Z,0.5533402562141418,1.4171491861343384,10.634900093078612
2026-09-07T11:11:53.193000Z,0.5533402562141418,1.4171491861343384,10.634900093078612
2026-09-07T11:11:54.192000Z,-1.6462619304656982,3.693321704864502,11.06082248687744
2026-09-07T11:11:54.199000Z,-1.6462619304656982,3.693321704864502,11.06082248687744
2026-09-07T11:11:55.202000Z,-1.5355939865112305,3.881158351898194,9.596415519714355
2026-09-07T11:11:55.209000Z,-1.5355939865112305,3.881158351898194,9.596415519714355
2026-09-07T11:11:56.210000Z,-0.0562313310801982,6.3499531745910645,9.046664237976074
2026-09-07T11:11:56.218000Z,-0.0562313310801982,6.3499531745910645,9.046664237976074
2026-09-07T11:11:57.219000Z,-1.170688509941101,4.83888578414917,7.375277519226074
2026-09-07T11:11:57.225000Z,-1.170688509941101,4.83888578414917,7.375277519226074
2026-09-07T11:11:58.233000Z,0.0538385100662708,4.420739650726318,8.688937187194824
2026-09-07T11:11:58.242000Z,0.0538385100662708,4.420739650726318,8.688937187194824
2026-09-07T11:11:59.237000Z,-0.9631111025810242,5.119443893432617,8.209176063537598
2026-09-07T11:11:59.244000Z,-0.9631111025810242,5.119443893432617,8.209176063537598
2026-09-07T11:12:00.247000Z,0.9732806086540222,5.151148796081543,8.655437469482422
2026-09-07T11:12:00.254000Z,0.9732806086540222,5.151148796081543,8.655437469482422
2026-09-07T11:12:01.255000Z,-1.197009563446045,6.2500529289245605,8.95513916015625
2026-09-07T11:12:01.262000Z,-1.197009563446045,6.2500529289245605,8.95513916015625
2026-09-07T11:12:02.264000Z,0.4049852192401886,5.085944652557373,6.44686222076416
2026-09-07T11:12:02.272000Z,0.4049852192401886,5.085944652557373,6.44686222076416
2026-09-07T11:12:03.274000Z,0.1680957973003387,2.3712873458862305,13.596616744995115
2026-09-07T11:12:03.281000Z,0.1680957973003387,2.3712873458862305,13.596616744995115
2026-09-07T11:12:04.284000Z,-1.2592228651046753,7.902296543121338,7.677371501922607
2026-09-07T11:12:04.291000Z,-1.2592228651046753,7.902296543121338,7.677371501922607
2026-09-07T11:12:05.291000Z,-2.687737941741944,6.591628074645996,6.16391134262085
2026-09-07T11:12:05.299000Z,-2.687737941741944,6.591628074645996,6.16391134262085
2026-09-07T11:12:06.301000Z,0.5886343717575073,5.003990173339844,11.486146926879885
2026-09-07T11:12:06.308000Z,0.5886343717575073,5.003990173339844,11.486146926879885
2026-09-07T11:12:07.308000Z,-0.382851630449295,4.47697114944458,8.954540252685547
2026-09-07T11:12:07.312000Z,-0.382851630449295,4.47697114944458,8.954540252685547
2026-09-07T11:12:08.319000Z,-2.2947168350219727,4.977071285247803,8.732605934143066
2026-09-07T11:12:08.322000Z,-2.2947168350219727,4.977071285247803,8.732605934143066
2026-09-07T11:12:09.329000Z,1.3459627628326416,3.7770705223083496,7.901698589324951
2026-09-07T11:12:09.335000Z,1.3459627628326416,3.7770705223083496,7.901698589324951
2026-09-07T11:12:10.337000Z,-0.6933203339576721,2.550748825073242,10.156335830688477
2026-09-07T11:12:10.344000Z,-0.6933203339576721,2.550748825073242,10.156335830688477
2026-09-07T11:12:11.347000Z,0.4229314029216766,-1.414756417274475,9.397212982177734
2026-09-07T11:12:11.354000Z,0.4229314029216766,-1.414756417274475,9.397212982177734
2026-09-07T11:12:12.356000Z,1.937588095664978,-2.0919251441955566,8.364709854125977
2026-09-07T11:12:12.363000Z,1.937588095664978,-2.0919251441955566,8.364709854125977
2026-09-07T11:12:13.365000Z,0.0616151839494705,0.1878365725278854,9.78963565826416
2026-09-07T11:12:13.371000Z,0.0616151839494705,0.1878365725278854,9.78963565826416
2026-09-07T11:12:14.373000Z,0.0664008259773254,0.1932204216718673,9.78963565826416
2026-09-07T11:12:14.380000Z,0.0664008259773254,0.1932204216718673,9.78963565826416
2026-09-07T11:12:15.383000Z,0.0664008259773254,0.1836491376161575,9.784850120544434
2026-09-07T11:12:15.391000Z,0.0664008259773254,0.1836491376161575,9.784850120544434
2026-09-07T11:12:16.391000Z,0.05204389244318,0.1830509305000305,9.784850120544434
2026-09-07T11:12:16.397000Z,0.05204389244318,0.1830509305000305,9.784850120544434
2026-09-07T11:12:17.401000Z,0.0610169768333435,0.1932204216718673,9.77527904510498
2026-09-07T11:12:17.409000Z,0.0610169768333435,0.1932204216718673,9.77527904510498
2026-09-07T11:12:18.410000Z,0.0616151839494705,0.1932204216718673,9.794421195983888
2026-09-07T11:12:18.418000Z,0.0616151839494705,0.1932204216718673,9.794421195983888
2026-09-07T11:12:19.418000Z,0.0801595598459243,0.1980060786008834,9.789037704467772
2026-09-07T11:12:19.425000Z,0.0801595598459243,0.1980060786008834,9.789037704467772
2026-09-07T11:12:20.430000Z,0.065802626311779,0.1974078714847564,9.774680137634276
2026-09-07T11:12:20.438000Z,0.065802626311779,0.1974078714847564,9.774680137634276
2026-09-07T11:12:21.437000Z,0.0801595598459243,0.1932204216718673,9.779465675354004
2026-09-07T11:12:21.443000Z,0.0801595598459243,0.1932204216718673,9.779465675354004
2026-09-07T11:12:22.448000Z,0.065802626311779,0.1932204216718673,9.780064582824709
2026-09-07T11:12:22.455000Z,0.065802626311779,0.1932204216718673,9.780064582824709
2026-09-07T11:12:23.455000Z,0.0711864754557609,0.1884347796440124,9.78963565826416
2026-09-07T11:12:23.461000Z,0.0711864754557609,0.1884347796440124,9.78963565826416
2026-09-07T11:12:24.464000Z,0.0711864754557609,0.1836491376161575,9.794421195983888
2026-09-07T11:12:24.471000Z,0.0711864754557609,0.1836491376161575,9.794421195983888
2026-09-07T11:12:25.474000Z,0.0753739103674888,0.1980060786008834,9.77527904510498
2026-09-07T11:12:25.479000Z,0.0753739103674888,0.1980060786008834,9.77527904510498
2026-09-07T11:12:26.482000Z,0.0807577669620513,0.1932204216718673,9.789037704467772
2026-09-07T11:12:26.488000Z,0.0807577669620513,0.1932204216718673,9.789037704467772
2026-09-07T11:12:27.492000Z,0.0705882683396339,0.1884347796440124,9.770493507385254
2026-09-07T11:12:27.498000Z,0.0705882683396339,0.1884347796440124,9.770493507385254
2026-09-07T11:12:28.501000Z,0.0705882683396339,0.1884347796440124,9.780064582824709
2026-09-07T11:12:28.508000Z,0.0705882683396339,0.1884347796440124,9.780064582824709
2026-09-07T11:12:29.508000Z,0.6801598072052002,0.1806581169366836,9.637093544006348
2026-09-07T11:12:29.514000Z,0.6801598072052002,0.1806581169366836,9.637093544006348
2026-09-07T11:12:30.517000Z,0.05204389244318,0.1932204216718673,9.799206733703612
2026-09-07T11:12:30.523000Z,0.05204389244318,0.1932204216718673,9.799206733703612
2026-09-07T11:12:31.528000Z,-0.0197407864034175,0.1830509305000305,9.795019149780272
2026-09-07T11:12:31.534000Z,-0.0197407864034175,0.1830509305000305,9.795019149780272
2026-09-07T11:12:32.536000Z,0.6819544434547424,-0.0251246374100446,9.77826976776123
2026-09-07T11:12:32.543000Z,,-0.0251246374100446,
2026-09-07T11:12:33.546000Z,,0.1926222294569015,
